{
"type": "FeatureCollection",
"name": "DATOS_GEN_y_REFERENCIAS",
"features": [
{ "type": "Feature", "properties": { "ID": 8, "DEPTO": "Cochabamba", "COD_DEPTO": 30000, "RED_SALUD": "Aiquile", "COD_RED_SAL": 3011, "MUNICIPIO": "Aiquile", "COD_MUNI": 30201, "NOM_EESS": "Hospital Carmen Lopez", "COD_EESS": 300087, "NIVEL_RES": "2do", "TIPO_EESS": "Hospital Segundo Nivel", "POB_ASIG": 28275, "EESS_REF": "Hospital Punata \"Manuel A.Villarroel\" - 2do Nvl.", "COD_ES_REF": 300378, "TIPO_ACC_REF": "Terrestre ", "DIST_REF": "150 Km", "TIEMPO_REF": "2 Hrs. 30 min.", "FISIO_REF": "Ninguna ", "EESS_REF2": "Hospital Santa Barbara (Sucre) - 3er Nvl.", "COD_ES_RF2": 100030, "TIPACC_REF2": "Terrestre", "DIST_REF2": "154 Km", "TIEMPOREF2": "2 Hrs. 15 min.", "FISIO_REF2": "Ninguna ", "EESS_REF3": "Complejo Hospitalario CBBA - 3er Nvl.", "COD_ES_RF3": 300070, "TIPACC_REF3": "Terrestre", "DIST_REF3": "205 Km", "TIEMPOREF3": "3 Hrs. 30 min.", "FISIO_REF3": "Ninguna " }, "geometry": null },
{ "type": "Feature", "properties": { "ID": 3, "DEPTO": "Cochabamba", "COD_DEPTO": 30000, "RED_SALUD": "Aiquile", "COD_RED_SAL": 3011, "MUNICIPIO": "Aiquile", "COD_MUNI": 30201, "NOM_EESS": "CScI. Estanzuelas", "COD_EESS": 300090, "NIVEL_RES": "1er", "TIPO_EESS": "C.S. con Internacion", "POB_ASIG": 445, "EESS_REF": "Hospital Carmen Lopez - 2do Nvl.", "COD_ES_REF": 300087, "TIPO_ACC_REF": "Terrestre ", "DIST_REF": "57 Km", "TIEMPO_REF": "1 Hra. 30 min. ", "FISIO_REF": "Rios, Montaña", "EESS_REF2": null, "COD_ES_RF2": 0, "TIPACC_REF2": null, "DIST_REF2": null, "TIEMPOREF2": null, "FISIO_REF2": null, "EESS_REF3": null, "COD_ES_RF3": 0, "TIPACC_REF3": null, "DIST_REF3": null, "TIEMPOREF3": null, "FISIO_REF3": null }, "geometry": null },
{ "type": "Feature", "properties": { "ID": 4, "DEPTO": "Cochabamba", "COD_DEPTO": 30000, "RED_SALUD": "Aiquile", "COD_RED_SAL": 3011, "MUNICIPIO": "Aiquile", "COD_MUNI": 30201, "NOM_EESS": "CScI. Lagarpampa", "COD_EESS": 300091, "NIVEL_RES": "1er", "TIPO_EESS": "C.S. con Internacion", "POB_ASIG": 580, "EESS_REF": "Hospital Carmen Lopez - 2do Nvl.", "COD_ES_REF": 300087, "TIPO_ACC_REF": "Terrestre", "DIST_REF": "65 Km", "TIEMPO_REF": "1 Hra. 30 min.", "FISIO_REF": "Rio, Quebrada", "EESS_REF2": null, "COD_ES_RF2": 0, "TIPACC_REF2": null, "DIST_REF2": null, "TIEMPOREF2": null, "FISIO_REF2": null, "EESS_REF3": null, "COD_ES_RF3": 0, "TIPACC_REF3": null, "DIST_REF3": null, "TIEMPOREF3": null, "FISIO_REF3": null }, "geometry": null },
{ "type": "Feature", "properties": { "ID": 5, "DEPTO": "Cochabamba", "COD_DEPTO": 30000, "RED_SALUD": "Aiquile", "COD_RED_SAL": 3011, "MUNICIPIO": "Aiquile", "COD_MUNI": 30201, "NOM_EESS": "CScI. Mataral", "COD_EESS": 300092, "NIVEL_RES": "1er", "TIPO_EESS": "C.S. con Internacion", "POB_ASIG": 319, "EESS_REF": "Hospital Carmen Lopez - 2do Nvl.", "COD_ES_REF": 300087, "TIPO_ACC_REF": "Terrestre ", "DIST_REF": "54 Km", "TIEMPO_REF": "1 Hra.", "FISIO_REF": "Rios", "EESS_REF2": null, "COD_ES_RF2": 0, "TIPACC_REF2": null, "DIST_REF2": null, "TIEMPOREF2": null, "FISIO_REF2": null, "EESS_REF3": null, "COD_ES_RF3": 0, "TIPACC_REF3": null, "DIST_REF3": null, "TIEMPOREF3": null, "FISIO_REF3": null }, "geometry": null },
{ "type": "Feature", "properties": { "ID": 6, "DEPTO": "Cochabamba", "COD_DEPTO": 30000, "RED_SALUD": "Aiquile", "COD_RED_SAL": 3011, "MUNICIPIO": "Aiquile", "COD_MUNI": 30201, "NOM_EESS": "CScI. Quiroga", "COD_EESS": 300093, "NIVEL_RES": "1er", "TIPO_EESS": "C.S. con Internacion", "POB_ASIG": 1350, "EESS_REF": "Hospital Carmen Lopez - 2do Nvl.", "COD_ES_REF": 300087, "TIPO_ACC_REF": "Terrestre", "DIST_REF": "27 Km", "TIEMPO_REF": "45 min..", "FISIO_REF": "Ninguna ", "EESS_REF2": null, "COD_ES_RF2": 0, "TIPACC_REF2": null, "DIST_REF2": null, "TIEMPOREF2": null, "FISIO_REF2": null, "EESS_REF3": null, "COD_ES_RF3": 0, "TIPACC_REF3": null, "DIST_REF3": null, "TIEMPOREF3": null, "FISIO_REF3": null }, "geometry": null },
{ "type": "Feature", "properties": { "ID": 7, "DEPTO": "Cochabamba", "COD_DEPTO": 30000, "RED_SALUD": "Aiquile", "COD_RED_SAL": 3011, "MUNICIPIO": "Aiquile", "COD_MUNI": 30201, "NOM_EESS": "CScI. Villa Granado", "COD_EESS": 300094, "NIVEL_RES": "1er", "TIPO_EESS": "C.S. con Internacion", "POB_ASIG": 1790, "EESS_REF": "Hospital Carmen Lopez - 2do Nvl.", "COD_ES_REF": 300087, "TIPO_ACC_REF": "Terrestre", "DIST_REF": "27 Km", "TIEMPO_REF": "45 min. ", "FISIO_REF": "Ninguna ", "EESS_REF2": null, "COD_ES_RF2": 0, "TIPACC_REF2": null, "DIST_REF2": null, "TIEMPOREF2": null, "FISIO_REF2": null, "EESS_REF3": null, "COD_ES_RF3": 0, "TIPACC_REF3": null, "DIST_REF3": null, "TIEMPOREF3": null, "FISIO_REF3": null }, "geometry": null },
{ "type": "Feature", "properties": { "ID": 18, "DEPTO": "Cochabamba", "COD_DEPTO": 30000, "RED_SALUD": "Aiquile", "COD_RED_SAL": 3011, "MUNICIPIO": "Pasorapa", "COD_MUNI": 30202, "NOM_EESS": "CScI. Pasorapa", "COD_EESS": 300095, "NIVEL_RES": "1er", "TIPO_EESS": "C.S. con Internacion", "POB_ASIG": 1628, "EESS_REF": "Hospital Carmen Lopez - 2do Nvl.", "COD_ES_REF": 300087, "TIPO_ACC_REF": "Terrestre", "DIST_REF": "92 Km", "TIEMPO_REF": "2 Hrs. 30 min.", "FISIO_REF": "Cerros y Rios", "EESS_REF2": "Hospital Punata \"Manuel A.Villarroel\" - 2do Nvl.", "COD_ES_RF2": 300378, "TIPACC_REF2": "Terrestre", "DIST_REF2": "238 Km", "TIEMPOREF2": "5 Hrs. 20 min.", "FISIO_REF2": "Cerros y Rios", "EESS_REF3": "Hospital Viedma - 3er Nvl.", "COD_ES_RF3": 300070, "TIPACC_REF3": "Terrestre", "DIST_REF3": "290 Km", "TIEMPOREF3": "6 Hrs.", "FISIO_REF3": "Cerros y Rios" }, "geometry": null },
{ "type": "Feature", "properties": { "ID": 19, "DEPTO": "Cochabamba", "COD_DEPTO": 30000, "RED_SALUD": "Aiquile", "COD_RED_SAL": 3011, "MUNICIPIO": "Pasorapa", "COD_MUNI": 30202, "NOM_EESS": "CScI. Quinori", "COD_EESS": 300096, "NIVEL_RES": "1er", "TIPO_EESS": "C.S. con Internacion", "POB_ASIG": 410, "EESS_REF": "CScI. Pasorapa - 1er Nvl.", "COD_ES_REF": 300095, "TIPO_ACC_REF": "Terrestre", "DIST_REF": "97 Km", "TIEMPO_REF": "2 Hrs.", "FISIO_REF": "Cerros", "EESS_REF2": null, "COD_ES_RF2": 0, "TIPACC_REF2": null, "DIST_REF2": null, "TIEMPOREF2": null, "FISIO_REF2": null, "EESS_REF3": null, "COD_ES_RF3": 0, "TIPACC_REF3": null, "DIST_REF3": null, "TIEMPOREF3": null, "FISIO_REF3": null }, "geometry": null },
{ "type": "Feature", "properties": { "ID": 20, "DEPTO": "Cochabamba", "COD_DEPTO": 30000, "RED_SALUD": "Aiquile", "COD_RED_SAL": 3011, "MUNICIPIO": "Pasorapa", "COD_MUNI": 30202, "NOM_EESS": "CScI. Seibas", "COD_EESS": 300097, "NIVEL_RES": "1er", "TIPO_EESS": "C.S. con Internacion", "POB_ASIG": 200, "EESS_REF": "CScI. Pasorapa - 1er Nvl.", "COD_ES_REF": 300095, "TIPO_ACC_REF": "Terrestre", "DIST_REF": "32 Km", "TIEMPO_REF": "1 Hra.", "FISIO_REF": "Cerros", "EESS_REF2": null, "COD_ES_RF2": 0, "TIPACC_REF2": null, "DIST_REF2": null, "TIEMPOREF2": null, "FISIO_REF2": null, "EESS_REF3": null, "COD_ES_RF3": 0, "TIPACC_REF3": null, "DIST_REF3": null, "TIEMPOREF3": null, "FISIO_REF3": null }, "geometry": null },
{ "type": "Feature", "properties": { "ID": 17, "DEPTO": "Cochabamba", "COD_DEPTO": 30000, "RED_SALUD": "Aiquile", "COD_RED_SAL": 3011, "MUNICIPIO": "Omereque", "COD_MUNI": 30203, "NOM_EESS": "PS. Ele Ele", "COD_EESS": 300098, "NIVEL_RES": "1er", "TIPO_EESS": "Puesto de Salud", "POB_ASIG": 300, "EESS_REF": "CScI. Omereque - 1er Nvl.", "COD_ES_REF": 300099, "TIPO_ACC_REF": "Terrestre", "DIST_REF": "20 Km", "TIEMPO_REF": "20 min.", "FISIO_REF": "Lluvias", "EESS_REF2": null, "COD_ES_RF2": 0, "TIPACC_REF2": null, "DIST_REF2": null, "TIEMPOREF2": null, "FISIO_REF2": null, "EESS_REF3": null, "COD_ES_RF3": 0, "TIPACC_REF3": null, "DIST_REF3": null, "TIEMPOREF3": null, "FISIO_REF3": null }, "geometry": null },
{ "type": "Feature", "properties": { "ID": 14, "DEPTO": "Cochabamba", "COD_DEPTO": 30000, "RED_SALUD": "Aiquile", "COD_RED_SAL": 3011, "MUNICIPIO": "Omereque", "COD_MUNI": 30203, "NOM_EESS": "CScI. Omereque", "COD_EESS": 300099, "NIVEL_RES": "1er", "TIPO_EESS": "C.S. con Internacion", "POB_ASIG": 2032, "EESS_REF": "Hospital Carmen Lopez - 2do Nvl.", "COD_ES_REF": 300087, "TIPO_ACC_REF": "Terrestre", "DIST_REF": "52 Km", "TIEMPO_REF": "1 Hra. 15 min.", "FISIO_REF": "Cerros y Rios", "EESS_REF2": "Hospital Punata \"Manuel A.Villarroel\" - 2do Nvl.", "COD_ES_RF2": 300378, "TIPACC_REF2": "Terrestre", "DIST_REF2": "205 Km", "TIEMPOREF2": "3 Hrs. 20 min.", "FISIO_REF2": "Cerros y Rios", "EESS_REF3": "Hospital Viedma - 3er Nvl.", "COD_ES_RF3": 300070, "TIPACC_REF3": "Terrestre", "DIST_REF3": "250 Km", "TIEMPOREF3": "4 Hrs. 30 min.", "FISIO_REF3": "Cerros y Rios" }, "geometry": null },
{ "type": "Feature", "properties": { "ID": 28, "DEPTO": "Cochabamba", "COD_DEPTO": 30000, "RED_SALUD": "Independencia", "COD_RED_SAL": 3013, "MUNICIPIO": "Independencia", "COD_MUNI": 30301, "NOM_EESS": "PS. Aramani", "COD_EESS": 300100, "NIVEL_RES": "1er", "TIPO_EESS": "Puesto de Salud", "POB_ASIG": 472, "EESS_REF": "Hospital Kami - 2do Nvl.", "COD_ES_REF": 300109, "TIPO_ACC_REF": "Terrestre", "DIST_REF": "40 Km", "TIEMPO_REF": "2 Hrs. 30 min.", "FISIO_REF": "Carretera Resvalos y Derrumbes Epoca de Lluvia", "EESS_REF2": null, "COD_ES_RF2": 0, "TIPACC_REF2": null, "DIST_REF2": null, "TIEMPOREF2": null, "FISIO_REF2": null, "EESS_REF3": null, "COD_ES_RF3": 0, "TIPACC_REF3": null, "DIST_REF3": null, "TIEMPOREF3": null, "FISIO_REF3": null }, "geometry": null },
{ "type": "Feature", "properties": { "ID": 23, "DEPTO": "Cochabamba", "COD_DEPTO": 30000, "RED_SALUD": "Independencia", "COD_RED_SAL": 3013, "MUNICIPIO": "Independencia", "COD_MUNI": 30301, "NOM_EESS": "CSA. Calchani", "COD_EESS": 300101, "NIVEL_RES": "1er", "TIPO_EESS": "C.S. Ambulatorio", "POB_ASIG": 1615, "EESS_REF": "Hospital Kami - 2do Nvl.", "COD_ES_REF": 300109, "TIPO_ACC_REF": "Terrestre", "DIST_REF": "50 Km", "TIEMPO_REF": "2 Hrs. 30 min.", "FISIO_REF": "En Epoca de Lluvia Carretera se vuelve resbaloso", "EESS_REF2": null, "COD_ES_RF2": 0, "TIPACC_REF2": null, "DIST_REF2": null, "TIEMPOREF2": null, "FISIO_REF2": null, "EESS_REF3": null, "COD_ES_RF3": 0, "TIPACC_REF3": null, "DIST_REF3": null, "TIEMPOREF3": null, "FISIO_REF3": null }, "geometry": null },
{ "type": "Feature", "properties": { "ID": 29, "DEPTO": "Cochabamba", "COD_DEPTO": 30000, "RED_SALUD": "Independencia", "COD_RED_SAL": 3013, "MUNICIPIO": "Independencia", "COD_MUNI": 30301, "NOM_EESS": "PS. Cantumarca", "COD_EESS": 300102, "NIVEL_RES": "1er", "TIPO_EESS": "Puesto de Salud", "POB_ASIG": 1069, "EESS_REF": "CScI. San Juan de Dios - 1er Nvl.", "COD_ES_REF": 300108, "TIPO_ACC_REF": "Terrestre", "DIST_REF": "45 Km", "TIEMPO_REF": "1 Hra. 30 min.", "FISIO_REF": "Derrumbes en Carretera en Epoca de Lluvia", "EESS_REF2": null, "COD_ES_RF2": 0, "TIPACC_REF2": null, "DIST_REF2": null, "TIEMPOREF2": null, "FISIO_REF2": null, "EESS_REF3": null, "COD_ES_RF3": 0, "TIPACC_REF3": null, "DIST_REF3": null, "TIEMPOREF3": null, "FISIO_REF3": null }, "geometry": null },
{ "type": "Feature", "properties": { "ID": 31, "DEPTO": "Cochabamba", "COD_DEPTO": 30000, "RED_SALUD": "Independencia", "COD_RED_SAL": 3013, "MUNICIPIO": "Independencia", "COD_MUNI": 30301, "NOM_EESS": "PS. Charahuayto", "COD_EESS": 300103, "NIVEL_RES": "1er", "TIPO_EESS": "Puesto de Salud", "POB_ASIG": 1106, "EESS_REF": "Hospital Kami - 2do Nvl.", "COD_ES_REF": 300109, "TIPO_ACC_REF": "Terrestre", "DIST_REF": "20 Km", "TIEMPO_REF": "45 min.", "FISIO_REF": "Derrumbes en Carretera", "EESS_REF2": null, "COD_ES_RF2": 0, "TIPACC_REF2": null, "DIST_REF2": null, "TIEMPOREF2": null, "FISIO_REF2": null, "EESS_REF3": null, "COD_ES_RF3": 0, "TIPACC_REF3": null, "DIST_REF3": null, "TIEMPOREF3": null, "FISIO_REF3": null }, "geometry": null },
{ "type": "Feature", "properties": { "ID": 32, "DEPTO": "Cochabamba", "COD_DEPTO": 30000, "RED_SALUD": "Independencia", "COD_RED_SAL": 3013, "MUNICIPIO": "Independencia", "COD_MUNI": 30301, "NOM_EESS": "PS. Charapaya", "COD_EESS": 300104, "NIVEL_RES": "1er", "TIPO_EESS": "Puesto de Salud", "POB_ASIG": 727, "EESS_REF": "Hospital Kami - 2do Nvl.", "COD_ES_REF": 300109, "TIPO_ACC_REF": "Terrestre", "DIST_REF": "35 Km", "TIEMPO_REF": "1 Hra. 30 min.", "FISIO_REF": "En Epoca de Lluvia Carretera Existen Derrumbes", "EESS_REF2": null, "COD_ES_RF2": 0, "TIPACC_REF2": null, "DIST_REF2": null, "TIEMPOREF2": null, "FISIO_REF2": null, "EESS_REF3": null, "COD_ES_RF3": 0, "TIPACC_REF3": null, "DIST_REF3": null, "TIEMPOREF3": null, "FISIO_REF3": null }, "geometry": null },
{ "type": "Feature", "properties": { "ID": 33, "DEPTO": "Cochabamba", "COD_DEPTO": 30000, "RED_SALUD": "Independencia", "COD_RED_SAL": 3013, "MUNICIPIO": "Independencia", "COD_MUNI": 30301, "NOM_EESS": "PS. Chuchuwani", "COD_EESS": 300105, "NIVEL_RES": "1er", "TIPO_EESS": "Puesto de Salud", "POB_ASIG": 1308, "EESS_REF": "CScI. San Juan de Dios - 1er Nvl.", "COD_ES_REF": 300108, "TIPO_ACC_REF": "Terrestre", "DIST_REF": "30 Km", "TIEMPO_REF": "1 Hra.", "FISIO_REF": "Derrumbes en Carretera en Epoca de Lluvia", "EESS_REF2": null, "COD_ES_RF2": 0, "TIPACC_REF2": null, "DIST_REF2": null, "TIEMPOREF2": null, "FISIO_REF2": null, "EESS_REF3": null, "COD_ES_RF3": 0, "TIPACC_REF3": null, "DIST_REF3": null, "TIEMPOREF3": null, "FISIO_REF3": null }, "geometry": null },
{ "type": "Feature", "properties": { "ID": 34, "DEPTO": "Cochabamba", "COD_DEPTO": 30000, "RED_SALUD": "Independencia", "COD_RED_SAL": 3013, "MUNICIPIO": "Independencia", "COD_MUNI": 30301, "NOM_EESS": "PS. Cotani", "COD_EESS": 300106, "NIVEL_RES": "1er", "TIPO_EESS": "Puesto de Salud", "POB_ASIG": 738, "EESS_REF": "Hospital Kami - 2do Nvl.", "COD_ES_REF": 300109, "TIPO_ACC_REF": "Terrestre", "DIST_REF": "59 Km", "TIEMPO_REF": "2 Hrs. 30 min.", "FISIO_REF": "En Epoca de Lluvia Carretera se vuelve resbaloso", "EESS_REF2": null, "COD_ES_RF2": 0, "TIPACC_REF2": null, "DIST_REF2": null, "TIEMPOREF2": null, "FISIO_REF2": null, "EESS_REF3": null, "COD_ES_RF3": 0, "TIPACC_REF3": null, "DIST_REF3": null, "TIEMPOREF3": null, "FISIO_REF3": null }, "geometry": null },
{ "type": "Feature", "properties": { "ID": 35, "DEPTO": "Cochabamba", "COD_DEPTO": 30000, "RED_SALUD": "Independencia", "COD_RED_SAL": 3013, "MUNICIPIO": "Independencia", "COD_MUNI": 30301, "NOM_EESS": "PS. Huancarani", "COD_EESS": 300107, "NIVEL_RES": "1er", "TIPO_EESS": "Puesto de Salud", "POB_ASIG": 457, "EESS_REF": "CScI. San Juan de Dios - 1er Nvl.", "COD_ES_REF": 300108, "TIPO_ACC_REF": "Terrestre", "DIST_REF": "30 Km", "TIEMPO_REF": "1 Hra. 15 min.", "FISIO_REF": "Derrumbes en Carretera en Epoca de Lluvia", "EESS_REF2": null, "COD_ES_RF2": 0, "TIPACC_REF2": null, "DIST_REF2": null, "TIEMPOREF2": null, "FISIO_REF2": null, "EESS_REF3": null, "COD_ES_RF3": 0, "TIPACC_REF3": null, "DIST_REF3": null, "TIEMPOREF3": null, "FISIO_REF3": null }, "geometry": null },
{ "type": "Feature", "properties": { "ID": 25, "DEPTO": "Cochabamba", "COD_DEPTO": 30000, "RED_SALUD": "Independencia", "COD_RED_SAL": 3013, "MUNICIPIO": "Independencia", "COD_MUNI": 30301, "NOM_EESS": "CScI. San Juan de Dios", "COD_EESS": 300108, "NIVEL_RES": "1er", "TIPO_EESS": "C.S. con Internacion", "POB_ASIG": 4298, "EESS_REF": "Hospital Dr. Benigno Sanchez - 2do Nvl.", "COD_ES_REF": 300213, "TIPO_ACC_REF": "Terrestre", "DIST_REF": "130 Km", "TIEMPO_REF": "4 Hrs.", "FISIO_REF": "Derrumbes en Carretera en Epoca de Lluvia", "EESS_REF2": "Hospital Kami - 2do Nvl.", "COD_ES_RF2": 300109, "TIPACC_REF2": "Terrestre", "DIST_REF2": "55 Km", "TIEMPOREF2": "1 Hra. 30 min.", "FISIO_REF2": "Derrumbes en Carretera en Epoca de Lluvia", "EESS_REF3": "Complejo Hospitalario CBBA - 3er Nvl.", "COD_ES_RF3": 300070, "TIPACC_REF3": "Terrestre", "DIST_REF3": "144 Km", "TIEMPOREF3": "5 Hrs.", "FISIO_REF3": "Ninguno" }, "geometry": null },
{ "type": "Feature", "properties": { "ID": 27, "DEPTO": "Cochabamba", "COD_DEPTO": 30000, "RED_SALUD": "Independencia", "COD_RED_SAL": 3013, "MUNICIPIO": "Independencia", "COD_MUNI": 30301, "NOM_EESS": "Hospital Kami", "COD_EESS": 300109, "NIVEL_RES": "2do", "TIPO_EESS": "Hospital Segundo Nivel", "POB_ASIG": 9099, "EESS_REF": "Hospital Dr. Benigno Sanchez - 2do Nvl.", "COD_ES_REF": 300213, "TIPO_ACC_REF": "Terrestre", "DIST_REF": "123 Km", "TIEMPO_REF": "4 Hrs. 20 min.", "FISIO_REF": "Derrumbes en Epoca de Lluvia", "EESS_REF2": "Complejo Hospitalario CBBA - 3er Nvl.", "COD_ES_RF2": 300070, "TIPACC_REF2": "Terrestre", "DIST_REF2": "165 Km", "TIEMPOREF2": "5 Hrs. ", "FISIO_REF2": "Derrumbes en Epoca de Lluvia", "EESS_REF3": null, "COD_ES_RF3": 0, "TIPACC_REF3": null, "DIST_REF3": null, "TIEMPOREF3": null, "FISIO_REF3": null }, "geometry": null },
{ "type": "Feature", "properties": { "ID": 36, "DEPTO": "Cochabamba", "COD_DEPTO": 30000, "RED_SALUD": "Independencia", "COD_RED_SAL": 3013, "MUNICIPIO": "Independencia", "COD_MUNI": 30301, "NOM_EESS": "PS. Keraya", "COD_EESS": 300110, "NIVEL_RES": "1er", "TIPO_EESS": "Puesto de Salud", "POB_ASIG": 647, "EESS_REF": "CScI. San Juan de Dios - 1er Nvl.", "COD_ES_REF": 300108, "TIPO_ACC_REF": "Terrestre", "DIST_REF": "23 Km", "TIEMPO_REF": "40 min.", "FISIO_REF": "Derrumbes en Carretera en Epoca de Lluvia", "EESS_REF2": null, "COD_ES_RF2": 0, "TIPACC_REF2": null, "DIST_REF2": null, "TIEMPOREF2": null, "FISIO_REF2": null, "EESS_REF3": null, "COD_ES_RF3": 0, "TIPACC_REF3": null, "DIST_REF3": null, "TIEMPOREF3": null, "FISIO_REF3": null }, "geometry": null },
{ "type": "Feature", "properties": { "ID": 37, "DEPTO": "Cochabamba", "COD_DEPTO": 30000, "RED_SALUD": "Independencia", "COD_RED_SAL": 3013, "MUNICIPIO": "Independencia", "COD_MUNI": 30301, "NOM_EESS": "PS. Kuty", "COD_EESS": 300111, "NIVEL_RES": "1er", "TIPO_EESS": "Puesto de Salud", "POB_ASIG": 579, "EESS_REF": "CScI. San Juan de Dios - 1er Nvl.", "COD_ES_REF": 300108, "TIPO_ACC_REF": "Terrestre", "DIST_REF": "50 Km", "TIEMPO_REF": "1 Hra. 40 min.", "FISIO_REF": "Derrumbes en Carretera en Epoca de Lluvia", "EESS_REF2": null, "COD_ES_RF2": 0, "TIPACC_REF2": null, "DIST_REF2": null, "TIEMPOREF2": null, "FISIO_REF2": null, "EESS_REF3": null, "COD_ES_RF3": 0, "TIPACC_REF3": null, "DIST_REF3": null, "TIEMPOREF3": null, "FISIO_REF3": null }, "geometry": null },
{ "type": "Feature", "properties": { "ID": 38, "DEPTO": "Cochabamba", "COD_DEPTO": 30000, "RED_SALUD": "Independencia", "COD_RED_SAL": 3013, "MUNICIPIO": "Independencia", "COD_MUNI": 30301, "NOM_EESS": "PS. Machaca", "COD_EESS": 300112, "NIVEL_RES": "1er", "TIPO_EESS": "Puesto de Salud", "POB_ASIG": 492, "EESS_REF": "CScI. San Juan de Dios - 1er Nvl.", "COD_ES_REF": 300108, "TIPO_ACC_REF": "Terrestre", "DIST_REF": "25 Km", "TIEMPO_REF": "40 min.", "FISIO_REF": "Derrumbes en Carretera en Epoca de Lluvia", "EESS_REF2": null, "COD_ES_RF2": 0, "TIPACC_REF2": null, "DIST_REF2": null, "TIEMPOREF2": null, "FISIO_REF2": null, "EESS_REF3": null, "COD_ES_RF3": 0, "TIPACC_REF3": null, "DIST_REF3": null, "TIEMPOREF3": null, "FISIO_REF3": null }, "geometry": null },
{ "type": "Feature", "properties": { "ID": 39, "DEPTO": "Cochabamba", "COD_DEPTO": 30000, "RED_SALUD": "Independencia", "COD_RED_SAL": 3013, "MUNICIPIO": "Independencia", "COD_MUNI": 30301, "NOM_EESS": "PS. Patiño", "COD_EESS": 300113, "NIVEL_RES": "1er", "TIPO_EESS": "Puesto de Salud", "POB_ASIG": 660, "EESS_REF": "Hospital Kami - 2do Nvl.", "COD_ES_REF": 300109, "TIPO_ACC_REF": "Terrestre", "DIST_REF": "5 Km", "TIEMPO_REF": "15 min.", "FISIO_REF": "En Epoca de Lluvia Carretera se vuelve resbaloso", "EESS_REF2": null, "COD_ES_RF2": 0, "TIPACC_REF2": null, "DIST_REF2": null, "TIEMPOREF2": null, "FISIO_REF2": null, "EESS_REF3": null, "COD_ES_RF3": 0, "TIPACC_REF3": null, "DIST_REF3": null, "TIEMPOREF3": null, "FISIO_REF3": null }, "geometry": null },
{ "type": "Feature", "properties": { "ID": 40, "DEPTO": "Cochabamba", "COD_DEPTO": 30000, "RED_SALUD": "Independencia", "COD_RED_SAL": 3013, "MUNICIPIO": "Independencia", "COD_MUNI": 30301, "NOM_EESS": "PS. Sanipaya", "COD_EESS": 300114, "NIVEL_RES": "1er", "TIPO_EESS": "Puesto de Salud", "POB_ASIG": 601, "EESS_REF": "CScI. San Juan de Dios - 1er Nvl.", "COD_ES_REF": 300108, "TIPO_ACC_REF": "Terrestre", "DIST_REF": "30 Km", "TIEMPO_REF": "1 Hra. 10 min.", "FISIO_REF": "Derrumbes en Carretera en Epoca de Lluvia", "EESS_REF2": null, "COD_ES_RF2": 0, "TIPACC_REF2": null, "DIST_REF2": null, "TIEMPOREF2": null, "FISIO_REF2": null, "EESS_REF3": null, "COD_ES_RF3": 0, "TIPACC_REF3": null, "DIST_REF3": null, "TIEMPOREF3": null, "FISIO_REF3": null }, "geometry": null },
{ "type": "Feature", "properties": { "ID": 41, "DEPTO": "Cochabamba", "COD_DEPTO": 30000, "RED_SALUD": "Independencia", "COD_RED_SAL": 3013, "MUNICIPIO": "Independencia", "COD_MUNI": 30301, "NOM_EESS": "PS. Saylapata", "COD_EESS": 300115, "NIVEL_RES": "1er", "TIPO_EESS": "Puesto de Salud", "POB_ASIG": 523, "EESS_REF": "CScI. San Juan de Dios - 1er Nvl.", "COD_ES_REF": 300108, "TIPO_ACC_REF": "Terrestre", "DIST_REF": "90 Km", "TIEMPO_REF": "3 Hrs.", "FISIO_REF": "Derrumbes en Carretera en Epoca de Lluvia", "EESS_REF2": null, "COD_ES_RF2": 0, "TIPACC_REF2": null, "DIST_REF2": null, "TIEMPOREF2": null, "FISIO_REF2": null, "EESS_REF3": null, "COD_ES_RF3": 0, "TIPACC_REF3": null, "DIST_REF3": null, "TIEMPOREF3": null, "FISIO_REF3": null }, "geometry": null },
{ "type": "Feature", "properties": { "ID": 26, "DEPTO": "Cochabamba", "COD_DEPTO": 30000, "RED_SALUD": "Independencia", "COD_RED_SAL": 3013, "MUNICIPIO": "Independencia", "COD_MUNI": 30301, "NOM_EESS": "CScI. Sisipalermo", "COD_EESS": 300116, "NIVEL_RES": "1er", "TIPO_EESS": "C.S. con Internacion", "POB_ASIG": 1225, "EESS_REF": "Hospital Kami - 2do Nvl.", "COD_ES_REF": 300109, "TIPO_ACC_REF": "Terrestre", "DIST_REF": "35 Km", "TIEMPO_REF": "1 Hra. 20 min.", "FISIO_REF": "En Epoca de Lluvia Carretera se vuelve resbaloso", "EESS_REF2": null, "COD_ES_RF2": 0, "TIPACC_REF2": null, "DIST_REF2": null, "TIEMPOREF2": null, "FISIO_REF2": null, "EESS_REF3": null, "COD_ES_RF3": 0, "TIPACC_REF3": null, "DIST_REF3": null, "TIEMPOREF3": null, "FISIO_REF3": null }, "geometry": null },
{ "type": "Feature", "properties": { "ID": 42, "DEPTO": "Cochabamba", "COD_DEPTO": 30000, "RED_SALUD": "Independencia", "COD_RED_SAL": 3013, "MUNICIPIO": "Independencia", "COD_MUNI": 30301, "NOM_EESS": "PS. Tiquirpaya", "COD_EESS": 300117, "NIVEL_RES": "1er", "TIPO_EESS": "Puesto de Salud", "POB_ASIG": 1171, "EESS_REF": "CScI. San Juan de Dios - 1er Nvl.", "COD_ES_REF": 300108, "TIPO_ACC_REF": "Terrestre", "DIST_REF": "25 Km", "TIEMPO_REF": "30 min.", "FISIO_REF": "Derrumbes en Carretera en Epoca de Lluvia", "EESS_REF2": null, "COD_ES_RF2": 0, "TIPACC_REF2": null, "DIST_REF2": null, "TIEMPOREF2": null, "FISIO_REF2": null, "EESS_REF3": null, "COD_ES_RF3": 0, "TIPACC_REF3": null, "DIST_REF3": null, "TIEMPOREF3": null, "FISIO_REF3": null }, "geometry": null },
{ "type": "Feature", "properties": { "ID": 24, "DEPTO": "Cochabamba", "COD_DEPTO": 30000, "RED_SALUD": "Independencia", "COD_RED_SAL": 3013, "MUNICIPIO": "Independencia", "COD_MUNI": 30301, "NOM_EESS": "CSA. Vilacota", "COD_EESS": 300118, "NIVEL_RES": "1er", "TIPO_EESS": "C.S. Ambulatorio", "POB_ASIG": 1053, "EESS_REF": "Hospital Kami - 2do Nvl.", "COD_ES_REF": 300109, "TIPO_ACC_REF": "Terrestre", "DIST_REF": "52 Km", "TIEMPO_REF": "1 Hra. 30 min.", "FISIO_REF": "Carretera Resvalos y Derrumbes Epoca de Lluvia", "EESS_REF2": null, "COD_ES_RF2": 0, "TIPACC_REF2": null, "DIST_REF2": null, "TIEMPOREF2": null, "FISIO_REF2": null, "EESS_REF3": null, "COD_ES_RF3": 0, "TIPACC_REF3": null, "DIST_REF3": null, "TIEMPOREF3": null, "FISIO_REF3": null }, "geometry": null },
{ "type": "Feature", "properties": { "ID": 43, "DEPTO": "Cochabamba", "COD_DEPTO": 30000, "RED_SALUD": "Independencia", "COD_RED_SAL": 3013, "MUNICIPIO": "Independencia", "COD_MUNI": 30301, "NOM_EESS": "PS. Villa Hermosa", "COD_EESS": 300119, "NIVEL_RES": "1er", "TIPO_EESS": "Puesto de Salud", "POB_ASIG": 988, "EESS_REF": "Hospital Kami - 2do Nvl.", "COD_ES_REF": 300109, "TIPO_ACC_REF": "Terrestre", "DIST_REF": "3.5 Km", "TIEMPO_REF": "10 min.", "FISIO_REF": "Derrumbes en Carretera", "EESS_REF2": null, "COD_ES_RF2": 0, "TIPACC_REF2": null, "DIST_REF2": null, "TIEMPOREF2": null, "FISIO_REF2": null, "EESS_REF3": null, "COD_ES_RF3": 0, "TIPACC_REF3": null, "DIST_REF3": null, "TIEMPOREF3": null, "FISIO_REF3": null }, "geometry": null },
{ "type": "Feature", "properties": { "ID": 187, "DEPTO": "Cochabamba", "COD_DEPTO": 30000, "RED_SALUD": "Tarata", "COD_RED_SAL": 3017, "MUNICIPIO": "Anzaldo", "COD_MUNI": 30402, "NOM_EESS": "CScI. Anzaldo", "COD_EESS": 300138, "NIVEL_RES": "1er", "TIPO_EESS": "C.S. con Internacion-CM", "POB_ASIG": 2407, "EESS_REF": "Hospital  San Juan de Dios Cliza - 2do Nvl.", "COD_ES_REF": 300196, "TIPO_ACC_REF": "terrestre/asfalto", "DIST_REF": "0", "TIEMPO_REF": "30 min.", "FISIO_REF": "derrumbes o deslizamientos", "EESS_REF2": "Hospital Punata \"Manuel A.Villarroel\" - 2do Nvl.", "COD_ES_RF2": 300378, "TIPACC_REF2": "terrestre/asfalto", "DIST_REF2": "0", "TIEMPOREF2": "45 min.", "FISIO_REF2": "derrumbes o deslizamientos", "EESS_REF3": "Complejo Hospitalario CBBA - 3er Nvl.", "COD_ES_RF3": 300070, "TIPACC_REF3": "terrestre/asfalto", "DIST_REF3": "0", "TIEMPOREF3": "1  hora 30 min.", "FISIO_REF3": "derrumbes o deslizamientos" }, "geometry": null },
{ "type": "Feature", "properties": { "ID": 188, "DEPTO": "Cochabamba", "COD_DEPTO": 30000, "RED_SALUD": "Tarata", "COD_RED_SAL": 3017, "MUNICIPIO": "Anzaldo", "COD_MUNI": 30402, "NOM_EESS": "PS. Cruz Kasa", "COD_EESS": 300139, "NIVEL_RES": "1er", "TIPO_EESS": "Puesto de Salud", "POB_ASIG": 122, "EESS_REF": "CScI. Anzaldo - 1er Nvl.", "COD_ES_REF": 300138, "TIPO_ACC_REF": "terrestre/tierra", "DIST_REF": "0", "TIEMPO_REF": "1 hora 20 min.", "FISIO_REF": "derrumbes o deslizamientos riada", "EESS_REF2": null, "COD_ES_RF2": 0, "TIPACC_REF2": null, "DIST_REF2": null, "TIEMPOREF2": null, "FISIO_REF2": null, "EESS_REF3": null, "COD_ES_RF3": 0, "TIPACC_REF3": null, "DIST_REF3": null, "TIEMPOREF3": null, "FISIO_REF3": null }, "geometry": null },
{ "type": "Feature", "properties": { "ID": 189, "DEPTO": "Cochabamba", "COD_DEPTO": 30000, "RED_SALUD": "Tarata", "COD_RED_SAL": 3017, "MUNICIPIO": "Anzaldo", "COD_MUNI": 30402, "NOM_EESS": "PS. Jatun Cienega (Alfa Mayu)", "COD_EESS": 300140, "NIVEL_RES": "1er", "TIPO_EESS": "Puesto de Salud", "POB_ASIG": 162, "EESS_REF": "Hospital  San Juan de Dios Cliza - 2do Nvl.", "COD_ES_REF": 300196, "TIPO_ACC_REF": "terrestre/asfalto", "DIST_REF": "0", "TIEMPO_REF": "1 horas 30 min.", "FISIO_REF": "derrumbes o deslizamientos", "EESS_REF2": "Hospital Punata \"Manuel A.Villarroel\" - 2do Nvl.", "COD_ES_RF2": 300378, "TIPACC_REF2": "terrestre/asfalto", "DIST_REF2": "0", "TIEMPOREF2": "1 Hra. 45 min.", "FISIO_REF2": "derrumbes o deslizamientos", "EESS_REF3": null, "COD_ES_RF3": 0, "TIPACC_REF3": null, "DIST_REF3": null, "TIEMPOREF3": null, "FISIO_REF3": null }, "geometry": null },
{ "type": "Feature", "properties": { "ID": 190, "DEPTO": "Cochabamba", "COD_DEPTO": 30000, "RED_SALUD": "Tarata", "COD_RED_SAL": 3017, "MUNICIPIO": "Anzaldo", "COD_MUNI": 30402, "NOM_EESS": "PS. Kalallusta", "COD_EESS": 300141, "NIVEL_RES": "1er", "TIPO_EESS": "Puesto de Salud", "POB_ASIG": 633, "EESS_REF": "Hospital  San Juan de Dios Cliza - 2do Nvl.", "COD_ES_REF": 300196, "TIPO_ACC_REF": "terrestre/asfalto", "DIST_REF": "0", "TIEMPO_REF": "45 min.", "FISIO_REF": "derrumbes o deslizamientos riada", "EESS_REF2": "Hospital Punata \"Manuel A.Villarroel\" - 2do Nvl.", "COD_ES_RF2": 300378, "TIPACC_REF2": "terrestre/asfalto", "DIST_REF2": "0", "TIEMPOREF2": "1 hora 30 min.", "FISIO_REF2": "derrumbes o deslizamientos riada", "EESS_REF3": null, "COD_ES_RF3": 0, "TIPACC_REF3": null, "DIST_REF3": null, "TIEMPOREF3": null, "FISIO_REF3": null }, "geometry": null },
{ "type": "Feature", "properties": { "ID": 191, "DEPTO": "Cochabamba", "COD_DEPTO": 30000, "RED_SALUD": "Tarata", "COD_RED_SAL": 3017, "MUNICIPIO": "Anzaldo", "COD_MUNI": 30402, "NOM_EESS": "CSA. La Viña", "COD_EESS": 300142, "NIVEL_RES": "1er", "TIPO_EESS": "C.S. Ambulatorio", "POB_ASIG": 294, "EESS_REF": "Hospital  San Juan de Dios Cliza - 2do Nvl.", "COD_ES_REF": 300196, "TIPO_ACC_REF": "terrestre/asfalto", "DIST_REF": "0", "TIEMPO_REF": "1 hora 10 min.", "FISIO_REF": "derrumbes o deslizamientos", "EESS_REF2": "Hospital Punata \"Manuel A.Villarroel\" - 2do Nvl.", "COD_ES_RF2": 300378, "TIPACC_REF2": "terrestre/asfalto", "DIST_REF2": "0", "TIEMPOREF2": "1 hora 50 min.", "FISIO_REF2": "derrumbes o deslizamientos", "EESS_REF3": null, "COD_ES_RF3": 0, "TIPACC_REF3": null, "DIST_REF3": null, "TIEMPOREF3": null, "FISIO_REF3": null }, "geometry": null },
{ "type": "Feature", "properties": { "ID": 192, "DEPTO": "Cochabamba", "COD_DEPTO": 30000, "RED_SALUD": "Tarata", "COD_RED_SAL": 3017, "MUNICIPIO": "Anzaldo", "COD_MUNI": 30402, "NOM_EESS": "CScI. Mollini", "COD_EESS": 300143, "NIVEL_RES": "1er", "TIPO_EESS": "C.S. con Internacion", "POB_ASIG": 373, "EESS_REF": "Hospital  San Juan de Dios Cliza - 2do Nvl.", "COD_ES_REF": 300196, "TIPO_ACC_REF": "terrestre/asfalto", "DIST_REF": "0", "TIEMPO_REF": "45 min.", "FISIO_REF": "derrumbes o deslizamientos riada", "EESS_REF2": "Hospital Punata \"Manuel A.Villarroel\" - 2do Nvl.", "COD_ES_RF2": 300378, "TIPACC_REF2": "terrestre/asfalto", "DIST_REF2": "0", "TIEMPOREF2": "1 hora 30 min.", "FISIO_REF2": "derrumbes o deslizamientos riada", "EESS_REF3": null, "COD_ES_RF3": 0, "TIPACC_REF3": null, "DIST_REF3": null, "TIEMPOREF3": null, "FISIO_REF3": null }, "geometry": null },
{ "type": "Feature", "properties": { "ID": 193, "DEPTO": "Cochabamba", "COD_DEPTO": 30000, "RED_SALUD": "Tarata", "COD_RED_SAL": 3017, "MUNICIPIO": "Anzaldo", "COD_MUNI": 30402, "NOM_EESS": "PS. Pajchapata Lux", "COD_EESS": 300144, "NIVEL_RES": "1er", "TIPO_EESS": "Puesto de Salud", "POB_ASIG": 373, "EESS_REF": "CScI. Anzaldo - 1er Nvl.", "COD_ES_REF": 300138, "TIPO_ACC_REF": "terrestre/terrestre", "DIST_REF": "0", "TIEMPO_REF": "20 min", "FISIO_REF": "derrumbes o deslizamientos riada", "EESS_REF2": null, "COD_ES_RF2": 0, "TIPACC_REF2": null, "DIST_REF2": null, "TIEMPOREF2": null, "FISIO_REF2": null, "EESS_REF3": null, "COD_ES_RF3": 0, "TIPACC_REF3": null, "DIST_REF3": null, "TIEMPOREF3": null, "FISIO_REF3": null }, "geometry": null },
{ "type": "Feature", "properties": { "ID": 194, "DEPTO": "Cochabamba", "COD_DEPTO": 30000, "RED_SALUD": "Tarata", "COD_RED_SAL": 3017, "MUNICIPIO": "Anzaldo", "COD_MUNI": 30402, "NOM_EESS": "PS. Pucara", "COD_EESS": 300145, "NIVEL_RES": "1er", "TIPO_EESS": "Puesto de Salud", "POB_ASIG": 468, "EESS_REF": "CScI. Anzaldo - 1er Nvl.", "COD_ES_REF": 300138, "TIPO_ACC_REF": "terrestre/terrestre", "DIST_REF": "0", "TIEMPO_REF": "30 min.", "FISIO_REF": "derrumbes o deslizamientos riada", "EESS_REF2": null, "COD_ES_RF2": 0, "TIPACC_REF2": null, "DIST_REF2": null, "TIEMPOREF2": null, "FISIO_REF2": null, "EESS_REF3": null, "COD_ES_RF3": 0, "TIPACC_REF3": null, "DIST_REF3": null, "TIEMPOREF3": null, "FISIO_REF3": null }, "geometry": null },
{ "type": "Feature", "properties": { "ID": 195, "DEPTO": "Cochabamba", "COD_DEPTO": 30000, "RED_SALUD": "Tarata", "COD_RED_SAL": 3017, "MUNICIPIO": "Anzaldo", "COD_MUNI": 30402, "NOM_EESS": "PS. San Isidro - Anzaldo", "COD_EESS": 300146, "NIVEL_RES": "1er", "TIPO_EESS": "Puesto de Salud", "POB_ASIG": 100, "EESS_REF": "CScI. Anzaldo - 1er Nvl.", "COD_ES_REF": 300138, "TIPO_ACC_REF": "terrestre/terrestre", "DIST_REF": "0", "TIEMPO_REF": "1 hora 30 min.", "FISIO_REF": "derrumbes o deslizamientos", "EESS_REF2": null, "COD_ES_RF2": 0, "TIPACC_REF2": null, "DIST_REF2": null, "TIEMPOREF2": null, "FISIO_REF2": null, "EESS_REF3": null, "COD_ES_RF3": 0, "TIPACC_REF3": null, "DIST_REF3": null, "TIEMPOREF3": null, "FISIO_REF3": null }, "geometry": null },
{ "type": "Feature", "properties": { "ID": 196, "DEPTO": "Cochabamba", "COD_DEPTO": 30000, "RED_SALUD": "Tarata", "COD_RED_SAL": 3017, "MUNICIPIO": "Anzaldo", "COD_MUNI": 30402, "NOM_EESS": "PS. San Jose - Anzaldo", "COD_EESS": 300147, "NIVEL_RES": "1er", "TIPO_EESS": "Puesto de Salud", "POB_ASIG": 238, "EESS_REF": "Hospital  San Juan de Dios Cliza - 2do Nvl.", "COD_ES_REF": 300196, "TIPO_ACC_REF": "terrestre/asfalto", "DIST_REF": "0", "TIEMPO_REF": "45 min.", "FISIO_REF": "derrumbes o deslizamientos riada", "EESS_REF2": "Hospital Punata \"Manuel A.Villarroel\" - 2do Nvl.", "COD_ES_RF2": 300378, "TIPACC_REF2": "terrestre/terrestre/asfalto", "DIST_REF2": "0", "TIEMPOREF2": "1 hora 30 min.", "FISIO_REF2": "derrumbes o deslizamientos riada", "EESS_REF3": null, "COD_ES_RF3": 0, "TIPACC_REF3": null, "DIST_REF3": null, "TIEMPOREF3": null, "FISIO_REF3": null }, "geometry": null },
{ "type": "Feature", "properties": { "ID": 197, "DEPTO": "Cochabamba", "COD_DEPTO": 30000, "RED_SALUD": "Tarata", "COD_RED_SAL": 3017, "MUNICIPIO": "Arbieto", "COD_MUNI": 30403, "NOM_EESS": "CSINT. Arbieto", "COD_EESS": 300148, "NIVEL_RES": "1er", "TIPO_EESS": "C.S. Integral", "POB_ASIG": 2082, "EESS_REF": "Hospital  San Juan de Dios Cliza - 2do Nvl.", "COD_ES_REF": 300196, "TIPO_ACC_REF": "terrestre", "DIST_REF": "17 km", "TIEMPO_REF": "20 minutos", "FISIO_REF": "ninguna", "EESS_REF2": "Hospital Punata \"Manuel A.Villarroel\" - 2do Nvl.", "COD_ES_RF2": 300378, "TIPACC_REF2": "terrestre", "DIST_REF2": "26 km", "TIEMPOREF2": "30 minutos", "FISIO_REF2": "ninguna", "EESS_REF3": "Complejo Hospitalario CBBA - 3er Nvl.", "COD_ES_RF3": 300070, "TIPACC_REF3": "terrestre", "DIST_REF3": "46 km", "TIEMPOREF3": "55 minutos", "FISIO_REF3": "ninguna" }, "geometry": null },
{ "type": "Feature", "properties": { "ID": 198, "DEPTO": "Cochabamba", "COD_DEPTO": 30000, "RED_SALUD": "Tarata", "COD_RED_SAL": 3017, "MUNICIPIO": "Arbieto", "COD_MUNI": 30403, "NOM_EESS": "CScI. Copapugio", "COD_EESS": 300149, "NIVEL_RES": "1er", "TIPO_EESS": "C.S. con Internacion", "POB_ASIG": 2120, "EESS_REF": "CSINT. Arbieto - 1er Nvl.", "COD_ES_REF": 300148, "TIPO_ACC_REF": "terrestre", "DIST_REF": "9.7 km", "TIEMPO_REF": "15 minutos", "FISIO_REF": "ninguna", "EESS_REF2": "Hospital  San Juan de Dios Cliza - 2do Nvl.", "COD_ES_RF2": 300196, "TIPACC_REF2": "terrestre", "DIST_REF2": "18 km", "TIEMPOREF2": "20 minutos", "FISIO_REF2": "ninguna", "EESS_REF3": null, "COD_ES_RF3": 0, "TIPACC_REF3": null, "DIST_REF3": null, "TIEMPOREF3": null, "FISIO_REF3": null }, "geometry": null },
{ "type": "Feature", "properties": { "ID": 199, "DEPTO": "Cochabamba", "COD_DEPTO": 30000, "RED_SALUD": "Tarata", "COD_RED_SAL": 3017, "MUNICIPIO": "Arbieto", "COD_MUNI": 30403, "NOM_EESS": "CSA. Kaluyo", "COD_EESS": 300150, "NIVEL_RES": "1er", "TIPO_EESS": "C.S. Ambulatorio", "POB_ASIG": 1365, "EESS_REF": "CSINT. Arbieto - 1er Nvl.", "COD_ES_REF": 300148, "TIPO_ACC_REF": "terrestre", "DIST_REF": "20 km", "TIEMPO_REF": "20 minutos", "FISIO_REF": "ninguna", "EESS_REF2": "Hospital  San Juan de Dios Cliza - 2do Nvl.", "COD_ES_RF2": 300196, "TIPACC_REF2": "terrestre", "DIST_REF2": "28 km", "TIEMPOREF2": "30 minutos", "FISIO_REF2": "ninguna", "EESS_REF3": "Hospital Punata \"Manuel A.Villarroel\" - 2do Nvl.", "COD_ES_RF3": 300378, "TIPACC_REF3": "terrestre", "DIST_REF3": "36 km", "TIEMPOREF3": "40 minutos", "FISIO_REF3": "ninguna" }, "geometry": null },
{ "type": "Feature", "properties": { "ID": 200, "DEPTO": "Cochabamba", "COD_DEPTO": 30000, "RED_SALUD": "Tarata", "COD_RED_SAL": 3017, "MUNICIPIO": "Arbieto", "COD_MUNI": 30403, "NOM_EESS": "CScI. La Loma", "COD_EESS": 300151, "NIVEL_RES": "1er", "TIPO_EESS": "C.S. con Internacion", "POB_ASIG": 383, "EESS_REF": "CSINT. Arbieto - 1er Nvl.", "COD_ES_REF": 300148, "TIPO_ACC_REF": "terrestre", "DIST_REF": "10 km", "TIEMPO_REF": "10 min", "FISIO_REF": "ninguna", "EESS_REF2": "Hospital  San Juan de Dios Cliza - 2do Nvl.", "COD_ES_RF2": 300196, "TIPACC_REF2": "terrestre", "DIST_REF2": "25 km", "TIEMPOREF2": "20 min", "FISIO_REF2": "ninguna", "EESS_REF3": null, "COD_ES_RF3": 0, "TIPACC_REF3": null, "DIST_REF3": null, "TIEMPOREF3": null, "FISIO_REF3": null }, "geometry": null },
{ "type": "Feature", "properties": { "ID": 201, "DEPTO": "Cochabamba", "COD_DEPTO": 30000, "RED_SALUD": "Tarata", "COD_RED_SAL": 3017, "MUNICIPIO": "Arbieto", "COD_MUNI": 30403, "NOM_EESS": "CScI. Tiatacu", "COD_EESS": 300152, "NIVEL_RES": "1er", "TIPO_EESS": "C.S. con Internacion", "POB_ASIG": 749, "EESS_REF": "CSINT. Arbieto - 1er Nvl.", "COD_ES_REF": 300148, "TIPO_ACC_REF": "terrestre", "DIST_REF": "2 km", "TIEMPO_REF": "2 km 15 min.", "FISIO_REF": "ninguna", "EESS_REF2": "Hospital  San Juan de Dios Cliza - 2do Nvl.", "COD_ES_RF2": 300196, "TIPACC_REF2": "terrestre", "DIST_REF2": "3 km", "TIEMPOREF2": "3 km y  25 minutos", "FISIO_REF2": "ninguna", "EESS_REF3": "Hospital Punata \"Manuel A.Villarroel\" - 2do Nvl.", "COD_ES_RF3": 300378, "TIPACC_REF3": "terrestre", "DIST_REF3": "5 km", "TIEMPOREF3": "5 km y  30 minutos", "FISIO_REF3": "ninguna" }, "geometry": null },
{ "type": "Feature", "properties": { "ID": 202, "DEPTO": "Cochabamba", "COD_DEPTO": 30000, "RED_SALUD": "Tarata", "COD_RED_SAL": 3017, "MUNICIPIO": "Sacabamba", "COD_MUNI": 30404, "NOM_EESS": "CScI. Apillapa", "COD_EESS": 300153, "NIVEL_RES": "1er", "TIPO_EESS": "C.S. con Internacion", "POB_ASIG": 150, "EESS_REF": "CScI. Sacabamba - 1er Nvl.", "COD_ES_REF": 300156, "TIPO_ACC_REF": "terrestre", "DIST_REF": "30 km", "TIEMPO_REF": "40 min", "FISIO_REF": "lluvias, rios, montañas", "EESS_REF2": null, "COD_ES_RF2": 0, "TIPACC_REF2": null, "DIST_REF2": null, "TIEMPOREF2": null, "FISIO_REF2": null, "EESS_REF3": null, "COD_ES_RF3": 0, "TIPACC_REF3": null, "DIST_REF3": null, "TIEMPOREF3": null, "FISIO_REF3": null }, "geometry": null },
{ "type": "Feature", "properties": { "ID": 203, "DEPTO": "Cochabamba", "COD_DEPTO": 30000, "RED_SALUD": "Tarata", "COD_RED_SAL": 3017, "MUNICIPIO": "Sacabamba", "COD_MUNI": 30404, "NOM_EESS": "CScI. Matarani", "COD_EESS": 300154, "NIVEL_RES": "1er", "TIPO_EESS": "C.S. con Internacion", "POB_ASIG": 966, "EESS_REF": "CScI. Sacabamba - 1er Nvl.", "COD_ES_REF": 300156, "TIPO_ACC_REF": "terrestre", "DIST_REF": "2.5 km", "TIEMPO_REF": "5 min", "FISIO_REF": "lluvias, rios, montañas", "EESS_REF2": null, "COD_ES_RF2": 0, "TIPACC_REF2": null, "DIST_REF2": null, "TIEMPOREF2": null, "FISIO_REF2": null, "EESS_REF3": null, "COD_ES_RF3": 0, "TIPACC_REF3": null, "DIST_REF3": null, "TIEMPOREF3": null, "FISIO_REF3": null }, "geometry": null },
{ "type": "Feature", "properties": { "ID": 204, "DEPTO": "Cochabamba", "COD_DEPTO": 30000, "RED_SALUD": "Tarata", "COD_RED_SAL": 3017, "MUNICIPIO": "Sacabamba", "COD_MUNI": 30404, "NOM_EESS": "CScI. Quecoma", "COD_EESS": 300155, "NIVEL_RES": "1er", "TIPO_EESS": "C.S. con Internacion", "POB_ASIG": 149, "EESS_REF": "CScI. Sacabamba - 1er Nvl.", "COD_ES_REF": 300156, "TIPO_ACC_REF": "terrestre", "DIST_REF": "35 Km", "TIEMPO_REF": "45 min", "FISIO_REF": "lluvias, rios, montañas", "EESS_REF2": null, "COD_ES_RF2": 0, "TIPACC_REF2": null, "DIST_REF2": null, "TIEMPOREF2": null, "FISIO_REF2": null, "EESS_REF3": null, "COD_ES_RF3": 0, "TIPACC_REF3": null, "DIST_REF3": null, "TIEMPOREF3": null, "FISIO_REF3": null }, "geometry": null },
{ "type": "Feature", "properties": { "ID": 205, "DEPTO": "Cochabamba", "COD_DEPTO": 30000, "RED_SALUD": "Tarata", "COD_RED_SAL": 3017, "MUNICIPIO": "Sacabamba", "COD_MUNI": 30404, "NOM_EESS": "CScI. Sacabamba", "COD_EESS": 300156, "NIVEL_RES": "1er", "TIPO_EESS": "C.S. con Internacion-CM", "POB_ASIG": 3137, "EESS_REF": "Hospital  San Juan de Dios Cliza - 2do Nvl.", "COD_ES_REF": 300196, "TIPO_ACC_REF": "terrestre", "DIST_REF": "45 km", "TIEMPO_REF": "50 min", "FISIO_REF": "lluvias, rios, montañas", "EESS_REF2": "Hospital Punata \"Manuel A.Villarroel\" - 2do Nvl.", "COD_ES_RF2": 300378, "TIPACC_REF2": "terrestre", "DIST_REF2": "50 km", "TIEMPOREF2": "55 min", "FISIO_REF2": "lluvias, rios, montañas", "EESS_REF3": null, "COD_ES_RF3": 0, "TIPACC_REF3": null, "DIST_REF3": null, "TIEMPOREF3": null, "FISIO_REF3": null }, "geometry": null },
{ "type": "Feature", "properties": { "ID": 206, "DEPTO": "Cochabamba", "COD_DEPTO": 30000, "RED_SALUD": "Tarata", "COD_RED_SAL": 3017, "MUNICIPIO": "Sacabamba", "COD_MUNI": 30404, "NOM_EESS": "PS. Yunkataqui", "COD_EESS": 300157, "NIVEL_RES": "1er", "TIPO_EESS": "Puesto de Salud", "POB_ASIG": 242, "EESS_REF": "CScI. Sacabamba - 1er Nvl.", "COD_ES_REF": 300156, "TIPO_ACC_REF": "terrestre", "DIST_REF": "16 km", "TIEMPO_REF": "20 min", "FISIO_REF": "en epoca de lluvia caminos carretera se vuelve resvaloso, rios, montañas", "EESS_REF2": null, "COD_ES_RF2": 0, "TIPACC_REF2": null, "DIST_REF2": null, "TIEMPOREF2": null, "FISIO_REF2": null, "EESS_REF3": null, "COD_ES_RF3": 0, "TIPACC_REF3": null, "DIST_REF3": null, "TIEMPOREF3": null, "FISIO_REF3": null }, "geometry": null },
{ "type": "Feature", "properties": { "ID": 207, "DEPTO": "Cochabamba", "COD_DEPTO": 30000, "RED_SALUD": "Tarata", "COD_RED_SAL": 3017, "MUNICIPIO": "Cliza", "COD_MUNI": 30801, "NOM_EESS": "Hospital  San Juan de Dios Cliza", "COD_EESS": 300196, "NIVEL_RES": "2do", "TIPO_EESS": "Hospital Segundo Nivel", "POB_ASIG": 79559, "EESS_REF": "Hospital Punata \"Manuel A.Villarroel\" - 2do Nvl.", "COD_ES_REF": 300378, "TIPO_ACC_REF": "terrestre", "DIST_REF": "15 Km", "TIEMPO_REF": "20 min.", "FISIO_REF": "ninguno", "EESS_REF2": "Complejo Hospitalario CBBA - 3er Nvl.", "COD_ES_RF2": 300070, "TIPACC_REF2": "terrestre", "DIST_REF2": "50 km", "TIEMPOREF2": "55 min", "FISIO_REF2": "ninguno", "EESS_REF3": null, "COD_ES_RF3": 0, "TIPACC_REF3": null, "DIST_REF3": null, "TIEMPOREF3": null, "FISIO_REF3": null }, "geometry": null },
{ "type": "Feature", "properties": { "ID": 208, "DEPTO": "Cochabamba", "COD_DEPTO": 30000, "RED_SALUD": "Tarata", "COD_RED_SAL": 3017, "MUNICIPIO": "Cliza", "COD_MUNI": 30801, "NOM_EESS": "CSA. Huasa Calle", "COD_EESS": 300197, "NIVEL_RES": "1er", "TIPO_EESS": "C.S. Ambulatorio", "POB_ASIG": 2080, "EESS_REF": "Hospital  San Juan de Dios Cliza - 2do Nvl.", "COD_ES_REF": 300196, "TIPO_ACC_REF": "terrestre", "DIST_REF": "5 Km", "TIEMPO_REF": "10 min.", "FISIO_REF": "ninguno", "EESS_REF2": null, "COD_ES_RF2": 0, "TIPACC_REF2": null, "DIST_REF2": null, "TIEMPOREF2": null, "FISIO_REF2": null, "EESS_REF3": null, "COD_ES_RF3": 0, "TIPACC_REF3": null, "DIST_REF3": null, "TIEMPOREF3": null, "FISIO_REF3": null }, "geometry": null },
{ "type": "Feature", "properties": { "ID": 209, "DEPTO": "Cochabamba", "COD_DEPTO": 30000, "RED_SALUD": "Tarata", "COD_RED_SAL": 3017, "MUNICIPIO": "Cliza", "COD_MUNI": 30801, "NOM_EESS": "CScI. Ucure", "COD_EESS": 300198, "NIVEL_RES": "1er", "TIPO_EESS": "C.S. con Internacion", "POB_ASIG": 4160, "EESS_REF": "Hospital  San Juan de Dios Cliza - 2do Nvl.", "COD_ES_REF": 300196, "TIPO_ACC_REF": "terrestre", "DIST_REF": "5 Km", "TIEMPO_REF": "5 min.", "FISIO_REF": "ninguno", "EESS_REF2": null, "COD_ES_RF2": 0, "TIPACC_REF2": null, "DIST_REF2": null, "TIEMPOREF2": null, "FISIO_REF2": null, "EESS_REF3": null, "COD_ES_RF3": 0, "TIPACC_REF3": null, "DIST_REF3": null, "TIEMPOREF3": null, "FISIO_REF3": null }, "geometry": null },
{ "type": "Feature", "properties": { "ID": 210, "DEPTO": "Cochabamba", "COD_DEPTO": 30000, "RED_SALUD": "Tarata", "COD_RED_SAL": 3017, "MUNICIPIO": "Cliza", "COD_MUNI": 30801, "NOM_EESS": "CSA. V. Concepcion", "COD_EESS": 300199, "NIVEL_RES": "1er", "TIPO_EESS": "C.S. Ambulatorio", "POB_ASIG": 2080, "EESS_REF": "Hospital  San Juan de Dios Cliza - 2do Nvl.", "COD_ES_REF": 300196, "TIPO_ACC_REF": "terrestre", "DIST_REF": "5 Km", "TIEMPO_REF": "5 min.", "FISIO_REF": "nninguno", "EESS_REF2": null, "COD_ES_RF2": 0, "TIPACC_REF2": null, "DIST_REF2": null, "TIEMPOREF2": null, "FISIO_REF2": null, "EESS_REF3": null, "COD_ES_RF3": 0, "TIPACC_REF3": null, "DIST_REF3": null, "TIEMPOREF3": null, "FISIO_REF3": null }, "geometry": null },
{ "type": "Feature", "properties": { "ID": 155, "DEPTO": "Cochabamba", "COD_DEPTO": 30000, "RED_SALUD": "Villa Tunari", "COD_RED_SAL": 3005, "MUNICIPIO": "Villa Tunari", "COD_MUNI": 31003, "NOM_EESS": "CScI. Aroma", "COD_EESS": 300265, "NIVEL_RES": "1er", "TIPO_EESS": "C.S. con Internacion", "POB_ASIG": 2408, "EESS_REF": "Hospital Villa Tunari - S.F. de Asis - 2do Nvl.", "COD_ES_REF": 300288, "TIPO_ACC_REF": "Terrestre", "DIST_REF": "90 Km", "TIEMPO_REF": "1 Hra. 30 min.", "FISIO_REF": "Rio Icece", "EESS_REF2": "Hospital Villa Tunari - 3er Nvl.", "COD_ES_RF2": 300759, "TIPACC_REF2": "Terrestre", "DIST_REF2": "97 Km", "TIEMPOREF2": "1 Hra. 37 min.", "FISIO_REF2": "Rio Icece", "EESS_REF3": null, "COD_ES_RF3": 0, "TIPACC_REF3": null, "DIST_REF3": null, "TIEMPOREF3": null, "FISIO_REF3": null }, "geometry": null },
{ "type": "Feature", "properties": { "ID": 156, "DEPTO": "Cochabamba", "COD_DEPTO": 30000, "RED_SALUD": "Villa Tunari", "COD_RED_SAL": 3005, "MUNICIPIO": "Villa Tunari", "COD_MUNI": 31003, "NOM_EESS": "CScI. Chipiriri", "COD_EESS": 300266, "NIVEL_RES": "1er", "TIPO_EESS": "C.S. con Internacion", "POB_ASIG": 7834, "EESS_REF": "Hospital Villa Tunari - S.F. de Asis - 2do Nvl.", "COD_ES_REF": 300288, "TIPO_ACC_REF": "Terrestre", "DIST_REF": "8 Km", "TIEMPO_REF": "15 min.", "FISIO_REF": "Niguna", "EESS_REF2": "Hospital Villa Tunari - 3er Nvl.", "COD_ES_RF2": 300759, "TIPACC_REF2": "Terrestre", "DIST_REF2": "15 Km", "TIEMPOREF2": "25 min.", "FISIO_REF2": "Niguna", "EESS_REF3": null, "COD_ES_RF3": 0, "TIPACC_REF3": null, "DIST_REF3": null, "TIEMPOREF3": null, "FISIO_REF3": null }, "geometry": null },
{ "type": "Feature", "properties": { "ID": 171, "DEPTO": "Cochabamba", "COD_DEPTO": 30000, "RED_SALUD": "Villa Tunari", "COD_RED_SAL": 3005, "MUNICIPIO": "Villa Tunari", "COD_MUNI": 31003, "NOM_EESS": "PS. Cinco Esquinas", "COD_EESS": 300267, "NIVEL_RES": "1er", "TIPO_EESS": "Puesto de Salud", "POB_ASIG": 1170, "EESS_REF": "Hospital Villa Tunari - S.F. de Asis - 2do Nvl.", "COD_ES_REF": 300288, "TIPO_ACC_REF": "Terrestre", "DIST_REF": "40.5 Km", "TIEMPO_REF": "50 min.", "FISIO_REF": "Creciada de Rios", "EESS_REF2": "Hospital Villa Tunari - 3er Nvl.", "COD_ES_RF2": 300759, "TIPACC_REF2": "Terrestre", "DIST_REF2": "47.5 Km", "TIEMPOREF2": "1 Hra. 20 min.", "FISIO_REF2": "Creciada de Rios", "EESS_REF3": null, "COD_ES_RF3": 0, "TIPACC_REF3": null, "DIST_REF3": null, "TIEMPOREF3": null, "FISIO_REF3": null }, "geometry": null },
{ "type": "Feature", "properties": { "ID": 172, "DEPTO": "Cochabamba", "COD_DEPTO": 30000, "RED_SALUD": "Villa Tunari", "COD_RED_SAL": 3005, "MUNICIPIO": "Villa Tunari", "COD_MUNI": 31003, "NOM_EESS": "PS. Cristal Mayu", "COD_EESS": 300268, "NIVEL_RES": "1er", "TIPO_EESS": "Puesto de Salud", "POB_ASIG": 1337, "EESS_REF": "Hospital Villa Tunari - S.F. de Asis - 2do Nvl.", "COD_ES_REF": 300288, "TIPO_ACC_REF": "Terrestre", "DIST_REF": "28 Km", "TIEMPO_REF": "44 min.", "FISIO_REF": "Niguna", "EESS_REF2": "Hospital Villa Tunari - 3er Nvl.", "COD_ES_RF2": 300759, "TIPACC_REF2": "Terrestre", "DIST_REF2": "23 Km", "TIEMPOREF2": "40 min.", "FISIO_REF2": "Ninguna", "EESS_REF3": null, "COD_ES_RF3": 0, "TIPACC_REF3": null, "DIST_REF3": null, "TIEMPOREF3": null, "FISIO_REF3": null }, "geometry": null },
{ "type": "Feature", "properties": { "ID": 147, "DEPTO": "Cochabamba", "COD_DEPTO": 30000, "RED_SALUD": "Villa Tunari", "COD_RED_SAL": 3005, "MUNICIPIO": "Villa Tunari", "COD_MUNI": 31003, "NOM_EESS": "CSA. Eterazama", "COD_EESS": 300269, "NIVEL_RES": "1er", "TIPO_EESS": "C.S. Ambulatorio", "POB_ASIG": 6765, "EESS_REF": "Hospital Villa Tunari - S.F. de Asis - 2do Nvl.", "COD_ES_REF": 300288, "TIPO_ACC_REF": "Terrestre", "DIST_REF": "42 Km", "TIEMPO_REF": "35 min.", "FISIO_REF": "Ninguna", "EESS_REF2": null, "COD_ES_RF2": 0, "TIPACC_REF2": null, "DIST_REF2": null, "TIEMPOREF2": null, "FISIO_REF2": null, "EESS_REF3": null, "COD_ES_RF3": 0, "TIPACC_REF3": null, "DIST_REF3": null, "TIEMPOREF3": null, "FISIO_REF3": null }, "geometry": null },
{ "type": "Feature", "properties": { "ID": 173, "DEPTO": "Cochabamba", "COD_DEPTO": 30000, "RED_SALUD": "Villa Tunari", "COD_RED_SAL": 3005, "MUNICIPIO": "Villa Tunari", "COD_MUNI": 31003, "NOM_EESS": "PS. Icoya", "COD_EESS": 300270, "NIVEL_RES": "1er", "TIPO_EESS": "Puesto de Salud", "POB_ASIG": 1050, "EESS_REF": "Hospital Villa Tunari - S.F. de Asis - 2do Nvl.", "COD_ES_REF": 300288, "TIPO_ACC_REF": "Terrestre", "DIST_REF": "95 Km", "TIEMPO_REF": "1 Hra. 35 min.", "FISIO_REF": "Rio", "EESS_REF2": "Hospital Villa Tunari - 3er Nvl.", "COD_ES_RF2": 300759, "TIPACC_REF2": "Terrestre", "DIST_REF2": "102 Km", "TIEMPOREF2": "1 Hra. 47 min.", "FISIO_REF2": "Rio", "EESS_REF3": null, "COD_ES_RF3": 0, "TIPACC_REF3": null, "DIST_REF3": null, "TIEMPOREF3": null, "FISIO_REF3": null }, "geometry": null },
{ "type": "Feature", "properties": { "ID": 149, "DEPTO": "Cochabamba", "COD_DEPTO": 30000, "RED_SALUD": "Villa Tunari", "COD_RED_SAL": 3005, "MUNICIPIO": "Villa Tunari", "COD_MUNI": 31003, "NOM_EESS": "CSA. Isinuta", "COD_EESS": 300271, "NIVEL_RES": "1er", "TIPO_EESS": "C.S. Ambulatorio", "POB_ASIG": 3347, "EESS_REF": "Hospital Villa Tunari - S.F. de Asis - 2do Nvl.", "COD_ES_REF": 300288, "TIPO_ACC_REF": "Terrestre", "DIST_REF": "50 Km", "TIEMPO_REF": "1 Hra.", "FISIO_REF": "Niguna", "EESS_REF2": "Hospital Villa Tunari - 3er Nvl.", "COD_ES_RF2": 300759, "TIPACC_REF2": "Terrestre", "DIST_REF2": "57 Km", "TIEMPOREF2": "1 Hra. 15 min.", "FISIO_REF2": "Niguna", "EESS_REF3": null, "COD_ES_RF3": 0, "TIPACC_REF3": null, "DIST_REF3": null, "TIEMPOREF3": null, "FISIO_REF3": null }, "geometry": null },
{ "type": "Feature", "properties": { "ID": 158, "DEPTO": "Cochabamba", "COD_DEPTO": 30000, "RED_SALUD": "Villa Tunari", "COD_RED_SAL": 3005, "MUNICIPIO": "Villa Tunari", "COD_MUNI": 31003, "NOM_EESS": "CScI. Jatun Pampa", "COD_EESS": 300272, "NIVEL_RES": "1er", "TIPO_EESS": "C.S. con Internacion", "POB_ASIG": 1770, "EESS_REF": "Hospital Villa Tunari - S.F. de Asis - 2do Nvl.", "COD_ES_REF": 300288, "TIPO_ACC_REF": "Terrestre", "DIST_REF": "21 Km", "TIEMPO_REF": "35 min.", "FISIO_REF": "Derrumbes", "EESS_REF2": "Hospital Villa Tunari - 3er Nvl.", "COD_ES_RF2": 300759, "TIPACC_REF2": "Terrestre", "DIST_REF2": "15 Km", "TIEMPOREF2": "30 min.", "FISIO_REF2": "Derrumbes", "EESS_REF3": null, "COD_ES_RF3": 0, "TIPACC_REF3": null, "DIST_REF3": null, "TIEMPOREF3": null, "FISIO_REF3": null }, "geometry": null },
{ "type": "Feature", "properties": { "ID": 177, "DEPTO": "Cochabamba", "COD_DEPTO": 30000, "RED_SALUD": "Villa Tunari", "COD_RED_SAL": 3005, "MUNICIPIO": "Villa Tunari", "COD_MUNI": 31003, "NOM_EESS": "PS. Moleto", "COD_EESS": 300273, "NIVEL_RES": "1er", "TIPO_EESS": "Puesto de Salud", "POB_ASIG": 671, "EESS_REF": "Hospital Villa Tunari - S.F. de Asis - 2do Nvl.", "COD_ES_REF": 300288, "TIPO_ACC_REF": "Terrestre", "DIST_REF": "100 Km", "TIEMPO_REF": "1 Hra. 40 min.", "FISIO_REF": "Rio", "EESS_REF2": "Hospital Villa Tunari - 3er Nvl.", "COD_ES_RF2": 300759, "TIPACC_REF2": "Terrestre", "DIST_REF2": "107 Km", "TIEMPOREF2": "1 Hra. 47 min.", "FISIO_REF2": "Rio", "EESS_REF3": null, "COD_ES_RF3": 0, "TIPACC_REF3": null, "DIST_REF3": null, "TIEMPOREF3": null, "FISIO_REF3": null }, "geometry": null },
{ "type": "Feature", "properties": { "ID": 178, "DEPTO": "Cochabamba", "COD_DEPTO": 30000, "RED_SALUD": "Villa Tunari", "COD_RED_SAL": 3005, "MUNICIPIO": "Villa Tunari", "COD_MUNI": 31003, "NOM_EESS": "PS. Puca Mayu", "COD_EESS": 300276, "NIVEL_RES": "1er", "TIPO_EESS": "Puesto de Salud", "POB_ASIG": 1484, "EESS_REF": "Hospital Villa Tunari - S.F. de Asis - 2do Nvl.", "COD_ES_REF": 300288, "TIPO_ACC_REF": "Terrestre", "DIST_REF": "130 Km", "TIEMPO_REF": "2 Hrs. 30 min.", "FISIO_REF": "Distancia, Camino Accidentado, Crecida de Rio, Derrumbe", "EESS_REF2": "Hospital Villa Tunari - 3er Nvl.", "COD_ES_RF2": 300759, "TIPACC_REF2": "Terrestre", "DIST_REF2": "125 Km", "TIEMPOREF2": "2 Hrs. 20 min.", "FISIO_REF2": "Distancia, Crecida de Rio, Derrumbe", "EESS_REF3": null, "COD_ES_RF3": 0, "TIPACC_REF3": null, "DIST_REF3": null, "TIEMPOREF3": null, "FISIO_REF3": null }, "geometry": null },
{ "type": "Feature", "properties": { "ID": 179, "DEPTO": "Cochabamba", "COD_DEPTO": 30000, "RED_SALUD": "Villa Tunari", "COD_RED_SAL": 3005, "MUNICIPIO": "Villa Tunari", "COD_MUNI": 31003, "NOM_EESS": "PS. Puerto Patiño", "COD_EESS": 300277, "NIVEL_RES": "1er", "TIPO_EESS": "Puesto de Salud", "POB_ASIG": 1450, "EESS_REF": "Hospital Villa Tunari - S.F. de Asis - 2do Nvl.", "COD_ES_REF": 300288, "TIPO_ACC_REF": "Terrestre", "DIST_REF": "60 Km", "TIEMPO_REF": "1 Hra. 20 min.", "FISIO_REF": "Niguna", "EESS_REF2": "Hospital Villa Tunari - 3er Nvl.", "COD_ES_RF2": 300759, "TIPACC_REF2": "Terrestre", "DIST_REF2": "67 Km", "TIEMPOREF2": "1 Hra. 30 min.", "FISIO_REF2": "Niguna", "EESS_REF3": null, "COD_ES_RF3": 0, "TIPACC_REF3": null, "DIST_REF3": null, "TIEMPOREF3": null, "FISIO_REF3": null }, "geometry": null },
{ "type": "Feature", "properties": { "ID": 159, "DEPTO": "Cochabamba", "COD_DEPTO": 30000, "RED_SALUD": "Villa Tunari", "COD_RED_SAL": 3005, "MUNICIPIO": "Villa Tunari", "COD_MUNI": 31003, "NOM_EESS": "CScI. Samuzabeth", "COD_EESS": 300278, "NIVEL_RES": "1er", "TIPO_EESS": "C.S. con Internacion", "POB_ASIG": 3382, "EESS_REF": "Hospital Villa Tunari - S.F. de Asis - 2do Nvl.", "COD_ES_REF": 300288, "TIPO_ACC_REF": "Terrestre", "DIST_REF": "40 Km", "TIEMPO_REF": "35 min.", "FISIO_REF": "Niguna", "EESS_REF2": null, "COD_ES_RF2": 0, "TIPACC_REF2": null, "DIST_REF2": null, "TIEMPOREF2": null, "FISIO_REF2": null, "EESS_REF3": null, "COD_ES_RF3": 0, "TIPACC_REF3": null, "DIST_REF3": null, "TIEMPOREF3": null, "FISIO_REF3": null }, "geometry": null },
{ "type": "Feature", "properties": { "ID": 150, "DEPTO": "Cochabamba", "COD_DEPTO": 30000, "RED_SALUD": "Villa Tunari", "COD_RED_SAL": 3005, "MUNICIPIO": "Villa Tunari", "COD_MUNI": 31003, "NOM_EESS": "CSA. Km 21", "COD_EESS": 300279, "NIVEL_RES": "1er", "TIPO_EESS": "C.S. Ambulatorio", "POB_ASIG": 2968, "EESS_REF": "Hospital Villa Tunari - S.F. de Asis - 2do Nvl.", "COD_ES_REF": 300288, "TIPO_ACC_REF": "Terrestre", "DIST_REF": "29 Km", "TIEMPO_REF": "45 min.", "FISIO_REF": "Ninguna", "EESS_REF2": null, "COD_ES_RF2": 0, "TIPACC_REF2": null, "DIST_REF2": null, "TIEMPOREF2": null, "FISIO_REF2": null, "EESS_REF3": null, "COD_ES_RF3": 0, "TIPACC_REF3": null, "DIST_REF3": null, "TIEMPOREF3": null, "FISIO_REF3": null }, "geometry": null },
{ "type": "Feature", "properties": { "ID": 152, "DEPTO": "Cochabamba", "COD_DEPTO": 30000, "RED_SALUD": "Villa Tunari", "COD_RED_SAL": 3005, "MUNICIPIO": "Villa Tunari", "COD_MUNI": 31003, "NOM_EESS": "CSA. San Gabriel", "COD_EESS": 300280, "NIVEL_RES": "1er", "TIPO_EESS": "C.S. Ambulatorio", "POB_ASIG": 3622, "EESS_REF": "Hospital Villa Tunari - S.F. de Asis - 2do Nvl.", "COD_ES_REF": 300288, "TIPO_ACC_REF": "Terrestre", "DIST_REF": "70 Km", "TIEMPO_REF": "1 Hra. 15 min.", "FISIO_REF": "Rios, Condiciones Climaticas", "EESS_REF2": "Hospital Villa Tunari - 3er Nvl.", "COD_ES_RF2": 300759, "TIPACC_REF2": "Terrestre", "DIST_REF2": "75 Km", "TIEMPOREF2": "1 Hra. 25 min.", "FISIO_REF2": "Rios, Condiciones Climaticas", "EESS_REF3": null, "COD_ES_RF3": 0, "TIPACC_REF3": null, "DIST_REF3": null, "TIEMPOREF3": null, "FISIO_REF3": null }, "geometry": null },
{ "type": "Feature", "properties": { "ID": 180, "DEPTO": "Cochabamba", "COD_DEPTO": 30000, "RED_SALUD": "Villa Tunari", "COD_RED_SAL": 3005, "MUNICIPIO": "Villa Tunari", "COD_MUNI": 31003, "NOM_EESS": "PS. San Jose - Villa Tunari", "COD_EESS": 300281, "NIVEL_RES": "1er", "TIPO_EESS": "Puesto de Salud", "POB_ASIG": 978, "EESS_REF": "Hospital Villa Tunari - S.F. de Asis - 2do Nvl.", "COD_ES_REF": 300288, "TIPO_ACC_REF": "Terrestre", "DIST_REF": "26 Km", "TIEMPO_REF": "40 min.", "FISIO_REF": "Ninguna", "EESS_REF2": null, "COD_ES_RF2": 0, "TIPACC_REF2": null, "DIST_REF2": null, "TIEMPOREF2": null, "FISIO_REF2": null, "EESS_REF3": null, "COD_ES_RF3": 0, "TIPACC_REF3": null, "DIST_REF3": null, "TIEMPOREF3": null, "FISIO_REF3": null }, "geometry": null },
{ "type": "Feature", "properties": { "ID": 182, "DEPTO": "Cochabamba", "COD_DEPTO": 30000, "RED_SALUD": "Villa Tunari", "COD_RED_SAL": 3005, "MUNICIPIO": "Villa Tunari", "COD_MUNI": 31003, "NOM_EESS": "PS. San Rafael", "COD_EESS": 300282, "NIVEL_RES": "1er", "TIPO_EESS": "Puesto de Salud", "POB_ASIG": 1556, "EESS_REF": "Hospital Villa Tunari - S.F. de Asis - 2do Nvl.", "COD_ES_REF": 300288, "TIPO_ACC_REF": "Terrestre", "DIST_REF": "7 Km", "TIEMPO_REF": "20 min.", "FISIO_REF": "Ninguna", "EESS_REF2": "Hospital Villa Tunari - 3er Nvl.", "COD_ES_RF2": 300759, "TIPACC_REF2": "Terrestre", "DIST_REF2": "11.5 Km", "TIEMPOREF2": "10 min.", "FISIO_REF2": "Ninguna", "EESS_REF3": null, "COD_ES_RF3": 0, "TIPACC_REF3": null, "DIST_REF3": null, "TIEMPOREF3": null, "FISIO_REF3": null }, "geometry": null },
{ "type": "Feature", "properties": { "ID": 184, "DEPTO": "Cochabamba", "COD_DEPTO": 30000, "RED_SALUD": "Villa Tunari", "COD_RED_SAL": 3005, "MUNICIPIO": "Villa Tunari", "COD_MUNI": 31003, "NOM_EESS": "PS. Tacopaya", "COD_EESS": 300283, "NIVEL_RES": "1er", "TIPO_EESS": "Puesto de Salud", "POB_ASIG": 4083, "EESS_REF": "Hospital Villa Tunari - S.F. de Asis - 2do Nvl.", "COD_ES_REF": 300288, "TIPO_ACC_REF": "Terrestre", "DIST_REF": "118 Km", "TIEMPO_REF": "3 Hrs. 42 min.", "FISIO_REF": "Rios, Condiciones Climaticas", "EESS_REF2": "Hospital Villa Tunari - 3er Nvl.", "COD_ES_RF2": 300759, "TIPACC_REF2": "Terrestre", "DIST_REF2": "123 Km", "TIEMPOREF2": "3 Hrs. 47 min.", "FISIO_REF2": "Rios, Condiciones Climaticas", "EESS_REF3": null, "COD_ES_RF3": 0, "TIPACC_REF3": null, "DIST_REF3": null, "TIEMPOREF3": null, "FISIO_REF3": null }, "geometry": null },
{ "type": "Feature", "properties": { "ID": 185, "DEPTO": "Cochabamba", "COD_DEPTO": 30000, "RED_SALUD": "Villa Tunari", "COD_RED_SAL": 3005, "MUNICIPIO": "Villa Tunari", "COD_MUNI": 31003, "NOM_EESS": "PS. Uncia", "COD_EESS": 300285, "NIVEL_RES": "1er", "TIPO_EESS": "Puesto de Salud", "POB_ASIG": 1899, "EESS_REF": "Hospital Villa Tunari - S.F. de Asis - 2do Nvl.", "COD_ES_REF": 300288, "TIPO_ACC_REF": "Terrestre", "DIST_REF": "84 Km", "TIEMPO_REF": "2 Hrs. 50 min.", "FISIO_REF": "Rios, Condiciones Climaticas", "EESS_REF2": null, "COD_ES_RF2": 0, "TIPACC_REF2": null, "DIST_REF2": null, "TIEMPOREF2": null, "FISIO_REF2": null, "EESS_REF3": null, "COD_ES_RF3": 0, "TIPACC_REF3": null, "DIST_REF3": null, "TIEMPOREF3": null, "FISIO_REF3": null }, "geometry": null },
{ "type": "Feature", "properties": { "ID": 153, "DEPTO": "Cochabamba", "COD_DEPTO": 30000, "RED_SALUD": "Villa Tunari", "COD_RED_SAL": 3005, "MUNICIPIO": "Villa Tunari", "COD_MUNI": 31003, "NOM_EESS": "CSA. Villa 14 de Septiembre", "COD_EESS": 300286, "NIVEL_RES": "1er", "TIPO_EESS": "C.S. Ambulatorio", "POB_ASIG": 5380, "EESS_REF": "Hospital Villa Tunari - S.F. de Asis - 2do Nvl.", "COD_ES_REF": 300288, "TIPO_ACC_REF": "Terrestre", "DIST_REF": "22 Km", "TIEMPO_REF": "30 min.", "FISIO_REF": "Derrumbes, Caidas de Arboles, por Lluvias Torreciales", "EESS_REF2": "Hospital Villa Tunari - 3er Nvl.", "COD_ES_RF2": 300759, "TIPACC_REF2": "Terrestre", "DIST_REF2": "29.5 Km", "TIEMPOREF2": "40 min.", "FISIO_REF2": "Derrumbes, Caidas de Arboles por Lluvias Torrenciales", "EESS_REF3": null, "COD_ES_RF3": 0, "TIPACC_REF3": null, "DIST_REF3": null, "TIEMPOREF3": null, "FISIO_REF3": null }, "geometry": null },
{ "type": "Feature", "properties": { "ID": 186, "DEPTO": "Cochabamba", "COD_DEPTO": 30000, "RED_SALUD": "Villa Tunari", "COD_RED_SAL": 3005, "MUNICIPIO": "Villa Tunari", "COD_MUNI": 31003, "NOM_EESS": "PS. Villa Bolivar", "COD_EESS": 300287, "NIVEL_RES": "1er", "TIPO_EESS": "Puesto de Salud", "POB_ASIG": 1100, "EESS_REF": "Hospital Villa Tunari - S.F. de Asis - 2do Nvl.", "COD_ES_REF": 300288, "TIPO_ACC_REF": "Terrestre", "DIST_REF": "69 Km", "TIEMPO_REF": "1 Hra. 20 min.", "FISIO_REF": "Rio", "EESS_REF2": "Hospital Villa Tunari - 3er Nvl.", "COD_ES_RF2": 300759, "TIPACC_REF2": "Terrestre", "DIST_REF2": "76 Km", "TIEMPOREF2": "1 Hra. 27 min.", "FISIO_REF2": "Rio", "EESS_REF3": null, "COD_ES_RF3": 0, "TIPACC_REF3": null, "DIST_REF3": null, "TIEMPOREF3": null, "FISIO_REF3": null }, "geometry": null },
{ "type": "Feature", "properties": { "ID": 165, "DEPTO": "Cochabamba", "COD_DEPTO": 30000, "RED_SALUD": "Villa Tunari", "COD_RED_SAL": 3005, "MUNICIPIO": "Villa Tunari", "COD_MUNI": 31003, "NOM_EESS": "Hospital Villa Tunari - S.F. de Asis", "COD_EESS": 300288, "NIVEL_RES": "2do", "TIPO_EESS": "Hospital Segundo Nivel", "POB_ASIG": 117654, "EESS_REF": "Hospital Villa Tunari - 3er Nvl.", "COD_ES_REF": 300759, "TIPO_ACC_REF": "Terrestre", "DIST_REF": "7 Km", "TIEMPO_REF": "10 min.", "FISIO_REF": "Niguna", "EESS_REF2": null, "COD_ES_RF2": 0, "TIPACC_REF2": null, "DIST_REF2": null, "TIEMPOREF2": null, "FISIO_REF2": null, "EESS_REF3": null, "COD_ES_RF3": 0, "TIPACC_REF3": null, "DIST_REF3": null, "TIEMPOREF3": null, "FISIO_REF3": null }, "geometry": null },
{ "type": "Feature", "properties": { "ID": 121, "DEPTO": "Cochabamba", "COD_DEPTO": 30000, "RED_SALUD": "Tapacari", "COD_RED_SAL": 3014, "MUNICIPIO": "Tapacari", "COD_MUNI": 31101, "NOM_EESS": "CScI. Japo", "COD_EESS": 300290, "NIVEL_RES": "1er", "TIPO_EESS": "C.S. con Internacion", "POB_ASIG": 1769, "EESS_REF": "Hospital Dr. Benigno Sanchez - 2do Nvl.", "COD_ES_REF": 300213, "TIPO_ACC_REF": "Terrestre", "DIST_REF": "120 Km", "TIEMPO_REF": "2 Hrs. 45 min.", "FISIO_REF": "Heladas", "EESS_REF2": null, "COD_ES_RF2": 0, "TIPACC_REF2": null, "DIST_REF2": null, "TIEMPOREF2": null, "FISIO_REF2": null, "EESS_REF3": null, "COD_ES_RF3": 0, "TIPACC_REF3": null, "DIST_REF3": null, "TIEMPOREF3": null, "FISIO_REF3": null }, "geometry": null },
{ "type": "Feature", "properties": { "ID": 131, "DEPTO": "Cochabamba", "COD_DEPTO": 30000, "RED_SALUD": "Tapacari", "COD_RED_SAL": 3014, "MUNICIPIO": "Tapacari", "COD_MUNI": 31101, "NOM_EESS": "PS. Challa", "COD_EESS": 300291, "NIVEL_RES": "1er", "TIPO_EESS": "Puesto de Salud", "POB_ASIG": 1288, "EESS_REF": "Hospital Dr. Benigno Sanchez - 2do Nvl.", "COD_ES_REF": 300213, "TIPO_ACC_REF": "Terrestre", "DIST_REF": "110 Km", "TIEMPO_REF": "2 Hrs.", "FISIO_REF": "Heladas", "EESS_REF2": null, "COD_ES_RF2": 0, "TIPACC_REF2": null, "DIST_REF2": null, "TIEMPOREF2": null, "FISIO_REF2": null, "EESS_REF3": null, "COD_ES_RF3": 0, "TIPACC_REF3": null, "DIST_REF3": null, "TIEMPOREF3": null, "FISIO_REF3": null }, "geometry": null },
{ "type": "Feature", "properties": { "ID": 132, "DEPTO": "Cochabamba", "COD_DEPTO": 30000, "RED_SALUD": "Tapacari", "COD_RED_SAL": 3014, "MUNICIPIO": "Tapacari", "COD_MUNI": 31101, "NOM_EESS": "PS. Chivirrancho", "COD_EESS": 300292, "NIVEL_RES": "1er", "TIPO_EESS": "Puesto de Salud", "POB_ASIG": 891, "EESS_REF": "Hospital Vinto - 2do Nvl.", "COD_ES_REF": 300229, "TIPO_ACC_REF": "Terrestre", "DIST_REF": "82 Km", "TIEMPO_REF": "2 Hrs.", "FISIO_REF": "Crecida Rio, Montañosa", "EESS_REF2": null, "COD_ES_RF2": 0, "TIPACC_REF2": null, "DIST_REF2": null, "TIEMPOREF2": null, "FISIO_REF2": null, "EESS_REF3": null, "COD_ES_RF3": 0, "TIPACC_REF3": null, "DIST_REF3": null, "TIEMPOREF3": null, "FISIO_REF3": null }, "geometry": null },
{ "type": "Feature", "properties": { "ID": 133, "DEPTO": "Cochabamba", "COD_DEPTO": 30000, "RED_SALUD": "Tapacari", "COD_RED_SAL": 3014, "MUNICIPIO": "Tapacari", "COD_MUNI": 31101, "NOM_EESS": "PS. Coracaba", "COD_EESS": 300293, "NIVEL_RES": "1er", "TIPO_EESS": "Puesto de Salud", "POB_ASIG": 571, "EESS_REF": "Hospital Vinto - 2do Nvl.", "COD_ES_REF": 300229, "TIPO_ACC_REF": "Terrestre", "DIST_REF": "20 Km", "TIEMPO_REF": "50 min.", "FISIO_REF": "Crecida Rio, Montañosa", "EESS_REF2": null, "COD_ES_RF2": 0, "TIPACC_REF2": null, "DIST_REF2": null, "TIEMPOREF2": null, "FISIO_REF2": null, "EESS_REF3": null, "COD_ES_RF3": 0, "TIPACC_REF3": null, "DIST_REF3": null, "TIEMPOREF3": null, "FISIO_REF3": null }, "geometry": null },
{ "type": "Feature", "properties": { "ID": 135, "DEPTO": "Cochabamba", "COD_DEPTO": 30000, "RED_SALUD": "Tapacari", "COD_RED_SAL": 3014, "MUNICIPIO": "Tapacari", "COD_MUNI": 31101, "NOM_EESS": "PS. Jatun Pampa", "COD_EESS": 300294, "NIVEL_RES": "1er", "TIPO_EESS": "Puesto de Salud", "POB_ASIG": 917, "EESS_REF": "Hospital Dr. Benigno Sanchez - 2do Nvl.", "COD_ES_REF": 300213, "TIPO_ACC_REF": "Terrestre", "DIST_REF": "80 Km", "TIEMPO_REF": "3 Hrs.", "FISIO_REF": "Crecida Rio, Montañosa", "EESS_REF2": null, "COD_ES_RF2": 0, "TIPACC_REF2": null, "DIST_REF2": null, "TIEMPOREF2": null, "FISIO_REF2": null, "EESS_REF3": null, "COD_ES_RF3": 0, "TIPACC_REF3": null, "DIST_REF3": null, "TIEMPOREF3": null, "FISIO_REF3": null }, "geometry": null },
{ "type": "Feature", "properties": { "ID": 136, "DEPTO": "Cochabamba", "COD_DEPTO": 30000, "RED_SALUD": "Tapacari", "COD_RED_SAL": 3014, "MUNICIPIO": "Tapacari", "COD_MUNI": 31101, "NOM_EESS": "PS. Jironkota", "COD_EESS": 300295, "NIVEL_RES": "1er", "TIPO_EESS": "Puesto de Salud", "POB_ASIG": 517, "EESS_REF": "Hospital Dr. Benigno Sanchez - 2do Nvl.", "COD_ES_REF": 300213, "TIPO_ACC_REF": "Terrestre", "DIST_REF": "190 Km", "TIEMPO_REF": "3 Hrs.", "FISIO_REF": "Crecida Rio, Montañosa", "EESS_REF2": null, "COD_ES_RF2": 0, "TIPACC_REF2": null, "DIST_REF2": null, "TIEMPOREF2": null, "FISIO_REF2": null, "EESS_REF3": null, "COD_ES_RF3": 0, "TIPACC_REF3": null, "DIST_REF3": null, "TIEMPOREF3": null, "FISIO_REF3": null }, "geometry": null },
{ "type": "Feature", "properties": { "ID": 122, "DEPTO": "Cochabamba", "COD_DEPTO": 30000, "RED_SALUD": "Tapacari", "COD_RED_SAL": 3014, "MUNICIPIO": "Tapacari", "COD_MUNI": 31101, "NOM_EESS": "CScI. Leque", "COD_EESS": 300296, "NIVEL_RES": "1er", "TIPO_EESS": "C.S. con Internacion", "POB_ASIG": 845, "EESS_REF": "Hospital Dr. Benigno Sanchez - 2do Nvl.", "COD_ES_REF": 300213, "TIPO_ACC_REF": "Terrestre", "DIST_REF": "210 Km", "TIEMPO_REF": "4 Hrs.", "FISIO_REF": "Crecida Rio, Montañosa", "EESS_REF2": null, "COD_ES_RF2": 0, "TIPACC_REF2": null, "DIST_REF2": null, "TIEMPOREF2": null, "FISIO_REF2": null, "EESS_REF3": null, "COD_ES_RF3": 0, "TIPACC_REF3": null, "DIST_REF3": null, "TIEMPOREF3": null, "FISIO_REF3": null }, "geometry": null },
{ "type": "Feature", "properties": { "ID": 137, "DEPTO": "Cochabamba", "COD_DEPTO": 30000, "RED_SALUD": "Tapacari", "COD_RED_SAL": 3014, "MUNICIPIO": "Tapacari", "COD_MUNI": 31101, "NOM_EESS": "PS. Llavini", "COD_EESS": 300297, "NIVEL_RES": "1er", "TIPO_EESS": "Puesto de Salud", "POB_ASIG": 852, "EESS_REF": "Hospital Vinto - 2do Nvl.", "COD_ES_REF": 300229, "TIPO_ACC_REF": "Terrestre", "DIST_REF": "46 Km", "TIEMPO_REF": "1 Hra.", "FISIO_REF": "Heladas", "EESS_REF2": null, "COD_ES_RF2": 0, "TIPACC_REF2": null, "DIST_REF2": null, "TIEMPOREF2": null, "FISIO_REF2": null, "EESS_REF3": null, "COD_ES_RF3": 0, "TIPACC_REF3": null, "DIST_REF3": null, "TIEMPOREF3": null, "FISIO_REF3": null }, "geometry": null },
{ "type": "Feature", "properties": { "ID": 130, "DEPTO": "Cochabamba", "COD_DEPTO": 30000, "RED_SALUD": "Tapacari", "COD_RED_SAL": 3014, "MUNICIPIO": "Tapacari", "COD_MUNI": 31101, "NOM_EESS": "PS. Bombeo", "COD_EESS": 300298, "NIVEL_RES": "1er", "TIPO_EESS": "Puesto de Salud", "POB_ASIG": 646, "EESS_REF": "Hospital Dr. Benigno Sanchez - 2do Nvl.", "COD_ES_REF": 300213, "TIPO_ACC_REF": "Terrestre", "DIST_REF": "60 Km", "TIEMPO_REF": "1 Hra. 30 min.", "FISIO_REF": "Heladas", "EESS_REF2": null, "COD_ES_RF2": 0, "TIPACC_REF2": null, "DIST_REF2": null, "TIEMPOREF2": null, "FISIO_REF2": null, "EESS_REF3": null, "COD_ES_RF3": 0, "TIPACC_REF3": null, "DIST_REF3": null, "TIEMPOREF3": null, "FISIO_REF3": null }, "geometry": null },
{ "type": "Feature", "properties": { "ID": 124, "DEPTO": "Cochabamba", "COD_DEPTO": 30000, "RED_SALUD": "Tapacari", "COD_RED_SAL": 3014, "MUNICIPIO": "Tapacari", "COD_MUNI": 31101, "NOM_EESS": "CScI. Ramadas", "COD_EESS": 300299, "NIVEL_RES": "1er", "TIPO_EESS": "C.S. con Internacion", "POB_ASIG": 1122, "EESS_REF": "Hospital Vinto - 2do Nvl.", "COD_ES_REF": 300229, "TIPO_ACC_REF": "Terrestre", "DIST_REF": "43 Km", "TIEMPO_REF": "1 Hra.", "FISIO_REF": "Crecida Rio, Montañosa", "EESS_REF2": null, "COD_ES_RF2": 0, "TIPACC_REF2": null, "DIST_REF2": null, "TIEMPOREF2": null, "FISIO_REF2": null, "EESS_REF3": null, "COD_ES_RF3": 0, "TIPACC_REF3": null, "DIST_REF3": null, "TIEMPOREF3": null, "FISIO_REF3": null }, "geometry": null },
{ "type": "Feature", "properties": { "ID": 125, "DEPTO": "Cochabamba", "COD_DEPTO": 30000, "RED_SALUD": "Tapacari", "COD_RED_SAL": 3014, "MUNICIPIO": "Tapacari", "COD_MUNI": 31101, "NOM_EESS": "CScI. Tapacari", "COD_EESS": 300300, "NIVEL_RES": "1er", "TIPO_EESS": "C.S. con Internacion", "POB_ASIG": 3300, "EESS_REF": "Hospital Dr. Benigno Sanchez - 2do Nvl.", "COD_ES_REF": 300213, "TIPO_ACC_REF": "Terrestre", "DIST_REF": "72 Km", "TIEMPO_REF": "3 Hrs.", "FISIO_REF": "Crecida Rio, Montañosa", "EESS_REF2": null, "COD_ES_RF2": 0, "TIPACC_REF2": null, "DIST_REF2": null, "TIEMPOREF2": null, "FISIO_REF2": null, "EESS_REF3": null, "COD_ES_RF3": 0, "TIPACC_REF3": null, "DIST_REF3": null, "TIEMPOREF3": null, "FISIO_REF3": null }, "geometry": null },
{ "type": "Feature", "properties": { "ID": 138, "DEPTO": "Cochabamba", "COD_DEPTO": 30000, "RED_SALUD": "Tapacari", "COD_RED_SAL": 3014, "MUNICIPIO": "Tapacari", "COD_MUNI": 31101, "NOM_EESS": "PS. Tunas Vinto", "COD_EESS": 300301, "NIVEL_RES": "1er", "TIPO_EESS": "Puesto de Salud", "POB_ASIG": 670, "EESS_REF": "Hospital Vinto - 2do Nvl.", "COD_ES_REF": 300229, "TIPO_ACC_REF": "Terrestre", "DIST_REF": "55 Km", "TIEMPO_REF": "2 Hrs.", "FISIO_REF": "Crecida Rio, Montañosa", "EESS_REF2": null, "COD_ES_RF2": 0, "TIPACC_REF2": null, "DIST_REF2": null, "TIEMPOREF2": null, "FISIO_REF2": null, "EESS_REF3": null, "COD_ES_RF3": 0, "TIPACC_REF3": null, "DIST_REF3": null, "TIEMPOREF3": null, "FISIO_REF3": null }, "geometry": null },
{ "type": "Feature", "properties": { "ID": 126, "DEPTO": "Cochabamba", "COD_DEPTO": 30000, "RED_SALUD": "Tapacari", "COD_RED_SAL": 3014, "MUNICIPIO": "Tapacari", "COD_MUNI": 31101, "NOM_EESS": "CScI. Villa Pereira", "COD_EESS": 300302, "NIVEL_RES": "1er", "TIPO_EESS": "C.S. con Internacion", "POB_ASIG": 1823, "EESS_REF": "Hospital Dr. Benigno Sanchez - 2do Nvl.", "COD_ES_REF": 300213, "TIPO_ACC_REF": "Terrestre", "DIST_REF": "133 Km", "TIEMPO_REF": "4 Hrs.", "FISIO_REF": "Montañosa, Derrumbes", "EESS_REF2": null, "COD_ES_RF2": 0, "TIPACC_REF2": null, "DIST_REF2": null, "TIEMPOREF2": null, "FISIO_REF2": null, "EESS_REF3": null, "COD_ES_RF3": 0, "TIPACC_REF3": null, "DIST_REF3": null, "TIEMPOREF3": null, "FISIO_REF3": null }, "geometry": null },
{ "type": "Feature", "properties": { "ID": 127, "DEPTO": "Cochabamba", "COD_DEPTO": 30000, "RED_SALUD": "Tapacari", "COD_RED_SAL": 3014, "MUNICIPIO": "Tapacari", "COD_MUNI": 31101, "NOM_EESS": "CScI. Waca Playa", "COD_EESS": 300303, "NIVEL_RES": "1er", "TIPO_EESS": "C.S. con Internacion", "POB_ASIG": 1420, "EESS_REF": "Hospital Dr. Benigno Sanchez - 2do Nvl.", "COD_ES_REF": 300213, "TIPO_ACC_REF": "Terrestre", "DIST_REF": "80 Km", "TIEMPO_REF": "2 Hrs.", "FISIO_REF": "Montañosa, Derumbes", "EESS_REF2": null, "COD_ES_RF2": 0, "TIPACC_REF2": null, "DIST_REF2": null, "TIEMPOREF2": null, "FISIO_REF2": null, "EESS_REF3": null, "COD_ES_RF3": 0, "TIPACC_REF3": null, "DIST_REF3": null, "TIEMPOREF3": null, "FISIO_REF3": null }, "geometry": null },
{ "type": "Feature", "properties": { "ID": 211, "DEPTO": "Cochabamba", "COD_DEPTO": 30000, "RED_SALUD": "Totora", "COD_RED_SAL": 3010, "MUNICIPIO": "Totora", "COD_MUNI": 31201, "NOM_EESS": "PS. Antakawa", "COD_EESS": 300304, "NIVEL_RES": "1er", "TIPO_EESS": "Puesto de Salud", "POB_ASIG": 640, "EESS_REF": "Hospital Dr. A. Melean - 2do Nvl.", "COD_ES_REF": 300310, "TIPO_ACC_REF": "terrestre", "DIST_REF": "30km", "TIEMPO_REF": "40min.", "FISIO_REF": "ninguno", "EESS_REF2": null, "COD_ES_RF2": 0, "TIPACC_REF2": null, "DIST_REF2": null, "TIEMPOREF2": null, "FISIO_REF2": null, "EESS_REF3": null, "COD_ES_RF3": 0, "TIPACC_REF3": null, "DIST_REF3": null, "TIEMPOREF3": null, "FISIO_REF3": null }, "geometry": null },
{ "type": "Feature", "properties": { "ID": 212, "DEPTO": "Cochabamba", "COD_DEPTO": 30000, "RED_SALUD": "Totora", "COD_RED_SAL": 3010, "MUNICIPIO": "Totora", "COD_MUNI": 31201, "NOM_EESS": "CScI. Copachuncho", "COD_EESS": 300305, "NIVEL_RES": "1er", "TIPO_EESS": "C.S. con Internacion", "POB_ASIG": 1650, "EESS_REF": "Hospital Dr. A. Melean - 2do Nvl.", "COD_ES_REF": 300310, "TIPO_ACC_REF": "terrestre", "DIST_REF": "100km", "TIEMPO_REF": "3 hrs.", "FISIO_REF": "ninguno", "EESS_REF2": null, "COD_ES_RF2": 0, "TIPACC_REF2": null, "DIST_REF2": null, "TIEMPOREF2": null, "FISIO_REF2": null, "EESS_REF3": null, "COD_ES_RF3": 0, "TIPACC_REF3": null, "DIST_REF3": null, "TIEMPOREF3": null, "FISIO_REF3": null }, "geometry": null },
{ "type": "Feature", "properties": { "ID": 213, "DEPTO": "Cochabamba", "COD_DEPTO": 30000, "RED_SALUD": "Totora", "COD_RED_SAL": 3010, "MUNICIPIO": "Totora", "COD_MUNI": 31201, "NOM_EESS": "CSA. Epizana", "COD_EESS": 300306, "NIVEL_RES": "1er", "TIPO_EESS": "C.S. Ambulatorio", "POB_ASIG": 3254, "EESS_REF": "Hospital Dr. A. Melean - 2do Nvl.", "COD_ES_REF": 300310, "TIPO_ACC_REF": "terrestre", "DIST_REF": "15km", "TIEMPO_REF": "20 min.", "FISIO_REF": "ninguno", "EESS_REF2": null, "COD_ES_RF2": 0, "TIPACC_REF2": null, "DIST_REF2": null, "TIEMPOREF2": null, "FISIO_REF2": null, "EESS_REF3": null, "COD_ES_RF3": 0, "TIPACC_REF3": null, "DIST_REF3": null, "TIEMPOREF3": null, "FISIO_REF3": null }, "geometry": null },
{ "type": "Feature", "properties": { "ID": 214, "DEPTO": "Cochabamba", "COD_DEPTO": 30000, "RED_SALUD": "Totora", "COD_RED_SAL": 3010, "MUNICIPIO": "Totora", "COD_MUNI": 31201, "NOM_EESS": "PS. Laimetoro", "COD_EESS": 300307, "NIVEL_RES": "1er", "TIPO_EESS": "Puesto de Salud", "POB_ASIG": 2191, "EESS_REF": "Hospital Dr. A. Melean - 2do Nvl.", "COD_ES_REF": 300310, "TIPO_ACC_REF": "terrestre", "DIST_REF": "46km", "TIEMPO_REF": "1 hora", "FISIO_REF": "ninguno", "EESS_REF2": null, "COD_ES_RF2": 0, "TIPACC_REF2": null, "DIST_REF2": null, "TIEMPOREF2": null, "FISIO_REF2": null, "EESS_REF3": null, "COD_ES_RF3": 0, "TIPACC_REF3": null, "DIST_REF3": null, "TIEMPOREF3": null, "FISIO_REF3": null }, "geometry": null },
{ "type": "Feature", "properties": { "ID": 215, "DEPTO": "Cochabamba", "COD_DEPTO": 30000, "RED_SALUD": "Totora", "COD_RED_SAL": 3010, "MUNICIPIO": "Totora", "COD_MUNI": 31201, "NOM_EESS": "PS. Sauce Pilapata", "COD_EESS": 300308, "NIVEL_RES": "1er", "TIPO_EESS": "Puesto de Salud", "POB_ASIG": 584, "EESS_REF": "Hospital Dr. A. Melean - 2do Nvl.", "COD_ES_REF": 300310, "TIPO_ACC_REF": "terrestre", "DIST_REF": "30km", "TIEMPO_REF": "45 min", "FISIO_REF": "ninguno", "EESS_REF2": null, "COD_ES_RF2": 0, "TIPACC_REF2": null, "DIST_REF2": null, "TIEMPOREF2": null, "FISIO_REF2": null, "EESS_REF3": null, "COD_ES_RF3": 0, "TIPACC_REF3": null, "DIST_REF3": null, "TIEMPOREF3": null, "FISIO_REF3": null }, "geometry": null },
{ "type": "Feature", "properties": { "ID": 216, "DEPTO": "Cochabamba", "COD_DEPTO": 30000, "RED_SALUD": "Totora", "COD_RED_SAL": 3010, "MUNICIPIO": "Totora", "COD_MUNI": 31201, "NOM_EESS": "PS. Tikapampa", "COD_EESS": 300309, "NIVEL_RES": "1er", "TIPO_EESS": "Puesto de Salud", "POB_ASIG": 859, "EESS_REF": "Hospital Dr. A. Melean - 2do Nvl.", "COD_ES_REF": 300310, "TIPO_ACC_REF": "terrestre", "DIST_REF": "40 km", "TIEMPO_REF": "40 min.", "FISIO_REF": "ninguno", "EESS_REF2": null, "COD_ES_RF2": 0, "TIPACC_REF2": null, "DIST_REF2": null, "TIEMPOREF2": null, "FISIO_REF2": null, "EESS_REF3": null, "COD_ES_RF3": 0, "TIPACC_REF3": null, "DIST_REF3": null, "TIEMPOREF3": null, "FISIO_REF3": null }, "geometry": null },
{ "type": "Feature", "properties": { "ID": 217, "DEPTO": "Cochabamba", "COD_DEPTO": 30000, "RED_SALUD": "Totora", "COD_RED_SAL": 3010, "MUNICIPIO": "Totora", "COD_MUNI": 31201, "NOM_EESS": "Hospital Dr. A. Melean - Totora", "COD_EESS": 300310, "NIVEL_RES": "2do", "TIPO_EESS": "Hospital Segundo Nivel", "POB_ASIG": 6426, "EESS_REF": "Hospital Punata \"Manuel A.Villarroel\" - 2do Nvl.", "COD_ES_REF": 300378, "TIPO_ACC_REF": "terrestre", "DIST_REF": "100 km", "TIEMPO_REF": "2 horas", "FISIO_REF": "ninguno", "EESS_REF2": "Complejo Hospitalario CBBA - 3er Nvl.", "COD_ES_RF2": 300070, "TIPACC_REF2": "terrestre", "DIST_REF2": "144.4 km", "TIEMPOREF2": "2,5 hrs.", "FISIO_REF2": "ninguno", "EESS_REF3": null, "COD_ES_RF3": 0, "TIPACC_REF3": null, "DIST_REF3": null, "TIEMPOREF3": null, "FISIO_REF3": null }, "geometry": null },
{ "type": "Feature", "properties": { "ID": 54, "DEPTO": "Cochabamba", "COD_DEPTO": 30000, "RED_SALUD": "Ivirgarzama", "COD_RED_SAL": 3006, "MUNICIPIO": "Entre Rios", "COD_MUNI": 31206, "NOM_EESS": "CScI. Bulo Bulo", "COD_EESS": 300311, "NIVEL_RES": "1er", "TIPO_EESS": "C.S. con Internacion", "POB_ASIG": 8303, "EESS_REF": "Hospital Entre Rios - 2do Nvl.", "COD_ES_REF": 300700, "TIPO_ACC_REF": "Terrestre", "DIST_REF": "25 Km", "TIEMPO_REF": "20 min.", "FISIO_REF": "Ninguno Carretera ", "EESS_REF2": "Hospital Ivirgarzama - 2do Nvl.", "COD_ES_RF2": 300346, "TIPACC_REF2": "Terrestre", "DIST_REF2": "74 Km ", "TIEMPOREF2": "1 Hra.", "FISIO_REF2": "Ninguno Carretera ", "EESS_REF3": null, "COD_ES_RF3": 0, "TIPACC_REF3": null, "DIST_REF3": null, "TIEMPOREF3": null, "FISIO_REF3": null }, "geometry": null },
{ "type": "Feature", "properties": { "ID": 218, "DEPTO": "Cochabamba", "COD_DEPTO": 30000, "RED_SALUD": "Totora", "COD_RED_SAL": 3010, "MUNICIPIO": "Pojo", "COD_MUNI": 31202, "NOM_EESS": "CSA. Challhuani", "COD_EESS": 300312, "NIVEL_RES": "1er", "TIPO_EESS": "C.S. Ambulatorio", "POB_ASIG": 1463, "EESS_REF": "CScI. San Miguel - 1er Nivel", "COD_ES_REF": 300320, "TIPO_ACC_REF": "terrestre", "DIST_REF": "16 km", "TIEMPO_REF": "15 min.", "FISIO_REF": "carretera parcialmente ripidada", "EESS_REF2": null, "COD_ES_RF2": 0, "TIPACC_REF2": null, "DIST_REF2": null, "TIEMPOREF2": null, "FISIO_REF2": null, "EESS_REF3": null, "COD_ES_RF3": 0, "TIPACC_REF3": null, "DIST_REF3": null, "TIEMPOREF3": null, "FISIO_REF3": null }, "geometry": null },
{ "type": "Feature", "properties": { "ID": 58, "DEPTO": "Cochabamba", "COD_DEPTO": 30000, "RED_SALUD": "Ivirgarzama", "COD_RED_SAL": 3006, "MUNICIPIO": "Entre Rios", "COD_MUNI": 31206, "NOM_EESS": "PS. Andino", "COD_EESS": 300313, "NIVEL_RES": "1er", "TIPO_EESS": "Puesto de Salud", "POB_ASIG": 1631, "EESS_REF": "Hospital Entre Rios - 2do Nvl.", "COD_ES_REF": 300700, "TIPO_ACC_REF": "Terrestre", "DIST_REF": "12 Km", "TIEMPO_REF": "20 min.", "FISIO_REF": "Ninguno Carretera ", "EESS_REF2": "Hospital Ivirgarzama - 2do Nvl.", "COD_ES_RF2": 300346, "TIPACC_REF2": "Terrestre", "DIST_REF2": "48 Km ", "TIEMPOREF2": "45 min.", "FISIO_REF2": "Ninguno Carretera ", "EESS_REF3": null, "COD_ES_RF3": 0, "TIPACC_REF3": null, "DIST_REF3": null, "TIEMPOREF3": null, "FISIO_REF3": null }, "geometry": null },
{ "type": "Feature", "properties": { "ID": 219, "DEPTO": "Cochabamba", "COD_DEPTO": 30000, "RED_SALUD": "Totora", "COD_RED_SAL": 3010, "MUNICIPIO": "Pojo", "COD_MUNI": 31202, "NOM_EESS": "CScI. Dian Pampa", "COD_EESS": 300314, "NIVEL_RES": "1er", "TIPO_EESS": "C.S. con Internacion", "POB_ASIG": 840, "EESS_REF": "CScI. San Miguel - 1er Nivel", "COD_ES_REF": 300320, "TIPO_ACC_REF": "terrestre", "DIST_REF": "47 km", "TIEMPO_REF": "2 horas", "FISIO_REF": "carretera de tierra estrecha.", "EESS_REF2": null, "COD_ES_RF2": 0, "TIPACC_REF2": null, "DIST_REF2": null, "TIEMPOREF2": null, "FISIO_REF2": null, "EESS_REF3": null, "COD_ES_RF3": 0, "TIPACC_REF3": null, "DIST_REF3": null, "TIEMPOREF3": null, "FISIO_REF3": null }, "geometry": null },
{ "type": "Feature", "properties": { "ID": 55, "DEPTO": "Cochabamba", "COD_DEPTO": 30000, "RED_SALUD": "Ivirgarzama", "COD_RED_SAL": 3006, "MUNICIPIO": "Entre Rios", "COD_MUNI": 31206, "NOM_EESS": "CSINT. Entre Rios", "COD_EESS": 300315, "NIVEL_RES": "1er", "TIPO_EESS": "C.S. Integral", "POB_ASIG": 9209, "EESS_REF": "Hospital Entre Rios - 2do Nvl.", "COD_ES_REF": 300700, "TIPO_ACC_REF": "Terrestre", "DIST_REF": "2 Km", "TIEMPO_REF": "5 min.", "FISIO_REF": "Ninguno Carretera ", "EESS_REF2": "Hospital Ivirgarzama - 2do Nvl.", "COD_ES_RF2": 300346, "TIPACC_REF2": "Terrestre", "DIST_REF2": "52 Km ", "TIEMPOREF2": "48 min.", "FISIO_REF2": "Ninguno Carretera ", "EESS_REF3": null, "COD_ES_RF3": 0, "TIPACC_REF3": null, "DIST_REF3": null, "TIEMPOREF3": null, "FISIO_REF3": null }, "geometry": null },
{ "type": "Feature", "properties": { "ID": 60, "DEPTO": "Cochabamba", "COD_DEPTO": 30000, "RED_SALUD": "Ivirgarzama", "COD_RED_SAL": 3006, "MUNICIPIO": "Entre Rios", "COD_MUNI": 31206, "NOM_EESS": "PS. Isarzama", "COD_EESS": 300316, "NIVEL_RES": "1er", "TIPO_EESS": "Puesto de Salud", "POB_ASIG": 3460, "EESS_REF": "Hospital Entre Rios - 2do Nvl.", "COD_ES_REF": 300700, "TIPO_ACC_REF": "Terrestre", "DIST_REF": "16 Km", "TIEMPO_REF": "15 min.", "FISIO_REF": "Ninguno Carretera ", "EESS_REF2": "Hospital Ivirgarzama - 2do Nvl.", "COD_ES_RF2": 300346, "TIPACC_REF2": "Terrestre", "DIST_REF2": "35 Km", "TIEMPOREF2": "36 min.", "FISIO_REF2": "Ninguno Carretera ", "EESS_REF3": null, "COD_ES_RF3": 0, "TIPACC_REF3": null, "DIST_REF3": null, "TIEMPOREF3": null, "FISIO_REF3": null }, "geometry": null },
{ "type": "Feature", "properties": { "ID": 220, "DEPTO": "Cochabamba", "COD_DEPTO": 30000, "RED_SALUD": "Totora", "COD_RED_SAL": 3010, "MUNICIPIO": "Pojo", "COD_MUNI": 31202, "NOM_EESS": "CSA. Karawasi", "COD_EESS": 300317, "NIVEL_RES": "1er", "TIPO_EESS": "C.S. Ambulatorio", "POB_ASIG": 807, "EESS_REF": "CScI. San Miguel - 1er Nivel", "COD_ES_REF": 300320, "TIPO_ACC_REF": "terrestre", "DIST_REF": "40 km", "TIEMPO_REF": "1 hora y 20 min.", "FISIO_REF": "carretera de tierra, estrecha y mal estado", "EESS_REF2": null, "COD_ES_RF2": 0, "TIPACC_REF2": null, "DIST_REF2": null, "TIEMPOREF2": null, "FISIO_REF2": null, "EESS_REF3": null, "COD_ES_RF3": 0, "TIPACC_REF3": null, "DIST_REF3": null, "TIEMPOREF3": null, "FISIO_REF3": null }, "geometry": null },
{ "type": "Feature", "properties": { "ID": 57, "DEPTO": "Cochabamba", "COD_DEPTO": 30000, "RED_SALUD": "Ivirgarzama", "COD_RED_SAL": 3006, "MUNICIPIO": "Entre Rios", "COD_MUNI": 31206, "NOM_EESS": "PS. Alto Linares", "COD_EESS": 300318, "NIVEL_RES": "1er", "TIPO_EESS": "Puesto de Salud", "POB_ASIG": 1522, "EESS_REF": "Hospital Entre Rios - 2do Nvl.", "COD_ES_REF": 300700, "TIPO_ACC_REF": "Terrestre", "DIST_REF": "17 Km", "TIEMPO_REF": "25 min.", "FISIO_REF": "Curvas", "EESS_REF2": "Hospital Ivirgarzama - 2do Nvl.", "COD_ES_RF2": 300346, "TIPACC_REF2": "Terrestre", "DIST_REF2": "55 Km", "TIEMPOREF2": "1 Hra.", "FISIO_REF2": "Curvas", "EESS_REF3": null, "COD_ES_RF3": 0, "TIPACC_REF3": null, "DIST_REF3": null, "TIEMPOREF3": null, "FISIO_REF3": null }, "geometry": null },
{ "type": "Feature", "properties": { "ID": 221, "DEPTO": "Cochabamba", "COD_DEPTO": 30000, "RED_SALUD": "Totora", "COD_RED_SAL": 3010, "MUNICIPIO": "Pojo", "COD_MUNI": 31202, "NOM_EESS": "CScI. San Miguel", "COD_EESS": 300320, "NIVEL_RES": "1er", "TIPO_EESS": "C.S. con Internacion", "POB_ASIG": 2985, "EESS_REF": "Hospital Dr. A. Melean - 1er Nvl.", "COD_ES_REF": 300310, "TIPO_ACC_REF": "terrestre", "DIST_REF": "95 km", "TIEMPO_REF": "2 horas", "FISIO_REF": "carretera asfaltada 95%", "EESS_REF2": "Hospital Punata \"Manuel A.Villarroel\" - 2do Nvl.", "COD_ES_RF2": 300378, "TIPACC_REF2": "terrestre", "DIST_REF2": "175 km", "TIEMPOREF2": "3 horas", "FISIO_REF2": "carretera asfaltada 97%", "EESS_REF3": "Hospital Viedma - 3er Nvl.", "COD_ES_RF3": 300070, "TIPACC_REF3": "terrestre", "DIST_REF3": "200 km", "TIEMPOREF3": "4.5 horas", "FISIO_REF3": "carretera asfaltada 99%" }, "geometry": null },
{ "type": "Feature", "properties": { "ID": 222, "DEPTO": "Cochabamba", "COD_DEPTO": 30000, "RED_SALUD": "Totora", "COD_RED_SAL": 3010, "MUNICIPIO": "Pojo", "COD_MUNI": 31202, "NOM_EESS": "PS. Rodeo Adentro", "COD_EESS": 300321, "NIVEL_RES": "1er", "TIPO_EESS": "Puesto de Salud", "POB_ASIG": 807, "EESS_REF": "CScI. San Miguel - 1er Nivel", "COD_ES_REF": 300320, "TIPO_ACC_REF": "terrestre", "DIST_REF": "25 km", "TIEMPO_REF": "45 minutos", "FISIO_REF": "carretera parcialmente asfaltada 60%, luego de tierra.", "EESS_REF2": null, "COD_ES_RF2": 0, "TIPACC_REF2": null, "DIST_REF2": null, "TIEMPOREF2": null, "FISIO_REF2": null, "EESS_REF3": null, "COD_ES_RF3": 0, "TIPACC_REF3": null, "DIST_REF3": null, "TIEMPOREF3": null, "FISIO_REF3": null }, "geometry": null },
{ "type": "Feature", "properties": { "ID": 223, "DEPTO": "Cochabamba", "COD_DEPTO": 30000, "RED_SALUD": "Totora", "COD_RED_SAL": 3010, "MUNICIPIO": "Pojo", "COD_MUNI": 31202, "NOM_EESS": "CScI. Yuthupampa", "COD_EESS": 300322, "NIVEL_RES": "1er", "TIPO_EESS": "C.S. con Internacion", "POB_ASIG": 1514, "EESS_REF": "CScI. San Miguel - 1er Nivel", "COD_ES_REF": 300320, "TIPO_ACC_REF": "terrestre", "DIST_REF": "28 km", "TIEMPO_REF": "25 minutos", "FISIO_REF": "carretera asfaltada 100%", "EESS_REF2": null, "COD_ES_RF2": 0, "TIPACC_REF2": null, "DIST_REF2": null, "TIEMPOREF2": null, "FISIO_REF2": null, "EESS_REF3": null, "COD_ES_RF3": 0, "TIPACC_REF3": null, "DIST_REF3": null, "TIEMPOREF3": null, "FISIO_REF3": null }, "geometry": null },
{ "type": "Feature", "properties": { "ID": 61, "DEPTO": "Cochabamba", "COD_DEPTO": 30000, "RED_SALUD": "Ivirgarzama", "COD_RED_SAL": 3006, "MUNICIPIO": "Entre Rios", "COD_MUNI": 31206, "NOM_EESS": "PS. Rio Blanco", "COD_EESS": 300323, "NIVEL_RES": "1er", "TIPO_EESS": "Puesto de Salud", "POB_ASIG": 3248, "EESS_REF": "Hospital Entre Rios - 2do Nvl.", "COD_ES_REF": 300700, "TIPO_ACC_REF": "Terrestre", "DIST_REF": "12 Km", "TIEMPO_REF": "12 min.", "FISIO_REF": "Ninguno Carretera ", "EESS_REF2": "Hospital Ivirgarzama - 2do Nvl.", "COD_ES_RF2": 300346, "TIPACC_REF2": "Terrestre", "DIST_REF2": "62 Km", "TIEMPOREF2": "50 min.", "FISIO_REF2": "Ninguno Carretera ", "EESS_REF3": null, "COD_ES_RF3": 0, "TIPACC_REF3": null, "DIST_REF3": null, "TIEMPOREF3": null, "FISIO_REF3": null }, "geometry": null },
{ "type": "Feature", "properties": { "ID": 71, "DEPTO": "Cochabamba", "COD_DEPTO": 30000, "RED_SALUD": "Ivirgarzama", "COD_RED_SAL": 3006, "MUNICIPIO": "Puerto Villarroel", "COD_MUNI": 31204, "NOM_EESS": "CSINT. San Juan de Dios Chimore", "COD_EESS": 300334, "NIVEL_RES": "1er", "TIPO_EESS": "C.S. Integral", "POB_ASIG": 25960, "EESS_REF": "Hospital Ivirgarzama - 2do Nvl.", "COD_ES_REF": 300346, "TIPO_ACC_REF": "Terrestre", "DIST_REF": "35 Km", "TIEMPO_REF": "30 min.", "FISIO_REF": "Ninguno", "EESS_REF2": "Hospital Villa Tunari - 3er Nvl.", "COD_ES_RF2": 300759, "TIPACC_REF2": "Terrestre", "DIST_REF2": "40 Km", "TIEMPOREF2": "59 min.", "FISIO_REF2": "Ninguno", "EESS_REF3": "Complejo Hospitalario CBBA - 3er Nvl.", "COD_ES_RF3": 300070, "TIPACC_REF3": "Terrestre", "DIST_REF3": "191 Km", "TIEMPOREF3": "4 Hrs. 45 min.", "FISIO_REF3": "Derrumbes, Nieblina, El Sillar" }, "geometry": null },
{ "type": "Feature", "properties": { "ID": 115, "DEPTO": "Cochabamba", "COD_DEPTO": 30000, "RED_SALUD": "Red Indigena de Salud", "COD_RED_SAL": 3020, "MUNICIPIO": "CHIMORE", "COD_MUNI": 31204, "NOM_EESS": "CSA. La Mision", "COD_EESS": 300335, "NIVEL_RES": "1er", "TIPO_EESS": "C.S. Ambulatorio", "POB_ASIG": 1122, "EESS_REF": "CSINT. San Juan de Dios Chimore - 1er Nvl.", "COD_ES_REF": 300334, "TIPO_ACC_REF": "Terrestre ", "DIST_REF": "70 Km", "TIEMPO_REF": "2.5 a 3.5 Hrs.", "FISIO_REF": "Disponibilidad de Combustible", "EESS_REF2": null, "COD_ES_RF2": 0, "TIPACC_REF2": null, "DIST_REF2": null, "TIEMPOREF2": null, "FISIO_REF2": null, "EESS_REF3": null, "COD_ES_RF3": 0, "TIPACC_REF3": null, "DIST_REF3": null, "TIEMPOREF3": null, "FISIO_REF3": null }, "geometry": null },
{ "type": "Feature", "properties": { "ID": 49, "DEPTO": "Cochabamba", "COD_DEPTO": 30000, "RED_SALUD": "Ivirgarzama", "COD_RED_SAL": 3006, "MUNICIPIO": "Chimore", "COD_MUNI": 31204, "NOM_EESS": "PS. Puerto Aurora", "COD_EESS": 300336, "NIVEL_RES": "1er", "TIPO_EESS": "Puesto de Salud", "POB_ASIG": 2339, "EESS_REF": "CSINT. San Juan de Dios Chimore - 1er Nvl.", "COD_ES_REF": 300334, "TIPO_ACC_REF": "Terrestre", "DIST_REF": "54 Km", "TIEMPO_REF": "55 min.", "FISIO_REF": "Camino Empedrado desde el EE.SS hasta la Carretera", "EESS_REF2": null, "COD_ES_RF2": 0, "TIPACC_REF2": null, "DIST_REF2": null, "TIEMPOREF2": null, "FISIO_REF2": null, "EESS_REF3": null, "COD_ES_RF3": 0, "TIPACC_REF3": null, "DIST_REF3": null, "TIEMPOREF3": null, "FISIO_REF3": null }, "geometry": null },
{ "type": "Feature", "properties": { "ID": 114, "DEPTO": "Cochabamba", "COD_DEPTO": 30000, "RED_SALUD": "Red Indigena de Salud", "COD_RED_SAL": 3020, "MUNICIPIO": "CHIMORE", "COD_MUNI": 31204, "NOM_EESS": "CSA. El Carmen", "COD_EESS": 300337, "NIVEL_RES": "1er", "TIPO_EESS": "C.S. Ambulatorio", "POB_ASIG": 451, "EESS_REF": "CSINT. San Juan de Dios Chimore - 1er Nvl.", "COD_ES_REF": 300334, "TIPO_ACC_REF": "Terrestre y Fluvial", "DIST_REF": "310 Km", "TIEMPO_REF": "16 a 24 Hrs.", "FISIO_REF": "Incremento o Disminucion del Caudal", "EESS_REF2": null, "COD_ES_RF2": 0, "TIPACC_REF2": null, "DIST_REF2": null, "TIEMPOREF2": null, "FISIO_REF2": null, "EESS_REF3": null, "COD_ES_RF3": 0, "TIPACC_REF3": null, "DIST_REF3": null, "TIEMPOREF3": null, "FISIO_REF3": null }, "geometry": null },
{ "type": "Feature", "properties": { "ID": 116, "DEPTO": "Cochabamba", "COD_DEPTO": 30000, "RED_SALUD": "Red Indigena de Salud", "COD_RED_SAL": 3020, "MUNICIPIO": "CHIMORE", "COD_MUNI": 31204, "NOM_EESS": "CSA. Santa Isabel", "COD_EESS": 300338, "NIVEL_RES": "1er", "TIPO_EESS": "C.S. Ambulatorio", "POB_ASIG": 1042, "EESS_REF": "CSINT. San Juan de Dios Chimore - 1er Nvl.", "COD_ES_REF": 300334, "TIPO_ACC_REF": "Terrestre", "DIST_REF": "90 Km", "TIEMPO_REF": "2 a 3 Hrs.", "FISIO_REF": "Incremento o Disminucion del Caudal", "EESS_REF2": "Hospital Ivirgarzama - 2do Nvl.", "COD_ES_RF2": 300346, "TIPACC_REF2": "Terrestre y Fluvial", "DIST_REF2": "180 Km", "TIEMPOREF2": "6 a 8 Hrs.", "FISIO_REF2": "Disponibilidad de Combustible", "EESS_REF3": null, "COD_ES_RF3": 0, "TIPACC_REF3": null, "DIST_REF3": null, "TIEMPOREF3": null, "FISIO_REF3": null }, "geometry": null },
{ "type": "Feature", "properties": { "ID": 50, "DEPTO": "Cochabamba", "COD_DEPTO": 30000, "RED_SALUD": "Ivirgarzama", "COD_RED_SAL": 3006, "MUNICIPIO": "Chimore", "COD_MUNI": 31204, "NOM_EESS": "PS. San Andres", "COD_EESS": 300339, "NIVEL_RES": "1er", "TIPO_EESS": "Puesto de Salud", "POB_ASIG": 1595, "EESS_REF": "CSINT. San Juan de Dios Chimore - 1er Nvl.", "COD_ES_REF": 300334, "TIPO_ACC_REF": "Terrestre", "DIST_REF": "51 Km", "TIEMPO_REF": "1 Hra.", "FISIO_REF": "Camino Insetable con Curvas Subidas y Bajadas", "EESS_REF2": null, "COD_ES_RF2": 0, "TIPACC_REF2": null, "DIST_REF2": null, "TIEMPOREF2": null, "FISIO_REF2": null, "EESS_REF3": null, "COD_ES_RF3": 0, "TIPACC_REF3": null, "DIST_REF3": null, "TIEMPOREF3": null, "FISIO_REF3": null }, "geometry": null },
{ "type": "Feature", "properties": { "ID": 85, "DEPTO": "Cochabamba", "COD_DEPTO": 30000, "RED_SALUD": "Ivirgarzama", "COD_RED_SAL": 3006, "MUNICIPIO": "Puerto Villarroel", "COD_MUNI": 31204, "NOM_EESS": "PS. Tacuaral Entre Rios", "COD_EESS": 300340, "NIVEL_RES": "1er", "TIPO_EESS": "Puesto de Salud", "POB_ASIG": 0, "EESS_REF": "CSINT. San Juan de Dios Chimore - 1er Nvl.", "COD_ES_REF": 300334, "TIPO_ACC_REF": "Terrestre", "DIST_REF": "46 Km ", "TIEMPO_REF": "45 min.", "FISIO_REF": "Camino inestable con curvas", "EESS_REF2": null, "COD_ES_RF2": 0, "TIPACC_REF2": null, "DIST_REF2": null, "TIEMPOREF2": null, "FISIO_REF2": null, "EESS_REF3": null, "COD_ES_RF3": 0, "TIPACC_REF3": null, "DIST_REF3": null, "TIEMPOREF3": null, "FISIO_REF3": null }, "geometry": null },
{ "type": "Feature", "properties": { "ID": 73, "DEPTO": "Cochabamba", "COD_DEPTO": 30000, "RED_SALUD": "Ivirgarzama", "COD_RED_SAL": 3006, "MUNICIPIO": "Puerto Villarroel", "COD_MUNI": 31205, "NOM_EESS": "PS. 2 de Marzo", "COD_EESS": 300341, "NIVEL_RES": "1er", "TIPO_EESS": "Puesto de Salud", "POB_ASIG": 1047, "EESS_REF": "Hospital Ivirgarzama - 2do Nvl.", "COD_ES_REF": 300346, "TIPO_ACC_REF": "Terrestre", "DIST_REF": "38 Km", "TIEMPO_REF": "40 min.", "FISIO_REF": "Ninguna", "EESS_REF2": null, "COD_ES_RF2": 0, "TIPACC_REF2": null, "DIST_REF2": null, "TIEMPOREF2": null, "FISIO_REF2": null, "EESS_REF3": null, "COD_ES_RF3": 0, "TIPACC_REF3": null, "DIST_REF3": null, "TIEMPOREF3": null, "FISIO_REF3": null }, "geometry": null },
{ "type": "Feature", "properties": { "ID": 75, "DEPTO": "Cochabamba", "COD_DEPTO": 30000, "RED_SALUD": "Ivirgarzama", "COD_RED_SAL": 3006, "MUNICIPIO": "Puerto Villarroel", "COD_MUNI": 31205, "NOM_EESS": "PS. Alto San Pablo", "COD_EESS": 300342, "NIVEL_RES": "1er", "TIPO_EESS": "Puesto de Salud", "POB_ASIG": 1299, "EESS_REF": "Hospital Ivirgarzama - 2do Nvl.", "COD_ES_REF": 300346, "TIPO_ACC_REF": "Terrestre", "DIST_REF": "49 Km", "TIEMPO_REF": "1 Hra.", "FISIO_REF": "Ninguna", "EESS_REF2": null, "COD_ES_RF2": 0, "TIPACC_REF2": null, "DIST_REF2": null, "TIEMPOREF2": null, "FISIO_REF2": null, "EESS_REF3": null, "COD_ES_RF3": 0, "TIPACC_REF3": null, "DIST_REF3": null, "TIEMPOREF3": null, "FISIO_REF3": null }, "geometry": null },
{ "type": "Feature", "properties": { "ID": 76, "DEPTO": "Cochabamba", "COD_DEPTO": 30000, "RED_SALUD": "Ivirgarzama", "COD_RED_SAL": 3006, "MUNICIPIO": "Puerto Villarroel", "COD_MUNI": 31205, "NOM_EESS": "PS. Ayopaya", "COD_EESS": 300343, "NIVEL_RES": "1er", "TIPO_EESS": "Puesto de Salud", "POB_ASIG": 1108, "EESS_REF": "Hospital Ivirgarzama - 2do Nvl.", "COD_ES_REF": 300346, "TIPO_ACC_REF": "Terrestre", "DIST_REF": "41 Km", "TIEMPO_REF": "45 min.", "FISIO_REF": "Ninguna", "EESS_REF2": null, "COD_ES_RF2": 0, "TIPACC_REF2": null, "DIST_REF2": null, "TIEMPOREF2": null, "FISIO_REF2": null, "EESS_REF3": null, "COD_ES_RF3": 0, "TIPACC_REF3": null, "DIST_REF3": null, "TIEMPOREF3": null, "FISIO_REF3": null }, "geometry": null },
{ "type": "Feature", "properties": { "ID": 117, "DEPTO": "Cochabamba", "COD_DEPTO": 30000, "RED_SALUD": "Red Indigena de Salud", "COD_RED_SAL": 3020, "MUNICIPIO": "Puerto Villarroel", "COD_MUNI": 31205, "NOM_EESS": "PS. Biarecuate", "COD_EESS": 300344, "NIVEL_RES": "1er", "TIPO_EESS": "Puesto de Salud", "POB_ASIG": 266, "EESS_REF": "Hospital Ivirgarzama - 2do Nvl.", "COD_ES_REF": 300346, "TIPO_ACC_REF": "Terrestre ", "DIST_REF": "70 Km", "TIEMPO_REF": "2.5 a 3.5 Hrs.", "FISIO_REF": "Lluvias", "EESS_REF2": null, "COD_ES_RF2": 0, "TIPACC_REF2": null, "DIST_REF2": null, "TIEMPOREF2": null, "FISIO_REF2": null, "EESS_REF3": null, "COD_ES_RF3": 0, "TIPACC_REF3": null, "DIST_REF3": null, "TIEMPOREF3": null, "FISIO_REF3": null }, "geometry": null },
{ "type": "Feature", "properties": { "ID": 62, "DEPTO": "Cochabamba", "COD_DEPTO": 30000, "RED_SALUD": "Ivirgarzama", "COD_RED_SAL": 3006, "MUNICIPIO": "Puerto Villarroel", "COD_MUNI": 31205, "NOM_EESS": "CSA. Israel", "COD_EESS": 300345, "NIVEL_RES": "1er", "TIPO_EESS": "C.S. Ambulatorio", "POB_ASIG": 1830, "EESS_REF": "Hospital Ivirgarzama - 2do Nvl.", "COD_ES_REF": 300346, "TIPO_ACC_REF": "Terrestre", "DIST_REF": "39 Km", "TIEMPO_REF": "40 min.", "FISIO_REF": "Camino Empedrado desde el EE.SS hasta la Carretera", "EESS_REF2": null, "COD_ES_RF2": 0, "TIPACC_REF2": null, "DIST_REF2": null, "TIEMPOREF2": null, "FISIO_REF2": null, "EESS_REF3": null, "COD_ES_RF3": 0, "TIPACC_REF3": null, "DIST_REF3": null, "TIEMPOREF3": null, "FISIO_REF3": null }, "geometry": null },
{ "type": "Feature", "properties": { "ID": 72, "DEPTO": "Cochabamba", "COD_DEPTO": 30000, "RED_SALUD": "Ivirgarzama", "COD_RED_SAL": 3006, "MUNICIPIO": "Puerto Villarroel", "COD_MUNI": 31205, "NOM_EESS": "Hospital Ivirgarzama", "COD_EESS": 300346, "NIVEL_RES": "2do", "TIPO_EESS": "Hospital Segundo Nivel", "POB_ASIG": 125200, "EESS_REF": "Hospital Villa Tunari - 3er Nvl.", "COD_ES_REF": 300759, "TIPO_ACC_REF": "Terrestre", "DIST_REF": "71 Km", "TIEMPO_REF": "1 Hra. 10 min.", "FISIO_REF": "Ninguno", "EESS_REF2": "Complejo Hospitalario CBBA - 3er Nvl.", "COD_ES_RF2": 300070, "TIPACC_REF2": "Terrestre", "DIST_REF2": "223 Km", "TIEMPOREF2": "5 Hrs.", "FISIO_REF2": "Ninguno", "EESS_REF3": null, "COD_ES_RF3": 0, "TIPACC_REF3": null, "DIST_REF3": null, "TIEMPOREF3": null, "FISIO_REF3": null }, "geometry": null },
{ "type": "Feature", "properties": { "ID": 66, "DEPTO": "Cochabamba", "COD_DEPTO": 30000, "RED_SALUD": "Ivirgarzama", "COD_RED_SAL": 3006, "MUNICIPIO": "Puerto Villarroel", "COD_MUNI": 31205, "NOM_EESS": "CScI. Mariposas", "COD_EESS": 300347, "NIVEL_RES": "1er", "TIPO_EESS": "C.S. con Internacion", "POB_ASIG": 3400, "EESS_REF": "Hospital Ivirgarzama - 2do Nvl.", "COD_ES_REF": 300346, "TIPO_ACC_REF": "Terrestre", "DIST_REF": "20 Km", "TIEMPO_REF": "20 min.", "FISIO_REF": "Ninguna", "EESS_REF2": null, "COD_ES_RF2": 0, "TIPACC_REF2": null, "DIST_REF2": null, "TIEMPOREF2": null, "FISIO_REF2": null, "EESS_REF3": null, "COD_ES_RF3": 0, "TIPACC_REF3": null, "DIST_REF3": null, "TIEMPOREF3": null, "FISIO_REF3": null }, "geometry": null },
{ "type": "Feature", "properties": { "ID": 80, "DEPTO": "Cochabamba", "COD_DEPTO": 30000, "RED_SALUD": "Ivirgarzama", "COD_RED_SAL": 3006, "MUNICIPIO": "Puerto Villarroel", "COD_MUNI": 31205, "NOM_EESS": "PS. Paraiso", "COD_EESS": 300348, "NIVEL_RES": "1er", "TIPO_EESS": "Puesto de Salud", "POB_ASIG": 1645, "EESS_REF": "Hospital Ivirgarzama - 2do Nvl.", "COD_ES_REF": 300346, "TIPO_ACC_REF": "Terrestre", "DIST_REF": "15 Km", "TIEMPO_REF": "17 min.", "FISIO_REF": "Ninguna", "EESS_REF2": null, "COD_ES_RF2": 0, "TIPACC_REF2": null, "DIST_REF2": null, "TIEMPOREF2": null, "FISIO_REF2": null, "EESS_REF3": null, "COD_ES_RF3": 0, "TIPACC_REF3": null, "DIST_REF3": null, "TIEMPOREF3": null, "FISIO_REF3": null }, "geometry": null },
{ "type": "Feature", "properties": { "ID": 64, "DEPTO": "Cochabamba", "COD_DEPTO": 30000, "RED_SALUD": "Ivirgarzama", "COD_RED_SAL": 3006, "MUNICIPIO": "Puerto Villarroel", "COD_MUNI": 31205, "NOM_EESS": "CSA. Puerto Villarroel", "COD_EESS": 300349, "NIVEL_RES": "1er", "TIPO_EESS": "C.S. Ambulatorio", "POB_ASIG": 4346, "EESS_REF": "Hospital Ivirgarzama - 2do Nvl.", "COD_ES_REF": 300346, "TIPO_ACC_REF": "Terrestre", "DIST_REF": "25 Km", "TIEMPO_REF": "26 min.", "FISIO_REF": "Ninguna (Av.Pavimentada)", "EESS_REF2": null, "COD_ES_RF2": 0, "TIPACC_REF2": null, "DIST_REF2": null, "TIEMPOREF2": null, "FISIO_REF2": null, "EESS_REF3": null, "COD_ES_RF3": 0, "TIPACC_REF3": null, "DIST_REF3": null, "TIEMPOREF3": null, "FISIO_REF3": null }, "geometry": null },
{ "type": "Feature", "properties": { "ID": 68, "DEPTO": "Cochabamba", "COD_DEPTO": 30000, "RED_SALUD": "Ivirgarzama", "COD_RED_SAL": 3006, "MUNICIPIO": "Puerto Villarroel", "COD_MUNI": 31205, "NOM_EESS": "CScI. Valle Sacta", "COD_EESS": 300350, "NIVEL_RES": "1er", "TIPO_EESS": "C.S. con Internacion", "POB_ASIG": 5026, "EESS_REF": "Hospital Ivirgarzama - 2do Nvl.", "COD_ES_REF": 300346, "TIPO_ACC_REF": "Terrestre", "DIST_REF": "18 Km", "TIEMPO_REF": "18 min.", "FISIO_REF": "Ninguno (Av. Pavimentada)", "EESS_REF2": null, "COD_ES_RF2": 0, "TIPACC_REF2": null, "DIST_REF2": null, "TIEMPOREF2": null, "FISIO_REF2": null, "EESS_REF3": null, "COD_ES_RF3": 0, "TIPACC_REF3": null, "DIST_REF3": null, "TIEMPOREF3": null, "FISIO_REF3": null }, "geometry": null },
{ "type": "Feature", "properties": { "ID": 84, "DEPTO": "Cochabamba", "COD_DEPTO": 30000, "RED_SALUD": "Ivirgarzama", "COD_RED_SAL": 3006, "MUNICIPIO": "Puerto Villarroel", "COD_MUNI": 31205, "NOM_EESS": "PS. Senda VI", "COD_EESS": 300351, "NIVEL_RES": "1er", "TIPO_EESS": "Puesto de Salud", "POB_ASIG": 2245, "EESS_REF": "Hospital Ivirgarzama - 2do Nvl.", "COD_ES_REF": 300346, "TIPO_ACC_REF": "Terrestre", "DIST_REF": "10 Km", "TIEMPO_REF": "15 min.", "FISIO_REF": "Ninguna", "EESS_REF2": null, "COD_ES_RF2": 0, "TIPACC_REF2": null, "DIST_REF2": null, "TIEMPOREF2": null, "FISIO_REF2": null, "EESS_REF3": null, "COD_ES_RF3": 0, "TIPACC_REF3": null, "DIST_REF3": null, "TIEMPOREF3": null, "FISIO_REF3": null }, "geometry": null },
{ "type": "Feature", "properties": { "ID": 65, "DEPTO": "Cochabamba", "COD_DEPTO": 30000, "RED_SALUD": "Ivirgarzama", "COD_RED_SAL": 3006, "MUNICIPIO": "Puerto Villarroel", "COD_MUNI": 31205, "NOM_EESS": "CSA. Valle Hermoso", "COD_EESS": 300352, "NIVEL_RES": "1er", "TIPO_EESS": "C.S. Ambulatorio", "POB_ASIG": 3431, "EESS_REF": "Hospital Ivirgarzama - 2do Nvl.", "COD_ES_REF": 300346, "TIPO_ACC_REF": "Terrestre", "DIST_REF": "28 Km", "TIEMPO_REF": "36 min. ", "FISIO_REF": "Camino Empedrado desde el EE.SS hasta la Carretera", "EESS_REF2": null, "COD_ES_RF2": 0, "TIPACC_REF2": null, "DIST_REF2": null, "TIEMPOREF2": null, "FISIO_REF2": null, "EESS_REF3": null, "COD_ES_RF3": 0, "TIPACC_REF3": null, "DIST_REF3": null, "TIEMPOREF3": null, "FISIO_REF3": null }, "geometry": null },
{ "type": "Feature", "properties": { "ID": 86, "DEPTO": "Cochabamba", "COD_DEPTO": 30000, "RED_SALUD": "Ivirgarzama", "COD_RED_SAL": 3006, "MUNICIPIO": "Puerto Villarroel", "COD_MUNI": 31205, "NOM_EESS": "PS. Valle Ivirza", "COD_EESS": 300353, "NIVEL_RES": "1er", "TIPO_EESS": "Puesto de Salud", "POB_ASIG": 2900, "EESS_REF": "Hospital Ivirgarzama - 2do Nvl.", "COD_ES_REF": 300346, "TIPO_ACC_REF": "Terrestre", "DIST_REF": "22 Km", "TIEMPO_REF": "28 min.", "FISIO_REF": "Camino Empedrado desde el EE.SS hasta la Carretera", "EESS_REF2": null, "COD_ES_RF2": 0, "TIPACC_REF2": null, "DIST_REF2": null, "TIEMPOREF2": null, "FISIO_REF2": null, "EESS_REF3": null, "COD_ES_RF3": 0, "TIPACC_REF3": null, "DIST_REF3": null, "TIEMPOREF3": null, "FISIO_REF3": null }, "geometry": null },
{ "type": "Feature", "properties": { "ID": 69, "DEPTO": "Cochabamba", "COD_DEPTO": 30000, "RED_SALUD": "Ivirgarzama", "COD_RED_SAL": 3006, "MUNICIPIO": "Puerto Villarroel", "COD_MUNI": 31205, "NOM_EESS": "CScI. Valle Tunari", "COD_EESS": 300354, "NIVEL_RES": "1er", "TIPO_EESS": "C.S. con Internacion", "POB_ASIG": 2221, "EESS_REF": "Hospital Ivirgarzama - 2do Nvl.", "COD_ES_REF": 300346, "TIPO_ACC_REF": "Terrestre", "DIST_REF": "38 Km", "TIEMPO_REF": "39 min.", "FISIO_REF": "Camino Empedrado desde el EE.SS hasta la Carretera", "EESS_REF2": null, "COD_ES_RF2": 0, "TIPACC_REF2": null, "DIST_REF2": null, "TIEMPOREF2": null, "FISIO_REF2": null, "EESS_REF3": null, "COD_ES_RF3": 0, "TIPACC_REF3": null, "DIST_REF3": null, "TIEMPOREF3": null, "FISIO_REF3": null }, "geometry": null },
{ "type": "Feature", "properties": { "ID": 70, "DEPTO": "Cochabamba", "COD_DEPTO": 30000, "RED_SALUD": "Ivirgarzama", "COD_RED_SAL": 3006, "MUNICIPIO": "Puerto Villarroel", "COD_MUNI": 31205, "NOM_EESS": "CScI. Villa Nueva", "COD_EESS": 300355, "NIVEL_RES": "1er", "TIPO_EESS": "C.S. con Internacion", "POB_ASIG": 1724, "EESS_REF": "Hospital Ivirgarzama - 2do Nvl.", "COD_ES_REF": 300346, "TIPO_ACC_REF": "Terrestre", "DIST_REF": "33 Km", "TIEMPO_REF": "35 min. ", "FISIO_REF": "Camino Empedrado desde el EE.SS hasta la Carretera", "EESS_REF2": null, "COD_ES_RF2": 0, "TIPACC_REF2": null, "DIST_REF2": null, "TIEMPOREF2": null, "FISIO_REF2": null, "EESS_REF3": null, "COD_ES_RF3": 0, "TIPACC_REF3": null, "DIST_REF3": null, "TIEMPOREF3": null, "FISIO_REF3": null }, "geometry": null },
{ "type": "Feature", "properties": { "ID": 67, "DEPTO": "Cochabamba", "COD_DEPTO": 30000, "RED_SALUD": "Ivirgarzama", "COD_RED_SAL": 3006, "MUNICIPIO": "Puerto Villarroel", "COD_MUNI": 31205, "NOM_EESS": "CScI. Tamborada", "COD_EESS": 300356, "NIVEL_RES": "1er", "TIPO_EESS": "C.S. con Internacion", "POB_ASIG": 1071, "EESS_REF": "Hospital Ivirgarzama - 2do Nvl.", "COD_ES_REF": 300346, "TIPO_ACC_REF": "Terrestre", "DIST_REF": "38 Km", "TIEMPO_REF": "40 min.", "FISIO_REF": "Camino Empedrado desde el EE.SS hasta la Carretera", "EESS_REF2": null, "COD_ES_RF2": 0, "TIPACC_REF2": null, "DIST_REF2": null, "TIEMPOREF2": null, "FISIO_REF2": null, "EESS_REF3": null, "COD_ES_RF3": 0, "TIPACC_REF3": null, "DIST_REF3": null, "TIEMPOREF3": null, "FISIO_REF3": null }, "geometry": null },
{ "type": "Feature", "properties": { "ID": 98, "DEPTO": "Cochabamba", "COD_DEPTO": 30000, "RED_SALUD": "Mizque", "COD_RED_SAL": 3012, "MUNICIPIO": "Mizque", "COD_MUNI": 31301, "NOM_EESS": "PS. Kuri", "COD_EESS": 300357, "NIVEL_RES": "1er", "TIPO_EESS": "Puesto de Salud", "POB_ASIG": 504, "EESS_REF": "Hospital Mizque - Augusto Morales A. - 2do Nvl.", "COD_ES_REF": 300360, "TIPO_ACC_REF": "Terrestre", "DIST_REF": "47 Km", "TIEMPO_REF": "45 min.", "FISIO_REF": "Disponibilidad de Combustible", "EESS_REF2": null, "COD_ES_RF2": 0, "TIPACC_REF2": null, "DIST_REF2": null, "TIEMPOREF2": null, "FISIO_REF2": null, "EESS_REF3": null, "COD_ES_RF3": 0, "TIPACC_REF3": null, "DIST_REF3": null, "TIEMPOREF3": null, "FISIO_REF3": null }, "geometry": null },
{ "type": "Feature", "properties": { "ID": 103, "DEPTO": "Cochabamba", "COD_DEPTO": 30000, "RED_SALUD": "Mizque", "COD_RED_SAL": 3012, "MUNICIPIO": "Raqaypampa", "COD_MUNI": 31301, "NOM_EESS": "CSA. Laguna", "COD_EESS": 300358, "NIVEL_RES": "1er", "TIPO_EESS": "C.S. Ambulatorio", "POB_ASIG": 2015, "EESS_REF": "Hospital Carmen Lopez - 2do Nvl.", "COD_ES_REF": 300087, "TIPO_ACC_REF": "Terrestre", "DIST_REF": "78 Km", "TIEMPO_REF": "2 Hrs. 5 min.", "FISIO_REF": "Lluvias, Cricida de Rios, Heladas", "EESS_REF2": "Hospital Mizque - Augusto Morales A. - 2do Nvl.", "COD_ES_RF2": 300360, "TIPACC_REF2": "Terrestre", "DIST_REF2": "85 Km", "TIEMPOREF2": "2 Hrs. 20 min.", "FISIO_REF2": "Lluvias, Cricida de Rios, Heladas", "EESS_REF3": null, "COD_ES_RF3": 0, "TIPACC_REF3": null, "DIST_REF3": null, "TIEMPOREF3": null, "FISIO_REF3": null }, "geometry": null },
{ "type": "Feature", "properties": { "ID": 93, "DEPTO": "Cochabamba", "COD_DEPTO": 30000, "RED_SALUD": "Mizque", "COD_RED_SAL": 3012, "MUNICIPIO": "Mizque", "COD_MUNI": 31301, "NOM_EESS": "CSA. Mina Asientos", "COD_EESS": 300359, "NIVEL_RES": "1er", "TIPO_EESS": "C.S. Ambulatorio", "POB_ASIG": 2783, "EESS_REF": "Hospital Mizque - Augusto Morales A. - 2do Nvl.", "COD_ES_REF": 300360, "TIPO_ACC_REF": "Terrestre", "DIST_REF": "90 Km", "TIEMPO_REF": "3 Hrs.", "FISIO_REF": "Conflictos Entre Transportistas.", "EESS_REF2": null, "COD_ES_RF2": 0, "TIPACC_REF2": null, "DIST_REF2": null, "TIEMPOREF2": null, "FISIO_REF2": null, "EESS_REF3": null, "COD_ES_RF3": 0, "TIPACC_REF3": null, "DIST_REF3": null, "TIEMPOREF3": null, "FISIO_REF3": null }, "geometry": null },
{ "type": "Feature", "properties": { "ID": 97, "DEPTO": "Cochabamba", "COD_DEPTO": 30000, "RED_SALUD": "Mizque", "COD_RED_SAL": 3012, "MUNICIPIO": "Mizque", "COD_MUNI": 31301, "NOM_EESS": "Hospital Mizque - Augusto Morales A.", "COD_EESS": 300360, "NIVEL_RES": "2do", "TIPO_EESS": "Hospital Segundo Nivel", "POB_ASIG": 21139, "EESS_REF": "Hospital Punata \"Manuel A.Villarroel\" - 2do Nvl.", "COD_ES_REF": 300378, "TIPO_ACC_REF": "Terrestre", "DIST_REF": "106 Km", "TIEMPO_REF": "2 Hrs. 45 min.", "FISIO_REF": "Conflictos", "EESS_REF2": "Hospital Viedma - 3er Nvl.", "COD_ES_RF2": 300070, "TIPACC_REF2": "Terrestre", "DIST_REF2": "154 Km", "TIEMPOREF2": "3 Hrs.", "FISIO_REF2": "Lluvias", "EESS_REF3": null, "COD_ES_RF3": 0, "TIPACC_REF3": null, "DIST_REF3": null, "TIEMPOREF3": null, "FISIO_REF3": null }, "geometry": null },
{ "type": "Feature", "properties": { "ID": 106, "DEPTO": "Cochabamba", "COD_DEPTO": 30000, "RED_SALUD": "Mizque", "COD_RED_SAL": 3012, "MUNICIPIO": "Raqaypampa", "COD_MUNI": 31301, "NOM_EESS": "PS. Mizquepampa", "COD_EESS": 300361, "NIVEL_RES": "1er", "TIPO_EESS": "Puesto de Salud", "POB_ASIG": 750, "EESS_REF": "Hospital Mizque - Augusto Morales A. - 2do Nvl.", "COD_ES_REF": 300360, "TIPO_ACC_REF": "Terrestre", "DIST_REF": "52 Km", "TIEMPO_REF": "1 Hra. 10 min.", "FISIO_REF": "Lluvias, Deslizamientos, crecida de rios", "EESS_REF2": null, "COD_ES_RF2": 0, "TIPACC_REF2": null, "DIST_REF2": null, "TIEMPOREF2": null, "FISIO_REF2": null, "EESS_REF3": null, "COD_ES_RF3": 0, "TIPACC_REF3": null, "DIST_REF3": null, "TIEMPOREF3": null, "FISIO_REF3": null }, "geometry": null },
{ "type": "Feature", "properties": { "ID": 104, "DEPTO": "Cochabamba", "COD_DEPTO": 30000, "RED_SALUD": "Mizque", "COD_RED_SAL": 3012, "MUNICIPIO": "Raqaypampa", "COD_MUNI": 31301, "NOM_EESS": "CSA. Raqaypampa", "COD_EESS": 300362, "NIVEL_RES": "1er", "TIPO_EESS": "C.S. Ambulatorio", "POB_ASIG": 2150, "EESS_REF": "Hospital Carmen Lopez - 2do Nvl.", "COD_ES_REF": 300087, "TIPO_ACC_REF": "Terrestre", "DIST_REF": "58 Km", "TIEMPO_REF": "1 Hra. 30 min.", "FISIO_REF": "Lluvias, Cricida de Rios, Heladas", "EESS_REF2": "Hospital Mizque - Augusto Morales A. - 2do Nvl.", "COD_ES_RF2": 300360, "TIPACC_REF2": "Terrestre", "DIST_REF2": "60 Km", "TIEMPOREF2": "1 Hra. 40 min.", "FISIO_REF2": "Lluvias, Cricida de Rios, Heladas", "EESS_REF3": null, "COD_ES_RF3": 0, "TIPACC_REF3": null, "DIST_REF3": null, "TIEMPOREF3": null, "FISIO_REF3": null }, "geometry": null },
{ "type": "Feature", "properties": { "ID": 107, "DEPTO": "Cochabamba", "COD_DEPTO": 30000, "RED_SALUD": "Mizque", "COD_RED_SAL": 3012, "MUNICIPIO": "Raqaypampa", "COD_MUNI": 31301, "NOM_EESS": "PS. Molinero", "COD_EESS": 300363, "NIVEL_RES": "1er", "TIPO_EESS": "Puesto de Salud", "POB_ASIG": 539, "EESS_REF": "Hospital Mizque - Augusto Morales A. - 2do Nvl.", "COD_ES_REF": 300360, "TIPO_ACC_REF": "Terrestre", "DIST_REF": "72 Km", "TIEMPO_REF": "1 Hra. 40 min.", "FISIO_REF": "Lluvias, Deslizamientos, crecida de rios", "EESS_REF2": null, "COD_ES_RF2": 0, "TIPACC_REF2": null, "DIST_REF2": null, "TIEMPOREF2": null, "FISIO_REF2": null, "EESS_REF3": null, "COD_ES_RF3": 0, "TIPACC_REF3": null, "DIST_REF3": null, "TIEMPOREF3": null, "FISIO_REF3": null }, "geometry": null },
{ "type": "Feature", "properties": { "ID": 108, "DEPTO": "Cochabamba", "COD_DEPTO": 30000, "RED_SALUD": "Mizque", "COD_RED_SAL": 3012, "MUNICIPIO": "Raqaypampa", "COD_MUNI": 31301, "NOM_EESS": "PS. Salvia", "COD_EESS": 300364, "NIVEL_RES": "1er", "TIPO_EESS": "Puesto de Salud", "POB_ASIG": 759, "EESS_REF": "Hospital Mizque - Augusto Morales A. - 2do Nvl.", "COD_ES_REF": 300360, "TIPO_ACC_REF": "Terrestre", "DIST_REF": "50 Km", "TIEMPO_REF": "1 Hra. 10 min.", "FISIO_REF": "Lluvias, Deslizamientos, crecida de rios", "EESS_REF2": null, "COD_ES_RF2": 0, "TIPACC_REF2": null, "DIST_REF2": null, "TIEMPOREF2": null, "FISIO_REF2": null, "EESS_REF3": null, "COD_ES_RF3": 0, "TIPACC_REF3": null, "DIST_REF3": null, "TIEMPOREF3": null, "FISIO_REF3": null }, "geometry": null },
{ "type": "Feature", "properties": { "ID": 99, "DEPTO": "Cochabamba", "COD_DEPTO": 30000, "RED_SALUD": "Mizque", "COD_RED_SAL": 3012, "MUNICIPIO": "Mizque", "COD_MUNI": 31301, "NOM_EESS": "PS. San Vicente", "COD_EESS": 300365, "NIVEL_RES": "1er", "TIPO_EESS": "Puesto de Salud", "POB_ASIG": 825, "EESS_REF": "CSA. Mina Asientos - 1er Nvl.", "COD_ES_REF": 300359, "TIPO_ACC_REF": "Terrestre", "DIST_REF": "70 Km", "TIEMPO_REF": "2 Hrs. 30 min. ", "FISIO_REF": "Aumento del Caudal o Sequia", "EESS_REF2": "Hospital Mizque - Augusto Morales A. - 2do Nvl.", "COD_ES_RF2": 300360, "TIPACC_REF2": "Terrestre", "DIST_REF2": "60 Km", "TIEMPOREF2": "2 Hrs. 10 min.", "FISIO_REF2": "Disponibilidad de Combustible", "EESS_REF3": null, "COD_ES_RF3": 0, "TIPACC_REF3": null, "DIST_REF3": null, "TIEMPOREF3": null, "FISIO_REF3": null }, "geometry": null },
{ "type": "Feature", "properties": { "ID": 95, "DEPTO": "Cochabamba", "COD_DEPTO": 30000, "RED_SALUD": "Mizque", "COD_RED_SAL": 3012, "MUNICIPIO": "Mizque", "COD_MUNI": 31301, "NOM_EESS": "CScI. Tin Tin", "COD_EESS": 300366, "NIVEL_RES": "1er", "TIPO_EESS": "C.S. con Internacion", "POB_ASIG": 2020, "EESS_REF": "Hospital Mizque - Augusto Morales A. - 2do Nvl.", "COD_ES_REF": 300360, "TIPO_ACC_REF": "Terrestre", "DIST_REF": "23 Km", "TIEMPO_REF": "40 min.", "FISIO_REF": "Via Terrestre las Lluvas Imposibilitan el Ingreso de Los Vehiculos.", "EESS_REF2": null, "COD_ES_RF2": 0, "TIPACC_REF2": null, "DIST_REF2": null, "TIEMPOREF2": null, "FISIO_REF2": null, "EESS_REF3": null, "COD_ES_RF3": 0, "TIPACC_REF3": null, "DIST_REF3": null, "TIEMPOREF3": null, "FISIO_REF3": null }, "geometry": null },
{ "type": "Feature", "properties": { "ID": 96, "DEPTO": "Cochabamba", "COD_DEPTO": 30000, "RED_SALUD": "Mizque", "COD_RED_SAL": 3012, "MUNICIPIO": "Mizque", "COD_MUNI": 31301, "NOM_EESS": "CScI. Tipa Tipa", "COD_EESS": 300367, "NIVEL_RES": "1er", "TIPO_EESS": "C.S. con Internacion", "POB_ASIG": 626, "EESS_REF": "Hospital Mizque - Augusto Morales A. - 2do Nvl.", "COD_ES_REF": 300360, "TIPO_ACC_REF": "Terrestre", "DIST_REF": "29.4 Km", "TIEMPO_REF": "34 min.", "FISIO_REF": "Crecida de Rios en Tiempo de Lluvias ", "EESS_REF2": null, "COD_ES_RF2": 0, "TIPACC_REF2": null, "DIST_REF2": null, "TIEMPOREF2": null, "FISIO_REF2": null, "EESS_REF3": null, "COD_ES_RF3": 0, "TIPACC_REF3": null, "DIST_REF3": null, "TIEMPOREF3": null, "FISIO_REF3": null }, "geometry": null },
{ "type": "Feature", "properties": { "ID": 101, "DEPTO": "Cochabamba", "COD_DEPTO": 30000, "RED_SALUD": "Mizque", "COD_RED_SAL": 3012, "MUNICIPIO": "Mizque", "COD_MUNI": 31301, "NOM_EESS": "PS. Tucma Alta", "COD_EESS": 300368, "NIVEL_RES": "1er", "TIPO_EESS": "Puesto de Salud", "POB_ASIG": 1101, "EESS_REF": "Hospital Mizque - Augusto Morales A. - 2do Nvl.", "COD_ES_REF": 300360, "TIPO_ACC_REF": "Terrestre", "DIST_REF": "25 Km", "TIEMPO_REF": "30 min.", "FISIO_REF": "Lluvias, Aumento del Caudal o Sequia", "EESS_REF2": null, "COD_ES_RF2": 0, "TIPACC_REF2": null, "DIST_REF2": null, "TIEMPOREF2": null, "FISIO_REF2": null, "EESS_REF3": null, "COD_ES_RF3": 0, "TIPACC_REF3": null, "DIST_REF3": null, "TIEMPOREF3": null, "FISIO_REF3": null }, "geometry": null },
{ "type": "Feature", "properties": { "ID": 112, "DEPTO": "Cochabamba", "COD_DEPTO": 30000, "RED_SALUD": "Mizque", "COD_RED_SAL": 3012, "MUNICIPIO": "Vila Vila", "COD_MUNI": 31302, "NOM_EESS": "PS. Pocotaica", "COD_EESS": 300369, "NIVEL_RES": "1er", "TIPO_EESS": "Puesto de Salud", "POB_ASIG": 282, "EESS_REF": "Hospital Punata \"Manuel A.Villarroel\" - 2do Nvl.", "COD_ES_REF": 300378, "TIPO_ACC_REF": "Terrestre", "DIST_REF": "120 Km", "TIEMPO_REF": "2 Hrs. 15 min.", "FISIO_REF": "Camino de Tierra y Empedrado, Montañas y Rios", "EESS_REF2": null, "COD_ES_RF2": 0, "TIPACC_REF2": null, "DIST_REF2": null, "TIEMPOREF2": null, "FISIO_REF2": null, "EESS_REF3": null, "COD_ES_RF3": 0, "TIPACC_REF3": null, "DIST_REF3": null, "TIEMPOREF3": null, "FISIO_REF3": null }, "geometry": null },
{ "type": "Feature", "properties": { "ID": 109, "DEPTO": "Cochabamba", "COD_DEPTO": 30000, "RED_SALUD": "Mizque", "COD_RED_SAL": 3012, "MUNICIPIO": "Vila Vila", "COD_MUNI": 31302, "NOM_EESS": "CScI. Sikimira", "COD_EESS": 300370, "NIVEL_RES": "1er", "TIPO_EESS": "C.S. con Internacion", "POB_ASIG": 1015, "EESS_REF": "Hospital Mizque - Augusto Morales A. - 2do Nvl.", "COD_ES_REF": 300360, "TIPO_ACC_REF": "Terrestre", "DIST_REF": "120 Km", "TIEMPO_REF": "2 Hrs.", "FISIO_REF": "Camino de Tierra y Empedrado, Montañas y Rios", "EESS_REF2": "Hospital Punata \"Manuel A.Villarroel\" - 2do Nvl.", "COD_ES_RF2": 300378, "TIPACC_REF2": "Terrestre", "DIST_REF2": "125 Km", "TIEMPOREF2": "2 Hrs. 45 min.", "FISIO_REF2": "Camino de Tierra y Empedrado, Montañas y Rios", "EESS_REF3": null, "COD_ES_RF3": 0, "TIPACC_REF3": null, "DIST_REF3": null, "TIEMPOREF3": null, "FISIO_REF3": null }, "geometry": null },
{ "type": "Feature", "properties": { "ID": 113, "DEPTO": "Cochabamba", "COD_DEPTO": 30000, "RED_SALUD": "Mizque", "COD_RED_SAL": 3012, "MUNICIPIO": "Vila Vila", "COD_MUNI": 31302, "NOM_EESS": "PS. Sivingani", "COD_EESS": 300371, "NIVEL_RES": "1er", "TIPO_EESS": "Puesto de Salud", "POB_ASIG": 976, "EESS_REF": "Hospital Mizque - Augusto Morales A. - 2do Nvl.", "COD_ES_REF": 300360, "TIPO_ACC_REF": "Terrestre", "DIST_REF": "85 Km", "TIEMPO_REF": "1 Hra. 35 min.", "FISIO_REF": "Camino de Tierra y Empedrado, Montañas y Rios", "EESS_REF2": "Hospital Punata \"Manuel A.Villarroel\" - 2do Nvl.", "COD_ES_RF2": 300378, "TIPACC_REF2": "Terrestre", "DIST_REF2": "120 Km", "TIEMPOREF2": "3 Hrs. 10 min.", "FISIO_REF2": "Camino de Tierra y Empedrado, Montañas y Rios", "EESS_REF3": null, "COD_ES_RF3": 0, "TIPACC_REF3": null, "DIST_REF3": null, "TIEMPOREF3": null, "FISIO_REF3": null }, "geometry": null },
{ "type": "Feature", "properties": { "ID": 110, "DEPTO": "Cochabamba", "COD_DEPTO": 30000, "RED_SALUD": "Mizque", "COD_RED_SAL": 3012, "MUNICIPIO": "Vila Vila", "COD_MUNI": 31302, "NOM_EESS": "CScI. Vila Vila", "COD_EESS": 300372, "NIVEL_RES": "1er", "TIPO_EESS": "C.S. con Internacion", "POB_ASIG": 1817, "EESS_REF": "Hospital Mizque - Augusto Morales A. - 2do Nvl.", "COD_ES_REF": 300360, "TIPO_ACC_REF": "Terrestre", "DIST_REF": "100 Km", "TIEMPO_REF": "1 Hra. 55 min.", "FISIO_REF": "Camino de Tierra y Empedrado, Montañas y Rios", "EESS_REF2": "Hospital Punata \"Manuel A.Villarroel\" - 2do Nvl.", "COD_ES_RF2": 300378, "TIPACC_REF2": "Terrestre", "DIST_REF2": "180 Km", "TIEMPOREF2": "2 Hrs. 30 min.", "FISIO_REF2": "Camino de Tierra y Empedrado, Montañas y Rios", "EESS_REF3": "Complejo Hospitalario CBBA - 3er Nvl.", "COD_ES_RF3": 300070, "TIPACC_REF3": "Terrestre", "DIST_REF3": "228 Km", "TIEMPOREF3": "3 Hrs. 15 min.", "FISIO_REF3": "Montañas y Rios" }, "geometry": null },
{ "type": "Feature", "properties": { "ID": 87, "DEPTO": "Cochabamba", "COD_DEPTO": 30000, "RED_SALUD": "Mizque", "COD_RED_SAL": 3012, "MUNICIPIO": "Alalay", "COD_MUNI": 31303, "NOM_EESS": "CScI. Alalay (Mizque)", "COD_EESS": 300373, "NIVEL_RES": "1er", "TIPO_EESS": "C.S. con Internacion", "POB_ASIG": 1014, "EESS_REF": "Hospital Punata \"Manuel A.Villarroel\" - 2do Nvl.", "COD_ES_REF": 300378, "TIPO_ACC_REF": "Terrestre", "DIST_REF": "74 Km", "TIEMPO_REF": "45 min.", "FISIO_REF": "Caminos Precipitados.", "EESS_REF2": "Complejo Hospitalario CBBA - 3er Nvl.", "COD_ES_RF2": 300070, "TIPACC_REF2": "Terrestre", "DIST_REF2": "100 Km", "TIEMPOREF2": "2 Hrs. 30 min.", "FISIO_REF2": "Caminos Precipitados.", "EESS_REF3": null, "COD_ES_RF3": 0, "TIPACC_REF3": null, "DIST_REF3": null, "TIEMPOREF3": null, "FISIO_REF3": null }, "geometry": null },
{ "type": "Feature", "properties": { "ID": 90, "DEPTO": "Cochabamba", "COD_DEPTO": 30000, "RED_SALUD": "Mizque", "COD_RED_SAL": 3012, "MUNICIPIO": "Alalay", "COD_MUNI": 31303, "NOM_EESS": "PS. Quturi", "COD_EESS": 300374, "NIVEL_RES": "1er", "TIPO_EESS": "Puesto de Salud", "POB_ASIG": 259, "EESS_REF": "CScI. Alalay (Mizque) - 1er Nvl.", "COD_ES_REF": 300373, "TIPO_ACC_REF": "Terrestre", "DIST_REF": "120 Km", "TIEMPO_REF": "2 Hrs.", "FISIO_REF": "Caminos Precipitados.", "EESS_REF2": "Hospital Punata \"Manuel A.Villarroel\" - 2do Nvl.", "COD_ES_RF2": 300378, "TIPACC_REF2": "Terrestre", "DIST_REF2": "194 Km", "TIEMPOREF2": "4 Hrs. 30 min.", "FISIO_REF2": "Caminos Precipitados.", "EESS_REF3": null, "COD_ES_RF3": 0, "TIPACC_REF3": null, "DIST_REF3": null, "TIEMPOREF3": null, "FISIO_REF3": null }, "geometry": null },
{ "type": "Feature", "properties": { "ID": 88, "DEPTO": "Cochabamba", "COD_DEPTO": 30000, "RED_SALUD": "Mizque", "COD_RED_SAL": 3012, "MUNICIPIO": "Alalay", "COD_MUNI": 31303, "NOM_EESS": "PS. Ayapampa", "COD_EESS": 300375, "NIVEL_RES": "1er", "TIPO_EESS": "Puesto de Salud", "POB_ASIG": 389, "EESS_REF": "CScI. Alalay (Mizque) - 1er Nvl.", "COD_ES_REF": 300373, "TIPO_ACC_REF": "Terrestre", "DIST_REF": "45 Km", "TIEMPO_REF": "30 min.", "FISIO_REF": "Caminos Precipitados.", "EESS_REF2": "Hospital Punata \"Manuel A.Villarroel\" - 2do Nvl.", "COD_ES_RF2": 300378, "TIPACC_REF2": "Terrestre", "DIST_REF2": "119 Km", "TIEMPOREF2": "1 Hra. 15 min.", "FISIO_REF2": "Caminos Precipitados.", "EESS_REF3": null, "COD_ES_RF3": 0, "TIPACC_REF3": null, "DIST_REF3": null, "TIEMPOREF3": null, "FISIO_REF3": null }, "geometry": null },
{ "type": "Feature", "properties": { "ID": 92, "DEPTO": "Cochabamba", "COD_DEPTO": 30000, "RED_SALUD": "Mizque", "COD_RED_SAL": 3012, "MUNICIPIO": "Alalay", "COD_MUNI": 31303, "NOM_EESS": "PS. Yanagaga", "COD_EESS": 300376, "NIVEL_RES": "1er", "TIPO_EESS": "Puesto de Salud", "POB_ASIG": 205, "EESS_REF": "CScI. Alalay (Mizque) - 1er Nvl.", "COD_ES_REF": 300373, "TIPO_ACC_REF": "Terrestre", "DIST_REF": "56 Km", "TIEMPO_REF": "35 min.", "FISIO_REF": "Caminos Precipitados.", "EESS_REF2": null, "COD_ES_RF2": 0, "TIPACC_REF2": null, "DIST_REF2": null, "TIEMPOREF2": null, "FISIO_REF2": null, "EESS_REF3": null, "COD_ES_RF3": 0, "TIPACC_REF3": null, "DIST_REF3": null, "TIEMPOREF3": null, "FISIO_REF3": null }, "geometry": null },
{ "type": "Feature", "properties": { "ID": 224, "DEPTO": "Cochabamba", "COD_DEPTO": 30000, "RED_SALUD": "Punata", "COD_RED_SAL": 3004, "MUNICIPIO": "Punata", "COD_MUNI": 31401, "NOM_EESS": "PS. La Villa", "COD_EESS": 300377, "NIVEL_RES": "1er", "TIPO_EESS": "Puesto de Salud", "POB_ASIG": 1255, "EESS_REF": "Hospital Punata \"Manuel A.Villarroel\" - 2do Nvl.", "COD_ES_REF": 300378, "TIPO_ACC_REF": "terrestre", "DIST_REF": "10 km", "TIEMPO_REF": "15 min.", "FISIO_REF": "ninguna ", "EESS_REF2": null, "COD_ES_RF2": 0, "TIPACC_REF2": null, "DIST_REF2": null, "TIEMPOREF2": null, "FISIO_REF2": null, "EESS_REF3": null, "COD_ES_RF3": 0, "TIPACC_REF3": null, "DIST_REF3": null, "TIEMPOREF3": null, "FISIO_REF3": null }, "geometry": null },
{ "type": "Feature", "properties": { "ID": 225, "DEPTO": "Cochabamba", "COD_DEPTO": 30000, "RED_SALUD": "Punata", "COD_RED_SAL": 3004, "MUNICIPIO": "Punata", "COD_MUNI": 31401, "NOM_EESS": "Hospital Punata \"Manuel A.Villarroel\"", "COD_EESS": 300378, "NIVEL_RES": "2do", "TIPO_EESS": "Hospital Segundo Nivel", "POB_ASIG": 108086, "EESS_REF": "Complejo Hospitalario CBBA - 3er Nvl.", "COD_ES_REF": 300070, "TIPO_ACC_REF": "terrestre ", "DIST_REF": "45 km", "TIEMPO_REF": "40 min                                            ", "FISIO_REF": "ninguna ", "EESS_REF2": null, "COD_ES_RF2": 0, "TIPACC_REF2": null, "DIST_REF2": null, "TIEMPOREF2": null, "FISIO_REF2": null, "EESS_REF3": null, "COD_ES_RF3": 0, "TIPACC_REF3": null, "DIST_REF3": null, "TIEMPOREF3": null, "FISIO_REF3": null }, "geometry": null },
{ "type": "Feature", "properties": { "ID": 226, "DEPTO": "Cochabamba", "COD_DEPTO": 30000, "RED_SALUD": "Punata", "COD_RED_SAL": 3004, "MUNICIPIO": "Punata", "COD_MUNI": 31401, "NOM_EESS": "PS. Punata", "COD_EESS": 300379, "NIVEL_RES": "1er", "TIPO_EESS": "Puesto de Salud", "POB_ASIG": 33531, "EESS_REF": "Hospital Punata \"Manuel A.Villarroel\" - 2do Nvl.", "COD_ES_REF": 300378, "TIPO_ACC_REF": "terrestre ", "DIST_REF": "100 mt", "TIEMPO_REF": "3 min.", "FISIO_REF": "ninguna ", "EESS_REF2": null, "COD_ES_RF2": 0, "TIPACC_REF2": null, "DIST_REF2": null, "TIEMPOREF2": null, "FISIO_REF2": null, "EESS_REF3": null, "COD_ES_RF3": 0, "TIPACC_REF3": null, "DIST_REF3": null, "TIEMPOREF3": null, "FISIO_REF3": null }, "geometry": null },
{ "type": "Feature", "properties": { "ID": 228, "DEPTO": "Cochabamba", "COD_DEPTO": 30000, "RED_SALUD": "Punata", "COD_RED_SAL": 3004, "MUNICIPIO": "Punata", "COD_MUNI": 31401, "NOM_EESS": "PS. Virgen de Guadalupe", "COD_EESS": 300381, "NIVEL_RES": "1er", "TIPO_EESS": "Puesto de Salud", "POB_ASIG": 3242, "EESS_REF": "Hospital Punata \"Manuel A.Villarroel\" - 2do Nvl.", "COD_ES_REF": 300378, "TIPO_ACC_REF": "terrestre", "DIST_REF": "7 km", "TIEMPO_REF": "12 min.", "FISIO_REF": "ninguna ", "EESS_REF2": null, "COD_ES_RF2": 0, "TIPACC_REF2": null, "DIST_REF2": null, "TIEMPOREF2": null, "FISIO_REF2": null, "EESS_REF3": null, "COD_ES_RF3": 0, "TIPACC_REF3": null, "DIST_REF3": null, "TIEMPOREF3": null, "FISIO_REF3": null }, "geometry": null },
{ "type": "Feature", "properties": { "ID": 227, "DEPTO": "Cochabamba", "COD_DEPTO": 30000, "RED_SALUD": "Punata", "COD_RED_SAL": 3004, "MUNICIPIO": "Punata", "COD_MUNI": 31401, "NOM_EESS": "CScI. Leon Rancho", "COD_EESS": 300382, "NIVEL_RES": "1er", "TIPO_EESS": "C.S. con Internacion", "POB_ASIG": 3428, "EESS_REF": "Hospital Punata \"Manuel A.Villarroel\" - 2do Nvl.", "COD_ES_REF": 300378, "TIPO_ACC_REF": "terrestre ", "DIST_REF": "5 km", "TIEMPO_REF": "10 min.", "FISIO_REF": "ninguna ", "EESS_REF2": null, "COD_ES_RF2": 0, "TIPACC_REF2": null, "DIST_REF2": null, "TIEMPOREF2": null, "FISIO_REF2": null, "EESS_REF3": null, "COD_ES_RF3": 0, "TIPACC_REF3": null, "DIST_REF3": null, "TIEMPOREF3": null, "FISIO_REF3": null }, "geometry": null },
{ "type": "Feature", "properties": { "ID": 230, "DEPTO": "Cochabamba", "COD_DEPTO": 30000, "RED_SALUD": "Punata", "COD_RED_SAL": 3004, "MUNICIPIO": "Punata", "COD_MUNI": 31401, "NOM_EESS": "PS. Tajamar", "COD_EESS": 300383, "NIVEL_RES": "1er", "TIPO_EESS": "Puesto de Salud", "POB_ASIG": 2823, "EESS_REF": "Hospital Punata \"Manuel A.Villarroel\" - 2do Nvl.", "COD_ES_REF": 300378, "TIPO_ACC_REF": "terrestre", "DIST_REF": "6 km", "TIEMPO_REF": "12 min.", "FISIO_REF": "ninguna ", "EESS_REF2": null, "COD_ES_RF2": 0, "TIPACC_REF2": null, "DIST_REF2": null, "TIEMPOREF2": null, "FISIO_REF2": null, "EESS_REF3": null, "COD_ES_RF3": 0, "TIPACC_REF3": null, "DIST_REF3": null, "TIEMPOREF3": null, "FISIO_REF3": null }, "geometry": null },
{ "type": "Feature", "properties": { "ID": 229, "DEPTO": "Cochabamba", "COD_DEPTO": 30000, "RED_SALUD": "Punata", "COD_RED_SAL": 3004, "MUNICIPIO": "Punata", "COD_MUNI": 31401, "NOM_EESS": "PS. Laguna Sulti", "COD_EESS": 300384, "NIVEL_RES": "1er", "TIPO_EESS": "Puesto de Salud", "POB_ASIG": 883, "EESS_REF": "Hospital Punata \"Manuel A.Villarroel\" - 2do Nvl.", "COD_ES_REF": 300378, "TIPO_ACC_REF": "terrestre", "DIST_REF": "7 km", "TIEMPO_REF": "15 min.     ", "FISIO_REF": "ninguna ", "EESS_REF2": null, "COD_ES_RF2": 0, "TIPACC_REF2": null, "DIST_REF2": null, "TIEMPOREF2": null, "FISIO_REF2": null, "EESS_REF3": null, "COD_ES_RF3": 0, "TIPACC_REF3": null, "DIST_REF3": null, "TIEMPOREF3": null, "FISIO_REF3": null }, "geometry": null },
{ "type": "Feature", "properties": { "ID": 231, "DEPTO": "Cochabamba", "COD_DEPTO": 30000, "RED_SALUD": "Punata", "COD_RED_SAL": 3004, "MUNICIPIO": "Punata", "COD_MUNI": 31401, "NOM_EESS": "PS. Cursani", "COD_EESS": 300388, "NIVEL_RES": "1er", "TIPO_EESS": "Puesto de Salud", "POB_ASIG": 722, "EESS_REF": "Hospital Punata \"Manuel A.Villarroel\" - 2do Nvl.", "COD_ES_REF": 300378, "TIPO_ACC_REF": "terrestre", "DIST_REF": "20 km", "TIEMPO_REF": "30 min.", "FISIO_REF": "quebrada", "EESS_REF2": null, "COD_ES_RF2": 0, "TIPACC_REF2": null, "DIST_REF2": null, "TIEMPOREF2": null, "FISIO_REF2": null, "EESS_REF3": null, "COD_ES_RF3": 0, "TIPACC_REF3": null, "DIST_REF3": null, "TIEMPOREF3": null, "FISIO_REF3": null }, "geometry": null },
{ "type": "Feature", "properties": { "ID": 143, "DEPTO": "Cochabamba", "COD_DEPTO": 30000, "RED_SALUD": "Villa Tunari", "COD_RED_SAL": 3005, "MUNICIPIO": "Shinahota", "COD_MUNI": 31602, "NOM_EESS": "Hospital San Martin de Porres", "COD_EESS": 300404, "NIVEL_RES": "2do", "TIPO_EESS": "Hospital Segundo Nivel", "POB_ASIG": 26533, "EESS_REF": "Hospital Villa Tunari - 2do Nvl.", "COD_ES_REF": 300288, "TIPO_ACC_REF": "Terrestre", "DIST_REF": "10.4 Km", "TIEMPO_REF": "14 min.", "FISIO_REF": "Ninguno", "EESS_REF2": "Hospital Villa Tunari - 3er Nvl.", "COD_ES_RF2": 300759, "TIPACC_REF2": "Terrestre", "DIST_REF2": "16.3 Km", "TIEMPOREF2": "22 min.", "FISIO_REF2": "Ninguno", "EESS_REF3": "Complejo Hospitalario CBBA - 3er Nvl.", "COD_ES_RF3": 300070, "TIPACC_REF3": "Terrestre", "DIST_REF3": "168 Km", "TIEMPOREF3": "4 Hrs.", "FISIO_REF3": "Ninguno" }, "geometry": null },
{ "type": "Feature", "properties": { "ID": 144, "DEPTO": "Cochabamba", "COD_DEPTO": 30000, "RED_SALUD": "Villa Tunari", "COD_RED_SAL": 3005, "MUNICIPIO": "Shinahota", "COD_MUNI": 31602, "NOM_EESS": "PS. Majo Pampa", "COD_EESS": 300408, "NIVEL_RES": "1er", "TIPO_EESS": "Puesto de Salud", "POB_ASIG": 1531, "EESS_REF": "Hospital San Martin de Porres - 2do Nvl.", "COD_ES_REF": 300404, "TIPO_ACC_REF": "Terrestre", "DIST_REF": "17.8 Km", "TIEMPO_REF": "35 min.", "FISIO_REF": "Montañoso", "EESS_REF2": null, "COD_ES_RF2": 0, "TIPACC_REF2": null, "DIST_REF2": null, "TIEMPOREF2": null, "FISIO_REF2": null, "EESS_REF3": null, "COD_ES_RF3": 0, "TIPACC_REF3": null, "DIST_REF3": null, "TIEMPOREF3": null, "FISIO_REF3": null }, "geometry": null },
{ "type": "Feature", "properties": { "ID": 146, "DEPTO": "Cochabamba", "COD_DEPTO": 30000, "RED_SALUD": "Villa Tunari", "COD_RED_SAL": 3005, "MUNICIPIO": "Shinahota", "COD_MUNI": 31602, "NOM_EESS": "PS. Santa Rosa", "COD_EESS": 300412, "NIVEL_RES": "1er", "TIPO_EESS": "Puesto de Salud", "POB_ASIG": 2271, "EESS_REF": "Hospital San Martin de Porres - 2do Nvl.", "COD_ES_REF": 300404, "TIPO_ACC_REF": "Terrestre", "DIST_REF": "5 Km ", "TIEMPO_REF": "20 min.", "FISIO_REF": "Empedrado, Ripio", "EESS_REF2": null, "COD_ES_RF2": 0, "TIPACC_REF2": null, "DIST_REF2": null, "TIEMPOREF2": null, "FISIO_REF2": null, "EESS_REF3": null, "COD_ES_RF3": 0, "TIPACC_REF3": null, "DIST_REF3": null, "TIEMPOREF3": null, "FISIO_REF3": null }, "geometry": null },
{ "type": "Feature", "properties": { "ID": 139, "DEPTO": "Cochabamba", "COD_DEPTO": 30000, "RED_SALUD": "Villa Tunari", "COD_RED_SAL": 3005, "MUNICIPIO": "Shinahota", "COD_MUNI": 31602, "NOM_EESS": "CSA. Shinaota", "COD_EESS": 300413, "NIVEL_RES": "1er", "TIPO_EESS": "C.S. Ambulatorio", "POB_ASIG": 10661, "EESS_REF": "Hospital San Martin de Porres - 2do Nvl.", "COD_ES_REF": 300404, "TIPO_ACC_REF": "Terrestre", "DIST_REF": "15.4 Km", "TIEMPO_REF": "25 min.", "FISIO_REF": "Ninguno", "EESS_REF2": "Hospital Villa Tunari - 3er Nvl.", "COD_ES_RF2": 300759, "TIPACC_REF2": "Terrestre", "DIST_REF2": "29.5 Km", "TIEMPOREF2": "45 min.", "FISIO_REF2": "Ninguno", "EESS_REF3": null, "COD_ES_RF3": 0, "TIPACC_REF3": null, "DIST_REF3": null, "TIEMPOREF3": null, "FISIO_REF3": null }, "geometry": null },
{ "type": "Feature", "properties": { "ID": 100, "DEPTO": "Cochabamba", "COD_DEPTO": 30000, "RED_SALUD": "Mizque", "COD_RED_SAL": 3012, "MUNICIPIO": "Mizque", "COD_MUNI": 31301, "NOM_EESS": "PS. Tajras", "COD_EESS": 300424, "NIVEL_RES": "1er", "TIPO_EESS": "Puesto de Salud", "POB_ASIG": 788, "EESS_REF": "Hospital Mizque - Augusto Morales A. - 2do Nvl.", "COD_ES_REF": 300360, "TIPO_ACC_REF": "Terrestre", "DIST_REF": "23 Km", "TIEMPO_REF": "30 min.", "FISIO_REF": "Inundaciones Cierran Los Caminos por Dias", "EESS_REF2": null, "COD_ES_RF2": 0, "TIPACC_REF2": null, "DIST_REF2": null, "TIEMPOREF2": null, "FISIO_REF2": null, "EESS_REF3": null, "COD_ES_RF3": 0, "TIPACC_REF3": null, "DIST_REF3": null, "TIEMPOREF3": null, "FISIO_REF3": null }, "geometry": null },
{ "type": "Feature", "properties": { "ID": 13, "DEPTO": "Cochabamba", "COD_DEPTO": 30000, "RED_SALUD": "Aiquile", "COD_RED_SAL": 3011, "MUNICIPIO": "Omereque", "COD_MUNI": 30203, "NOM_EESS": "CScI. Huanacuni Chico", "COD_EESS": 300434, "NIVEL_RES": "1er", "TIPO_EESS": "C.S. con Internacion", "POB_ASIG": 525, "EESS_REF": "CScI. Omereque - 1er Nvl.", "COD_ES_REF": 300099, "TIPO_ACC_REF": "Terrestre", "DIST_REF": "32 Km", "TIEMPO_REF": "45 min.", "FISIO_REF": "Lluvias", "EESS_REF2": null, "COD_ES_RF2": 0, "TIPACC_REF2": null, "DIST_REF2": null, "TIEMPOREF2": null, "FISIO_REF2": null, "EESS_REF3": null, "COD_ES_RF3": 0, "TIPACC_REF3": null, "DIST_REF3": null, "TIEMPOREF3": null, "FISIO_REF3": null }, "geometry": null },
{ "type": "Feature", "properties": { "ID": 16, "DEPTO": "Cochabamba", "COD_DEPTO": 30000, "RED_SALUD": "Aiquile", "COD_RED_SAL": 3011, "MUNICIPIO": "Omereque", "COD_MUNI": 30203, "NOM_EESS": "CScI. Peña Colorada", "COD_EESS": 300438, "NIVEL_RES": "1er", "TIPO_EESS": "C.S. con Internacion", "POB_ASIG": 700, "EESS_REF": "CScI. Omereque - 1er Nvl.", "COD_ES_REF": 300099, "TIPO_ACC_REF": "Terrestre", "DIST_REF": "10 Km", "TIEMPO_REF": "15 min.", "FISIO_REF": "Camino Transitable", "EESS_REF2": null, "COD_ES_RF2": 0, "TIPACC_REF2": null, "DIST_REF2": null, "TIEMPOREF2": null, "FISIO_REF2": null, "EESS_REF3": null, "COD_ES_RF3": 0, "TIPACC_REF3": null, "DIST_REF3": null, "TIEMPOREF3": null, "FISIO_REF3": null }, "geometry": null },
{ "type": "Feature", "properties": { "ID": 53, "DEPTO": "Cochabamba", "COD_DEPTO": 30000, "RED_SALUD": "Ivirgarzama", "COD_RED_SAL": 3006, "MUNICIPIO": "Entre Rios", "COD_MUNI": 31206, "NOM_EESS": "CSA. 6 de Agosto", "COD_EESS": 300471, "NIVEL_RES": "1er", "TIPO_EESS": "C.S. Ambulatorio", "POB_ASIG": 217, "EESS_REF": "Hospital Entre Rios - 2do Nvl.", "COD_ES_REF": 300700, "TIPO_ACC_REF": "Terrestre", "DIST_REF": "28 Km", "TIEMPO_REF": "40 min.", "FISIO_REF": "Rio y Montaña", "EESS_REF2": "Hospital Ivirgarzama - 2do Nvl.", "COD_ES_RF2": 300346, "TIPACC_REF2": "Terrestre", "DIST_REF2": "80 Km", "TIEMPOREF2": "1 Hra. 20 min.", "FISIO_REF2": "Rio y Montaña", "EESS_REF3": null, "COD_ES_RF3": 0, "TIPACC_REF3": null, "DIST_REF3": null, "TIEMPOREF3": null, "FISIO_REF3": null }, "geometry": null },
{ "type": "Feature", "properties": { "ID": 83, "DEPTO": "Cochabamba", "COD_DEPTO": 30000, "RED_SALUD": "Ivirgarzama", "COD_RED_SAL": 3006, "MUNICIPIO": "Puerto Villarroel", "COD_MUNI": 31205, "NOM_EESS": "PS. Santa Fe", "COD_EESS": 300472, "NIVEL_RES": "1er", "TIPO_EESS": "Puesto de Salud", "POB_ASIG": 1323, "EESS_REF": "Hospital Ivirgarzama - 2do Nvl.", "COD_ES_REF": 300346, "TIPO_ACC_REF": "Terrestre", "DIST_REF": "38 Km", "TIEMPO_REF": "39 min.", "FISIO_REF": "Ninguna", "EESS_REF2": null, "COD_ES_RF2": 0, "TIPACC_REF2": null, "DIST_REF2": null, "TIEMPOREF2": null, "FISIO_REF2": null, "EESS_REF3": null, "COD_ES_RF3": 0, "TIPACC_REF3": null, "DIST_REF3": null, "TIEMPOREF3": null, "FISIO_REF3": null }, "geometry": null },
{ "type": "Feature", "properties": { "ID": 74, "DEPTO": "Cochabamba", "COD_DEPTO": 30000, "RED_SALUD": "Ivirgarzama", "COD_RED_SAL": 3006, "MUNICIPIO": "Puerto Villarroel", "COD_MUNI": 31205, "NOM_EESS": "PS. Alto Chijini", "COD_EESS": 300473, "NIVEL_RES": "1er", "TIPO_EESS": "Puesto de Salud", "POB_ASIG": 308, "EESS_REF": "Hospital Ivirgarzama - 2do Nvl.", "COD_ES_REF": 300346, "TIPO_ACC_REF": "Terrestre", "DIST_REF": "48 Km", "TIEMPO_REF": "55 min.", "FISIO_REF": "Camino Insetable con Curvas y Cruce de Rios ", "EESS_REF2": null, "COD_ES_RF2": 0, "TIPACC_REF2": null, "DIST_REF2": null, "TIEMPOREF2": null, "FISIO_REF2": null, "EESS_REF3": null, "COD_ES_RF3": 0, "TIPACC_REF3": null, "DIST_REF3": null, "TIEMPOREF3": null, "FISIO_REF3": null }, "geometry": null },
{ "type": "Feature", "properties": { "ID": 78, "DEPTO": "Cochabamba", "COD_DEPTO": 30000, "RED_SALUD": "Ivirgarzama", "COD_RED_SAL": 3006, "MUNICIPIO": "Puerto Villarroel", "COD_MUNI": 31205, "NOM_EESS": "PS. Nueva Estrella", "COD_EESS": 300474, "NIVEL_RES": "1er", "TIPO_EESS": "Puesto de Salud", "POB_ASIG": 554, "EESS_REF": "Hospital Ivirgarzama - 2do Nvl.", "COD_ES_REF": 300346, "TIPO_ACC_REF": "Terrestre", "DIST_REF": "53 Km", "TIEMPO_REF": "1 Hra.", "FISIO_REF": null, "EESS_REF2": null, "COD_ES_RF2": 0, "TIPACC_REF2": null, "DIST_REF2": null, "TIEMPOREF2": null, "FISIO_REF2": null, "EESS_REF3": null, "COD_ES_RF3": 0, "TIPACC_REF3": null, "DIST_REF3": null, "TIEMPOREF3": null, "FISIO_REF3": null }, "geometry": null },
{ "type": "Feature", "properties": { "ID": 233, "DEPTO": "Cochabamba", "COD_DEPTO": 30000, "RED_SALUD": "Totora", "COD_RED_SAL": 3010, "MUNICIPIO": "Pojo", "COD_MUNI": 31202, "NOM_EESS": "PS. Palca", "COD_EESS": 300476, "NIVEL_RES": "1er", "TIPO_EESS": "Puesto de Salud", "POB_ASIG": 718, "EESS_REF": "CScI. San Miguel - 1er Nivel", "COD_ES_REF": 300320, "TIPO_ACC_REF": "terrestre", "DIST_REF": "35 km", "TIEMPO_REF": "1 hora", "FISIO_REF": "carretera asfaltada 60% y luego de tierra estrecha.", "EESS_REF2": null, "COD_ES_RF2": 0, "TIPACC_REF2": null, "DIST_REF2": null, "TIEMPOREF2": null, "FISIO_REF2": null, "EESS_REF3": null, "COD_ES_RF3": 0, "TIPACC_REF3": null, "DIST_REF3": null, "TIEMPOREF3": null, "FISIO_REF3": null }, "geometry": null },
{ "type": "Feature", "properties": { "ID": 105, "DEPTO": "Cochabamba", "COD_DEPTO": 30000, "RED_SALUD": "Mizque", "COD_RED_SAL": 3012, "MUNICIPIO": "Raqaypampa", "COD_MUNI": 31301, "NOM_EESS": "CSA. Santiago", "COD_EESS": 300477, "NIVEL_RES": "1er", "TIPO_EESS": "C.S. Ambulatorio", "POB_ASIG": 1100, "EESS_REF": "Hospital Carmen Lopez - 2do Nvl.", "COD_ES_REF": 300087, "TIPO_ACC_REF": "Terrestre", "DIST_REF": "68 Km", "TIEMPO_REF": "1 Hra. 40 min.", "FISIO_REF": "Lluvias, Deslizamientos, crecida de rios", "EESS_REF2": "Hospital Mizque - Augusto Morales A. - 2do Nvl.", "COD_ES_RF2": 300360, "TIPACC_REF2": "Terrestre", "DIST_REF2": "72 Km", "TIEMPOREF2": "2 Hrs. 15 min.", "FISIO_REF2": "Lluvias, Deslizamientos, crecida de rios", "EESS_REF3": null, "COD_ES_RF3": 0, "TIPACC_REF3": null, "DIST_REF3": null, "TIEMPOREF3": null, "FISIO_REF3": null }, "geometry": null },
{ "type": "Feature", "properties": { "ID": 232, "DEPTO": "Cochabamba", "COD_DEPTO": 30000, "RED_SALUD": "Punata", "COD_RED_SAL": 3004, "MUNICIPIO": "Punata", "COD_MUNI": 31401, "NOM_EESS": "PS. Capilla", "COD_EESS": 300479, "NIVEL_RES": "1er", "TIPO_EESS": "Puesto de Salud", "POB_ASIG": 3162, "EESS_REF": "Hospital Punata \"Manuel A.Villarroel\" - 2do Nvl.", "COD_ES_REF": 300378, "TIPO_ACC_REF": "terrestre", "DIST_REF": "7 km", "TIEMPO_REF": "15 min.", "FISIO_REF": "ninguna ", "EESS_REF2": null, "COD_ES_RF2": 0, "TIPACC_REF2": null, "DIST_REF2": null, "TIEMPOREF2": null, "FISIO_REF2": null, "EESS_REF3": null, "COD_ES_RF3": 0, "TIPACC_REF3": null, "DIST_REF3": null, "TIEMPOREF3": null, "FISIO_REF3": null }, "geometry": null },
{ "type": "Feature", "properties": { "ID": 129, "DEPTO": "Cochabamba", "COD_DEPTO": 30000, "RED_SALUD": "Tapacari", "COD_RED_SAL": 3014, "MUNICIPIO": "Tapacari", "COD_MUNI": 31101, "NOM_EESS": "PS. Aramasi", "COD_EESS": 300496, "NIVEL_RES": "1er", "TIPO_EESS": "Puesto de Salud", "POB_ASIG": 424, "EESS_REF": "Hospital Dr. Benigno Sanchez - 2do Nvl.", "COD_ES_REF": 300213, "TIPO_ACC_REF": "Terrestre", "DIST_REF": "78 Km", "TIEMPO_REF": "2 Hrs.", "FISIO_REF": "Montañosa, Derrumbes", "EESS_REF2": null, "COD_ES_RF2": 0, "TIPACC_REF2": null, "DIST_REF2": null, "TIEMPOREF2": null, "FISIO_REF2": null, "EESS_REF3": null, "COD_ES_RF3": 0, "TIPACC_REF3": null, "DIST_REF3": null, "TIEMPOREF3": null, "FISIO_REF3": null }, "geometry": null },
{ "type": "Feature", "properties": { "ID": 120, "DEPTO": "Cochabamba", "COD_DEPTO": 30000, "RED_SALUD": "Tapacari", "COD_RED_SAL": 3014, "MUNICIPIO": "Tapacari", "COD_MUNI": 31101, "NOM_EESS": "CScI. Confital", "COD_EESS": 300497, "NIVEL_RES": "1er", "TIPO_EESS": "C.S. con Internacion", "POB_ASIG": 1540, "EESS_REF": "Hospital Dr. Benigno Sanchez - 2do Nvl.", "COD_ES_REF": 300213, "TIPO_ACC_REF": "Terrestre", "DIST_REF": "115 Km", "TIEMPO_REF": "2 Hrs. 30 min.", "FISIO_REF": "Heladas", "EESS_REF2": null, "COD_ES_RF2": 0, "TIPACC_REF2": null, "DIST_REF2": null, "TIEMPOREF2": null, "FISIO_REF2": null, "EESS_REF3": null, "COD_ES_RF3": 0, "TIPACC_REF3": null, "DIST_REF3": null, "TIEMPOREF3": null, "FISIO_REF3": null }, "geometry": null },
{ "type": "Feature", "properties": { "ID": 123, "DEPTO": "Cochabamba", "COD_DEPTO": 30000, "RED_SALUD": "Tapacari", "COD_RED_SAL": 3014, "MUNICIPIO": "Tapacari", "COD_MUNI": 31101, "NOM_EESS": "CScI. Pongo Kasa", "COD_EESS": 300498, "NIVEL_RES": "1er", "TIPO_EESS": "C.S. con Internacion", "POB_ASIG": 2987, "EESS_REF": "Hospital Dr. Benigno Sanchez - 2do Nvl.", "COD_ES_REF": 300213, "TIPO_ACC_REF": "Terrestre", "DIST_REF": "91 Km", "TIEMPO_REF": "2 Hrs.", "FISIO_REF": "Heladas", "EESS_REF2": null, "COD_ES_RF2": 0, "TIPACC_REF2": null, "DIST_REF2": null, "TIEMPOREF2": null, "FISIO_REF2": null, "EESS_REF3": null, "COD_ES_RF3": 0, "TIPACC_REF3": null, "DIST_REF3": null, "TIEMPOREF3": null, "FISIO_REF3": null }, "geometry": null },
{ "type": "Feature", "properties": { "ID": 48, "DEPTO": "Cochabamba", "COD_DEPTO": 30000, "RED_SALUD": "Ivirgarzama", "COD_RED_SAL": 3006, "MUNICIPIO": "Chimore", "COD_MUNI": 31204, "NOM_EESS": "PS. Estaño Palmito", "COD_EESS": 300501, "NIVEL_RES": "1er", "TIPO_EESS": "Puesto de Salud", "POB_ASIG": 575, "EESS_REF": "CSINT. San Juan de Dios Chimore - 1er Nvl.", "COD_ES_REF": 300334, "TIPO_ACC_REF": "Terrestre", "DIST_REF": "66 Km", "TIEMPO_REF": "1 Hra. 15 min.", "FISIO_REF": "Camino Empedrado desde el EE.SS hasta la Carretera", "EESS_REF2": null, "COD_ES_RF2": 0, "TIPACC_REF2": null, "DIST_REF2": null, "TIEMPOREF2": null, "FISIO_REF2": null, "EESS_REF3": null, "COD_ES_RF3": 0, "TIPACC_REF3": null, "DIST_REF3": null, "TIEMPOREF3": null, "FISIO_REF3": null }, "geometry": null },
{ "type": "Feature", "properties": { "ID": 151, "DEPTO": "Cochabamba", "COD_DEPTO": 30000, "RED_SALUD": "Villa Tunari", "COD_RED_SAL": 3005, "MUNICIPIO": "Villa Tunari", "COD_MUNI": 31003, "NOM_EESS": "CSA. Pedro Domingo Murillo", "COD_EESS": 300508, "NIVEL_RES": "1er", "TIPO_EESS": "C.S. Ambulatorio", "POB_ASIG": 1157, "EESS_REF": "Hospital Villa Tunari - S.F. de Asis - 2do Nvl.", "COD_ES_REF": 300288, "TIPO_ACC_REF": "Terrestre", "DIST_REF": "35 Km", "TIEMPO_REF": "45 min.", "FISIO_REF": "Ninguno", "EESS_REF2": "Hospital Villa Tunari - 3er Nvl.", "COD_ES_RF2": 300759, "TIPACC_REF2": "Terrestre", "DIST_REF2": "42 Km", "TIEMPOREF2": "1 Hra. 20 min.", "FISIO_REF2": "Ninguno", "EESS_REF3": null, "COD_ES_RF3": 0, "TIPACC_REF3": null, "DIST_REF3": null, "TIEMPOREF3": null, "FISIO_REF3": null }, "geometry": null },
{ "type": "Feature", "properties": { "ID": 102, "DEPTO": "Cochabamba", "COD_DEPTO": 30000, "RED_SALUD": "Mizque", "COD_RED_SAL": 3012, "MUNICIPIO": "Mizque", "COD_MUNI": 31301, "NOM_EESS": "PS. Uchama Alta", "COD_EESS": 300517, "NIVEL_RES": "1er", "TIPO_EESS": "Puesto de Salud", "POB_ASIG": 665, "EESS_REF": "Hospital Mizque - Augusto Morales A. - 2do Nvl.", "COD_ES_REF": 300360, "TIPO_ACC_REF": "Terrestre", "DIST_REF": "45 Km", "TIEMPO_REF": "2 Hrs. 45 min.", "FISIO_REF": "Conflictos Entre Transportistas.", "EESS_REF2": null, "COD_ES_RF2": 0, "TIPACC_REF2": null, "DIST_REF2": null, "TIEMPOREF2": null, "FISIO_REF2": null, "EESS_REF3": null, "COD_ES_RF3": 0, "TIPACC_REF3": null, "DIST_REF3": null, "TIEMPOREF3": null, "FISIO_REF3": null }, "geometry": null },
{ "type": "Feature", "properties": { "ID": 128, "DEPTO": "Cochabamba", "COD_DEPTO": 30000, "RED_SALUD": "Tapacari", "COD_RED_SAL": 3014, "MUNICIPIO": "Tapacari", "COD_MUNI": 31101, "NOM_EESS": "PS. Apharumiri", "COD_EESS": 300529, "NIVEL_RES": "1er", "TIPO_EESS": "Puesto de Salud", "POB_ASIG": 443, "EESS_REF": "Hospital Vinto - 2do Nvl.", "COD_ES_REF": 300229, "TIPO_ACC_REF": "Terrestre", "DIST_REF": "68 Km", "TIEMPO_REF": "2 Hrs.", "FISIO_REF": "Crecida Rio, Montañosa", "EESS_REF2": null, "COD_ES_RF2": 0, "TIPACC_REF2": null, "DIST_REF2": null, "TIEMPOREF2": null, "FISIO_REF2": null, "EESS_REF3": null, "COD_ES_RF3": 0, "TIPACC_REF3": null, "DIST_REF3": null, "TIEMPOREF3": null, "FISIO_REF3": null }, "geometry": null },
{ "type": "Feature", "properties": { "ID": 134, "DEPTO": "Cochabamba", "COD_DEPTO": 30000, "RED_SALUD": "Tapacari", "COD_RED_SAL": 3014, "MUNICIPIO": "Tapacari", "COD_MUNI": 31101, "NOM_EESS": "PS. Huayllamayu", "COD_EESS": 300530, "NIVEL_RES": "1er", "TIPO_EESS": "Puesto de Salud", "POB_ASIG": 520, "EESS_REF": "Hospital Vinto - 2do Nvl.", "COD_ES_REF": 300229, "TIPO_ACC_REF": "Terrestre", "DIST_REF": "101 Km", "TIEMPO_REF": "2 Hrs.", "FISIO_REF": "Heladas, Crecida de Rios", "EESS_REF2": null, "COD_ES_RF2": 0, "TIPACC_REF2": null, "DIST_REF2": null, "TIEMPOREF2": null, "FISIO_REF2": null, "EESS_REF3": null, "COD_ES_RF3": 0, "TIPACC_REF3": null, "DIST_REF3": null, "TIEMPOREF3": null, "FISIO_REF3": null }, "geometry": null },
{ "type": "Feature", "properties": { "ID": 77, "DEPTO": "Cochabamba", "COD_DEPTO": 30000, "RED_SALUD": "Ivirgarzama", "COD_RED_SAL": 3006, "MUNICIPIO": "Puerto Villarroel", "COD_MUNI": 31205, "NOM_EESS": "PS. Ingavi \"B\"", "COD_EESS": 300545, "NIVEL_RES": "1er", "TIPO_EESS": "Puesto de Salud", "POB_ASIG": 1082, "EESS_REF": "Hospital Ivirgarzama - 2do Nvl.", "COD_ES_REF": 300346, "TIPO_ACC_REF": "Terrestre", "DIST_REF": "33 Km", "TIEMPO_REF": "35 min. ", "FISIO_REF": "Camino Empedrado desde el EE.SS hasta la Carretera", "EESS_REF2": null, "COD_ES_RF2": 0, "TIPACC_REF2": null, "DIST_REF2": null, "TIEMPOREF2": null, "FISIO_REF2": null, "EESS_REF3": null, "COD_ES_RF3": 0, "TIPACC_REF3": null, "DIST_REF3": null, "TIEMPOREF3": null, "FISIO_REF3": null }, "geometry": null },
{ "type": "Feature", "properties": { "ID": 91, "DEPTO": "Cochabamba", "COD_DEPTO": 30000, "RED_SALUD": "Mizque", "COD_RED_SAL": 3012, "MUNICIPIO": "Alalay", "COD_MUNI": 31303, "NOM_EESS": "PS. Sivingani Chico", "COD_EESS": 300547, "NIVEL_RES": "1er", "TIPO_EESS": "Puesto de Salud", "POB_ASIG": 326, "EESS_REF": "CScI. Alalay (Mizque) - 1er Nvl.", "COD_ES_REF": 300373, "TIPO_ACC_REF": "Terrestre", "DIST_REF": "100 Km", "TIEMPO_REF": "1 Hra.", "FISIO_REF": "Caminos Precipitados.", "EESS_REF2": null, "COD_ES_RF2": 0, "TIPACC_REF2": null, "DIST_REF2": null, "TIEMPOREF2": null, "FISIO_REF2": null, "EESS_REF3": null, "COD_ES_RF3": 0, "TIPACC_REF3": null, "DIST_REF3": null, "TIEMPOREF3": null, "FISIO_REF3": null }, "geometry": null },
{ "type": "Feature", "properties": { "ID": 2, "DEPTO": "Cochabamba", "COD_DEPTO": 30000, "RED_SALUD": "Aiquile", "COD_RED_SAL": 3011, "MUNICIPIO": "Aiquile", "COD_MUNI": 30201, "NOM_EESS": "CScI. Elvira", "COD_EESS": 300549, "NIVEL_RES": "1er", "TIPO_EESS": "C.S. con Internacion", "POB_ASIG": 945, "EESS_REF": "Hospital Carmen Lopez - 2do Nvl.", "COD_ES_REF": 300087, "TIPO_ACC_REF": "Terrestre", "DIST_REF": "42 Km", "TIEMPO_REF": "1 Hra. 30 min.", "FISIO_REF": "Montaña, deslizamientos", "EESS_REF2": null, "COD_ES_RF2": 0, "TIPACC_REF2": null, "DIST_REF2": null, "TIEMPOREF2": null, "FISIO_REF2": null, "EESS_REF3": null, "COD_ES_RF3": 0, "TIPACC_REF3": null, "DIST_REF3": null, "TIEMPOREF3": null, "FISIO_REF3": null }, "geometry": null },
{ "type": "Feature", "properties": { "ID": 22, "DEPTO": "Cochabamba", "COD_DEPTO": 30000, "RED_SALUD": "Aiquile", "COD_RED_SAL": 3011, "MUNICIPIO": "Pasorapa", "COD_MUNI": 30202, "NOM_EESS": "PS. Pampas", "COD_EESS": 300550, "NIVEL_RES": "1er", "TIPO_EESS": "Puesto de Salud", "POB_ASIG": 200, "EESS_REF": "CScI. Pasorapa - 1er Nvl.", "COD_ES_REF": 300095, "TIPO_ACC_REF": "Terrestre", "DIST_REF": "66 Km", "TIEMPO_REF": "2 Hrs. 30 min.", "FISIO_REF": "Cerros", "EESS_REF2": null, "COD_ES_RF2": 0, "TIPACC_REF2": null, "DIST_REF2": null, "TIEMPOREF2": null, "FISIO_REF2": null, "EESS_REF3": null, "COD_ES_RF3": 0, "TIPACC_REF3": null, "DIST_REF3": null, "TIEMPOREF3": null, "FISIO_REF3": null }, "geometry": null },
{ "type": "Feature", "properties": { "ID": 30, "DEPTO": "Cochabamba", "COD_DEPTO": 30000, "RED_SALUD": "Independencia", "COD_RED_SAL": 3013, "MUNICIPIO": "Independencia", "COD_MUNI": 30301, "NOM_EESS": "PS. Chamacoma", "COD_EESS": 300563, "NIVEL_RES": "1er", "TIPO_EESS": "Puesto de Salud", "POB_ASIG": 515, "EESS_REF": "Hospital Kami - 2do Nvl.", "COD_ES_REF": 300109, "TIPO_ACC_REF": "Terrestre", "DIST_REF": "35 Km", "TIEMPO_REF": "1 Hra. 30 min.", "FISIO_REF": "En Epoca de Lluvia Carretera Existen Derrumbes", "EESS_REF2": null, "COD_ES_RF2": 0, "TIPACC_REF2": null, "DIST_REF2": null, "TIEMPOREF2": null, "FISIO_REF2": null, "EESS_REF3": null, "COD_ES_RF3": 0, "TIPACC_REF3": null, "DIST_REF3": null, "TIEMPOREF3": null, "FISIO_REF3": null }, "geometry": null },
{ "type": "Feature", "properties": { "ID": 111, "DEPTO": "Cochabamba", "COD_DEPTO": 30000, "RED_SALUD": "Mizque", "COD_RED_SAL": 3012, "MUNICIPIO": "Vila Vila", "COD_MUNI": 31302, "NOM_EESS": "PS. Cuevas Pampa", "COD_EESS": 300565, "NIVEL_RES": "1er", "TIPO_EESS": "Puesto de Salud", "POB_ASIG": 323, "EESS_REF": "Hospital Mizque - Augusto Morales A. - 2do Nvl.", "COD_ES_REF": 300360, "TIPO_ACC_REF": "Terrestre", "DIST_REF": "135 Km", "TIEMPO_REF": "3 Hrs.", "FISIO_REF": "Camino de Tierra y Empedrado, Montañas y Rios", "EESS_REF2": "Hospital Punata \"Manuel A.Villarroel\" - 2do Nvl.", "COD_ES_RF2": 300378, "TIPACC_REF2": "Terrestre", "DIST_REF2": "160 Km", "TIEMPOREF2": "3 Hrs. 15 min.", "FISIO_REF2": "Camino de Tierra y Empedrado, Montañas y Rios", "EESS_REF3": null, "COD_ES_RF3": 0, "TIPACC_REF3": null, "DIST_REF3": null, "TIEMPOREF3": null, "FISIO_REF3": null }, "geometry": null },
{ "type": "Feature", "properties": { "ID": 89, "DEPTO": "Cochabamba", "COD_DEPTO": 30000, "RED_SALUD": "Mizque", "COD_RED_SAL": 3012, "MUNICIPIO": "Alalay", "COD_MUNI": 31303, "NOM_EESS": "PS. Guaman Huachana", "COD_EESS": 300568, "NIVEL_RES": "1er", "TIPO_EESS": "Puesto de Salud", "POB_ASIG": 265, "EESS_REF": "CScI. Alalay (Mizque) - 1er Nvl.", "COD_ES_REF": 300373, "TIPO_ACC_REF": "Terrestre", "DIST_REF": "96 Km", "TIEMPO_REF": "1 Hra.", "FISIO_REF": "Caminos Precipitados.", "EESS_REF2": "Hospital Punata \"Manuel A.Villarroel\" - 2do Nvl.", "COD_ES_RF2": 300378, "TIPACC_REF2": "Terrestre", "DIST_REF2": "170 Km", "TIEMPOREF2": "1 Hra. 45 min.", "FISIO_REF2": "Caminos Precipitados.", "EESS_REF3": null, "COD_ES_RF3": 0, "TIPACC_REF3": null, "DIST_REF3": null, "TIEMPOREF3": null, "FISIO_REF3": null }, "geometry": null },
{ "type": "Feature", "properties": { "ID": 234, "DEPTO": "Cochabamba", "COD_DEPTO": 30000, "RED_SALUD": "Tarata", "COD_RED_SAL": 3017, "MUNICIPIO": "Cliza", "COD_MUNI": 30801, "NOM_EESS": "CSA. Ayoma", "COD_EESS": 300569, "NIVEL_RES": "1er", "TIPO_EESS": "C.S. Ambulatorio", "POB_ASIG": 2080, "EESS_REF": "Hospital  San Juan de Dios Cliza - 2do Nvl.", "COD_ES_REF": 300196, "TIPO_ACC_REF": "terrestre", "DIST_REF": "5 km", "TIEMPO_REF": "8 km", "FISIO_REF": "ninguno", "EESS_REF2": null, "COD_ES_RF2": 0, "TIPACC_REF2": null, "DIST_REF2": null, "TIEMPOREF2": null, "FISIO_REF2": null, "EESS_REF3": null, "COD_ES_RF3": 0, "TIPACC_REF3": null, "DIST_REF3": null, "TIEMPOREF3": null, "FISIO_REF3": null }, "geometry": null },
{ "type": "Feature", "properties": { "ID": 166, "DEPTO": "Cochabamba", "COD_DEPTO": 30000, "RED_SALUD": "Villa Tunari", "COD_RED_SAL": 3005, "MUNICIPIO": "Villa Tunari", "COD_MUNI": 31003, "NOM_EESS": "PS. 1ro de Mayo", "COD_EESS": 300571, "NIVEL_RES": "1er", "TIPO_EESS": "Puesto de Salud", "POB_ASIG": 3338, "EESS_REF": "Hospital Villa Tunari - S.F. de Asis - 2do Nvl.", "COD_ES_REF": 300288, "TIPO_ACC_REF": "Terrestre", "DIST_REF": "60 Km", "TIEMPO_REF": "50 min.", "FISIO_REF": "Creciada de Rios", "EESS_REF2": "Hospital Villa Tunari - 3er Nvl.", "COD_ES_RF2": 300759, "TIPACC_REF2": "Terrestre", "DIST_REF2": "67 Km", "TIEMPOREF2": "1 Hra.", "FISIO_REF2": "Creciada de Rios", "EESS_REF3": null, "COD_ES_RF3": 0, "TIPACC_REF3": null, "DIST_REF3": null, "TIEMPOREF3": null, "FISIO_REF3": null }, "geometry": null },
{ "type": "Feature", "properties": { "ID": 163, "DEPTO": "Cochabamba", "COD_DEPTO": 30000, "RED_SALUD": "Villa Tunari", "COD_RED_SAL": 3005, "MUNICIPIO": "Villa Tunari", "COD_MUNI": 31003, "NOM_EESS": "CScI. Urkupiña", "COD_EESS": 300572, "NIVEL_RES": "1er", "TIPO_EESS": "C.S. con Internacion", "POB_ASIG": 1267, "EESS_REF": "Hospital Villa Tunari - S.F. de Asis - 2do Nvl.", "COD_ES_REF": 300288, "TIPO_ACC_REF": "Terrestre", "DIST_REF": "95 Km", "TIEMPO_REF": "1 Hra. 45 min.", "FISIO_REF": "Rio", "EESS_REF2": "Hospital Villa Tunari - 3er Nvl.", "COD_ES_RF2": 300759, "TIPACC_REF2": "Terrestre", "DIST_REF2": "102 Km", "TIEMPOREF2": "1 Hra. 52 min.", "FISIO_REF2": "Rio", "EESS_REF3": null, "COD_ES_RF3": 0, "TIPACC_REF3": null, "DIST_REF3": null, "TIEMPOREF3": null, "FISIO_REF3": null }, "geometry": null },
{ "type": "Feature", "properties": { "ID": 15, "DEPTO": "Cochabamba", "COD_DEPTO": 30000, "RED_SALUD": "Aiquile", "COD_RED_SAL": 3011, "MUNICIPIO": "Omereque", "COD_MUNI": 30203, "NOM_EESS": "CScI. Pantoja", "COD_EESS": 300573, "NIVEL_RES": "1er", "TIPO_EESS": "C.S. con Internacion", "POB_ASIG": 200, "EESS_REF": "CScI. Omereque - 1er Nvl.", "COD_ES_REF": 300099, "TIPO_ACC_REF": "Terrestre", "DIST_REF": "30 Km", "TIEMPO_REF": "20 min.", "FISIO_REF": "Camino Transitable ", "EESS_REF2": null, "COD_ES_RF2": 0, "TIPACC_REF2": null, "DIST_REF2": null, "TIEMPOREF2": null, "FISIO_REF2": null, "EESS_REF3": null, "COD_ES_RF3": 0, "TIPACC_REF3": null, "DIST_REF3": null, "TIEMPOREF3": null, "FISIO_REF3": null }, "geometry": null },
{ "type": "Feature", "properties": { "ID": 21, "DEPTO": "Cochabamba", "COD_DEPTO": 30000, "RED_SALUD": "Aiquile", "COD_RED_SAL": 3011, "MUNICIPIO": "Pasorapa", "COD_MUNI": 30202, "NOM_EESS": "PS. Espinal", "COD_EESS": 300574, "NIVEL_RES": "1er", "TIPO_EESS": "Puesto de Salud", "POB_ASIG": 310, "EESS_REF": "CScI. Pasorapa - 1er Nvl.", "COD_ES_REF": 300095, "TIPO_ACC_REF": "Terrestre", "DIST_REF": "32 Km", "TIEMPO_REF": "1 Hra.", "FISIO_REF": "Cerros", "EESS_REF2": null, "COD_ES_RF2": 0, "TIPACC_REF2": null, "DIST_REF2": null, "TIEMPOREF2": null, "FISIO_REF2": null, "EESS_REF3": null, "COD_ES_RF3": 0, "TIPACC_REF3": null, "DIST_REF3": null, "TIEMPOREF3": null, "FISIO_REF3": null }, "geometry": null },
{ "type": "Feature", "properties": { "ID": 59, "DEPTO": "Cochabamba", "COD_DEPTO": 30000, "RED_SALUD": "Ivirgarzama", "COD_RED_SAL": 3006, "MUNICIPIO": "Entre Rios", "COD_MUNI": 31206, "NOM_EESS": "PS. Chancadora", "COD_EESS": 300576, "NIVEL_RES": "1er", "TIPO_EESS": "Puesto de Salud", "POB_ASIG": 1555, "EESS_REF": "Hospital Entre Rios - 2do Nvl.", "COD_ES_REF": 300700, "TIPO_ACC_REF": "Terrestre", "DIST_REF": "15 Km", "TIEMPO_REF": "25 min.", "FISIO_REF": "Ninguno Carretera ", "EESS_REF2": "Hospital Ivirgarzama - 2do Nvl.", "COD_ES_RF2": 300346, "TIPACC_REF2": "Terrestre", "DIST_REF2": "42 Km ", "TIEMPOREF2": "40 min.", "FISIO_REF2": "Ninguno Carretera ", "EESS_REF3": null, "COD_ES_RF3": 0, "TIPACC_REF3": null, "DIST_REF3": null, "TIEMPOREF3": null, "FISIO_REF3": null }, "geometry": null },
{ "type": "Feature", "properties": { "ID": 79, "DEPTO": "Cochabamba", "COD_DEPTO": 30000, "RED_SALUD": "Ivirgarzama", "COD_RED_SAL": 3006, "MUNICIPIO": "Puerto Villarroel", "COD_MUNI": 31204, "NOM_EESS": "PS. Padilla \"A\"", "COD_EESS": 300577, "NIVEL_RES": "1er", "TIPO_EESS": "Puesto de Salud", "POB_ASIG": 123, "EESS_REF": "Hospital Ivirgarzama - 2do Nvl.", "COD_ES_REF": 300346, "TIPO_ACC_REF": "Terrestre", "DIST_REF": "51 Km", "TIEMPO_REF": "1 Hra.", "FISIO_REF": "Camino Inestable con Curvas y Cruce de 2 Rios, subidas y Bajadas", "EESS_REF2": null, "COD_ES_RF2": 0, "TIPACC_REF2": null, "DIST_REF2": null, "TIEMPOREF2": null, "FISIO_REF2": null, "EESS_REF3": null, "COD_ES_RF3": 0, "TIPACC_REF3": null, "DIST_REF3": null, "TIEMPOREF3": null, "FISIO_REF3": null }, "geometry": null },
{ "type": "Feature", "properties": { "ID": 81, "DEPTO": "Cochabamba", "COD_DEPTO": 30000, "RED_SALUD": "Ivirgarzama", "COD_RED_SAL": 3006, "MUNICIPIO": "Puerto Villarroel", "COD_MUNI": 31205, "NOM_EESS": "PS. Sacta Norte", "COD_EESS": 300578, "NIVEL_RES": "1er", "TIPO_EESS": "Puesto de Salud", "POB_ASIG": 369, "EESS_REF": "Hospital Ivirgarzama - 2do Nvl.", "COD_ES_REF": 300346, "TIPO_ACC_REF": "Terrestre", "DIST_REF": "41 Km", "TIEMPO_REF": "40 min.", "FISIO_REF": "Ninguna", "EESS_REF2": null, "COD_ES_RF2": 0, "TIPACC_REF2": null, "DIST_REF2": null, "TIEMPOREF2": null, "FISIO_REF2": null, "EESS_REF3": null, "COD_ES_RF3": 0, "TIPACC_REF3": null, "DIST_REF3": null, "TIEMPOREF3": null, "FISIO_REF3": null }, "geometry": null },
{ "type": "Feature", "properties": { "ID": 235, "DEPTO": "Cochabamba", "COD_DEPTO": 30000, "RED_SALUD": "Totora", "COD_RED_SAL": 3010, "MUNICIPIO": "Pojo", "COD_MUNI": 31202, "NOM_EESS": "CScI. Vilaque", "COD_EESS": 300586, "NIVEL_RES": "1er", "TIPO_EESS": "C.S. con Internacion", "POB_ASIG": 606, "EESS_REF": "CScI. San Miguel - 1er Nivel", "COD_ES_REF": 300320, "TIPO_ACC_REF": "terrestre", "DIST_REF": "40 km", "TIEMPO_REF": "1 hra. 30 min.", "FISIO_REF": "Camino estrecho", "EESS_REF2": null, "COD_ES_RF2": 0, "TIPACC_REF2": null, "DIST_REF2": null, "TIEMPOREF2": null, "FISIO_REF2": null, "EESS_REF3": null, "COD_ES_RF3": 0, "TIPACC_REF3": null, "DIST_REF3": null, "TIEMPOREF3": null, "FISIO_REF3": null }, "geometry": null },
{ "type": "Feature", "properties": { "ID": 236, "DEPTO": "Cochabamba", "COD_DEPTO": 30000, "RED_SALUD": "Totora", "COD_RED_SAL": 3010, "MUNICIPIO": "Pojo", "COD_MUNI": 31202, "NOM_EESS": "PS. Thago Laguna", "COD_EESS": 300587, "NIVEL_RES": "1er", "TIPO_EESS": "Puesto de Salud", "POB_ASIG": 353, "EESS_REF": "CScI. San Miguel - 1er Nivel", "COD_ES_REF": 300320, "TIPO_ACC_REF": "terrestre", "DIST_REF": "40 km", "TIEMPO_REF": "2 horas", "FISIO_REF": "carretera en mal estado, estrecha", "EESS_REF2": null, "COD_ES_RF2": 0, "TIPACC_REF2": null, "DIST_REF2": null, "TIEMPOREF2": null, "FISIO_REF2": null, "EESS_REF3": null, "COD_ES_RF3": 0, "TIPACC_REF3": null, "DIST_REF3": null, "TIEMPOREF3": null, "FISIO_REF3": null }, "geometry": null },
{ "type": "Feature", "properties": { "ID": 44, "DEPTO": "Cochabamba", "COD_DEPTO": 30000, "RED_SALUD": "Ivirgarzama", "COD_RED_SAL": 3006, "MUNICIPIO": "Chimore", "COD_MUNI": 31204, "NOM_EESS": "CSA. Nueva Canaan", "COD_EESS": 300590, "NIVEL_RES": "1er", "TIPO_EESS": "C.S. Ambulatorio", "POB_ASIG": 1441, "EESS_REF": "CSINT. San Juan de Dios Chimore - 1er Nvl.", "COD_ES_REF": 300334, "TIPO_ACC_REF": "Terrestre", "DIST_REF": "38 Km", "TIEMPO_REF": "39 min.", "FISIO_REF": "Ninguna", "EESS_REF2": null, "COD_ES_RF2": 0, "TIPACC_REF2": null, "DIST_REF2": null, "TIEMPOREF2": null, "FISIO_REF2": null, "EESS_REF3": null, "COD_ES_RF3": 0, "TIPACC_REF3": null, "DIST_REF3": null, "TIEMPOREF3": null, "FISIO_REF3": null }, "geometry": null },
{ "type": "Feature", "properties": { "ID": 237, "DEPTO": "Cochabamba", "COD_DEPTO": 30000, "RED_SALUD": "Totora", "COD_RED_SAL": 3010, "MUNICIPIO": "Totora", "COD_MUNI": 41301, "NOM_EESS": "PS. Pataicuna", "COD_EESS": 300595, "NIVEL_RES": "1er", "TIPO_EESS": "Puesto de Salud", "POB_ASIG": 387, "EESS_REF": "Hospital Dr. A. Melean - 2do Nvl.", "COD_ES_REF": 300310, "TIPO_ACC_REF": "terrestre", "DIST_REF": "80km", "TIEMPO_REF": "2 horas", "FISIO_REF": "riadas y deslizamientos", "EESS_REF2": null, "COD_ES_RF2": 0, "TIPACC_REF2": null, "DIST_REF2": null, "TIEMPOREF2": null, "FISIO_REF2": null, "EESS_REF3": null, "COD_ES_RF3": 0, "TIPACC_REF3": null, "DIST_REF3": null, "TIEMPOREF3": null, "FISIO_REF3": null }, "geometry": null },
{ "type": "Feature", "properties": { "ID": 145, "DEPTO": "Cochabamba", "COD_DEPTO": 30000, "RED_SALUD": "Villa Tunari", "COD_RED_SAL": 3005, "MUNICIPIO": "Shinahota", "COD_MUNI": 31003, "NOM_EESS": "PS. Puerto Aroma", "COD_EESS": 300596, "NIVEL_RES": "1er", "TIPO_EESS": "Puesto de Salud", "POB_ASIG": 674, "EESS_REF": "Hospital San Martin de Porres - 2do Nvl.", "COD_ES_REF": 300404, "TIPO_ACC_REF": "Terrestre", "DIST_REF": "50 Km", "TIEMPO_REF": "1 Hra.", "FISIO_REF": "Empedrado, Ripio", "EESS_REF2": null, "COD_ES_RF2": 0, "TIPACC_REF2": null, "DIST_REF2": null, "TIEMPOREF2": null, "FISIO_REF2": null, "EESS_REF3": null, "COD_ES_RF3": 0, "TIPACC_REF3": null, "DIST_REF3": null, "TIEMPOREF3": null, "FISIO_REF3": null }, "geometry": null },
{ "type": "Feature", "properties": { "ID": 51, "DEPTO": "Cochabamba", "COD_DEPTO": 30000, "RED_SALUD": "Ivirgarzama", "COD_RED_SAL": 3006, "MUNICIPIO": "CHIMORE", "COD_MUNI": 31204, "NOM_EESS": "PS. Santa Anita", "COD_EESS": 300599, "NIVEL_RES": "1er", "TIPO_EESS": "Puesto de Salud", "POB_ASIG": 565, "EESS_REF": "CSINT. San Juan de Dios Chimore - 1er Nvl.", "COD_ES_REF": 300334, "TIPO_ACC_REF": "Terrestre y Fluvial", "DIST_REF": "350 Km", "TIEMPO_REF": "18 a 28 Hrs.", "FISIO_REF": "Via Terrestre la Epoca de Lluvia Imposibilita el Ingresa", "EESS_REF2": null, "COD_ES_RF2": 0, "TIPACC_REF2": null, "DIST_REF2": null, "TIEMPOREF2": null, "FISIO_REF2": null, "EESS_REF3": null, "COD_ES_RF3": 0, "TIPACC_REF3": null, "DIST_REF3": null, "TIEMPOREF3": null, "FISIO_REF3": null }, "geometry": null },
{ "type": "Feature", "properties": { "ID": 12, "DEPTO": "Cochabamba", "COD_DEPTO": 30000, "RED_SALUD": "Aiquile", "COD_RED_SAL": 3011, "MUNICIPIO": "Omereque", "COD_MUNI": 30203, "NOM_EESS": "CScI. Esmeralda", "COD_EESS": 300601, "NIVEL_RES": "1er", "TIPO_EESS": "C.S. con Internacion", "POB_ASIG": 745, "EESS_REF": "CScI. Omereque - 1er Nvl.", "COD_ES_REF": 300099, "TIPO_ACC_REF": "Terrestre", "DIST_REF": "3 Km", "TIEMPO_REF": "10 min.", "FISIO_REF": "Lluvias", "EESS_REF2": null, "COD_ES_RF2": 0, "TIPACC_REF2": null, "DIST_REF2": null, "TIEMPOREF2": null, "FISIO_REF2": null, "EESS_REF3": null, "COD_ES_RF3": 0, "TIPACC_REF3": null, "DIST_REF3": null, "TIEMPOREF3": null, "FISIO_REF3": null }, "geometry": null },
{ "type": "Feature", "properties": { "ID": 140, "DEPTO": "Cochabamba", "COD_DEPTO": 30000, "RED_SALUD": "Villa Tunari", "COD_RED_SAL": 3005, "MUNICIPIO": "Shinahota", "COD_MUNI": 31003, "NOM_EESS": "CScI. Ivirizu", "COD_EESS": 300606, "NIVEL_RES": "1er", "TIPO_EESS": "C.S. con Internacion", "POB_ASIG": 488, "EESS_REF": "Hospital San Martin de Porres - 2do Nvl.", "COD_ES_REF": 300404, "TIPO_ACC_REF": "Terrestre", "DIST_REF": "21 Km", "TIEMPO_REF": "40 min.", "FISIO_REF": "Rio San Mateo, Via Rondana", "EESS_REF2": null, "COD_ES_RF2": 0, "TIPACC_REF2": null, "DIST_REF2": null, "TIEMPOREF2": null, "FISIO_REF2": null, "EESS_REF3": null, "COD_ES_RF3": 0, "TIPACC_REF3": null, "DIST_REF3": null, "TIEMPOREF3": null, "FISIO_REF3": null }, "geometry": null },
{ "type": "Feature", "properties": { "ID": 148, "DEPTO": "Cochabamba", "COD_DEPTO": 30000, "RED_SALUD": "Villa Tunari", "COD_RED_SAL": 3005, "MUNICIPIO": "Villa Tunari", "COD_MUNI": 31003, "NOM_EESS": "CSA. Independencia", "COD_EESS": 300607, "NIVEL_RES": "1er", "TIPO_EESS": "C.S. Ambulatorio", "POB_ASIG": 2475, "EESS_REF": "Hospital Villa Tunari - S.F. de Asis - 2do Nvl.", "COD_ES_REF": 300288, "TIPO_ACC_REF": "Terrestre", "DIST_REF": "90 Km", "TIEMPO_REF": "2 Hrs.", "FISIO_REF": "Rio", "EESS_REF2": "Hospital Villa Tunari - 3er Nvl.", "COD_ES_RF2": 300759, "TIPACC_REF2": "Terrestre", "DIST_REF2": "98 Km", "TIEMPOREF2": "2 Hrs. 15 min.", "FISIO_REF2": "Rio", "EESS_REF3": null, "COD_ES_RF3": 0, "TIPACC_REF3": null, "DIST_REF3": null, "TIEMPOREF3": null, "FISIO_REF3": null }, "geometry": null },
{ "type": "Feature", "properties": { "ID": 175, "DEPTO": "Cochabamba", "COD_DEPTO": 30000, "RED_SALUD": "Villa Tunari", "COD_RED_SAL": 3005, "MUNICIPIO": "Villa Tunari", "COD_MUNI": 31003, "NOM_EESS": "PS. Litoral Santa Rosa", "COD_EESS": 300608, "NIVEL_RES": "1er", "TIPO_EESS": "Puesto de Salud", "POB_ASIG": 1380, "EESS_REF": "Hospital Villa Tunari - S.F. de Asis - 2do Nvl.", "COD_ES_REF": 300288, "TIPO_ACC_REF": "Terrestre", "DIST_REF": "22 Km", "TIEMPO_REF": "45 min.", "FISIO_REF": "Ninguno", "EESS_REF2": "Hospital Villa Tunari - 3er Nvl.", "COD_ES_RF2": 300759, "TIPACC_REF2": "Terrestre", "DIST_REF2": "29 Km", "TIEMPOREF2": "1 Hra.", "FISIO_REF2": "Ninguno", "EESS_REF3": null, "COD_ES_RF3": 0, "TIPACC_REF3": null, "DIST_REF3": null, "TIEMPOREF3": null, "FISIO_REF3": null }, "geometry": null },
{ "type": "Feature", "properties": { "ID": 174, "DEPTO": "Cochabamba", "COD_DEPTO": 30000, "RED_SALUD": "Villa Tunari", "COD_RED_SAL": 3005, "MUNICIPIO": "Villa Tunari", "COD_MUNI": 31003, "NOM_EESS": "PS. Itirapampa", "COD_EESS": 300613, "NIVEL_RES": "1er", "TIPO_EESS": "Puesto de Salud", "POB_ASIG": 498, "EESS_REF": "Hospital Villa Tunari - S.F. de Asis - 2do Nvl.", "COD_ES_REF": 300288, "TIPO_ACC_REF": "Terrestre", "DIST_REF": "14 Km", "TIEMPO_REF": "3O min.", "FISIO_REF": "Derrumbe", "EESS_REF2": "Hospital Villa Tunari - 3er Nvl.", "COD_ES_RF2": 300759, "TIPACC_REF2": "Terrestre", "DIST_REF2": "8.3 Km", "TIEMPOREF2": "20 min.", "FISIO_REF2": "Derrumbe", "EESS_REF3": null, "COD_ES_RF3": 0, "TIPACC_REF3": null, "DIST_REF3": null, "TIEMPOREF3": null, "FISIO_REF3": null }, "geometry": null },
{ "type": "Feature", "properties": { "ID": 167, "DEPTO": "Cochabamba", "COD_DEPTO": 30000, "RED_SALUD": "Villa Tunari", "COD_RED_SAL": 3005, "MUNICIPIO": "Villa Tunari", "COD_MUNI": 31003, "NOM_EESS": "PS. Alto San Jose", "COD_EESS": 300614, "NIVEL_RES": "1er", "TIPO_EESS": "Puesto de Salud", "POB_ASIG": 459, "EESS_REF": "Hospital Villa Tunari - S.F. de Asis - 2do Nvl.", "COD_ES_REF": 300288, "TIPO_ACC_REF": "Terrestre", "DIST_REF": "37 Km", "TIEMPO_REF": "56 min.", "FISIO_REF": "Derrumbes", "EESS_REF2": "Hospital Villa Tunari - 3er Nvl.", "COD_ES_RF2": 300759, "TIPACC_REF2": "Terrestre", "DIST_REF2": "32 Km", "TIEMPOREF2": "52 min.", "FISIO_REF2": "Derrumbes", "EESS_REF3": null, "COD_ES_RF3": 0, "TIPACC_REF3": null, "DIST_REF3": null, "TIEMPOREF3": null, "FISIO_REF3": null }, "geometry": null },
{ "type": "Feature", "properties": { "ID": 169, "DEPTO": "Cochabamba", "COD_DEPTO": 30000, "RED_SALUD": "Villa Tunari", "COD_RED_SAL": 3005, "MUNICIPIO": "Villa Tunari", "COD_MUNI": 31003, "NOM_EESS": "PS. Capiguara", "COD_EESS": 300615, "NIVEL_RES": "1er", "TIPO_EESS": "Puesto de Salud", "POB_ASIG": 906, "EESS_REF": "Hospital Villa Tunari - S.F. de Asis - 2do Nvl.", "COD_ES_REF": 300288, "TIPO_ACC_REF": "Terrestre", "DIST_REF": "39 Km", "TIEMPO_REF": "25 min.", "FISIO_REF": "Derrumbes", "EESS_REF2": "Hospital Villa Tunari - 3er Nvl.", "COD_ES_RF2": 300759, "TIPACC_REF2": "Terrestre", "DIST_REF2": "19 Km", "TIEMPOREF2": "35 min.", "FISIO_REF2": "Derrumbes", "EESS_REF3": null, "COD_ES_RF3": 0, "TIPACC_REF3": null, "DIST_REF3": null, "TIEMPOREF3": null, "FISIO_REF3": null }, "geometry": null },
{ "type": "Feature", "properties": { "ID": 170, "DEPTO": "Cochabamba", "COD_DEPTO": 30000, "RED_SALUD": "Villa Tunari", "COD_RED_SAL": 3005, "MUNICIPIO": "Villa Tunari", "COD_MUNI": 31003, "NOM_EESS": "PS. Central Anzaldo", "COD_EESS": 300616, "NIVEL_RES": "1er", "TIPO_EESS": "Puesto de Salud", "POB_ASIG": 516, "EESS_REF": "Hospital Villa Tunari - S.F. de Asis - 2do Nvl.", "COD_ES_REF": 300288, "TIPO_ACC_REF": "Terrestre", "DIST_REF": "19 Km", "TIEMPO_REF": "50 min.", "FISIO_REF": "Distancia, Camino Accidentado, Derrumbe", "EESS_REF2": "Hospital Villa Tunari - 3er Nvl.", "COD_ES_RF2": 300759, "TIPACC_REF2": "Terrestre", "DIST_REF2": "14 Km", "TIEMPOREF2": "42 min.", "FISIO_REF2": "Distancia, Camino Accidentado, Derrumbe", "EESS_REF3": null, "COD_ES_RF3": 0, "TIPACC_REF3": null, "DIST_REF3": null, "TIEMPOREF3": null, "FISIO_REF3": null }, "geometry": null },
{ "type": "Feature", "properties": { "ID": 176, "DEPTO": "Cochabamba", "COD_DEPTO": 30000, "RED_SALUD": "Villa Tunari", "COD_RED_SAL": 3005, "MUNICIPIO": "Villa Tunari", "COD_MUNI": 31003, "NOM_EESS": "PS. Locotal", "COD_EESS": 300617, "NIVEL_RES": "1er", "TIPO_EESS": "Puesto de Salud", "POB_ASIG": 562, "EESS_REF": "Hospital Villa Tunari - S.F. de Asis - 2do Nvl.", "COD_ES_REF": 300288, "TIPO_ACC_REF": "Terrestre", "DIST_REF": "90 Km", "TIEMPO_REF": "1 Hra. 30 min.", "FISIO_REF": "Derrumbes", "EESS_REF2": "Hospital Villa Tunari - 3er Nvl.", "COD_ES_RF2": 300759, "TIPACC_REF2": "Terrestre", "DIST_REF2": "65 Km", "TIEMPOREF2": "1 Hra. 50 min.", "FISIO_REF2": "Derrumbes", "EESS_REF3": null, "COD_ES_RF3": 0, "TIPACC_REF3": null, "DIST_REF3": null, "TIEMPOREF3": null, "FISIO_REF3": null }, "geometry": null },
{ "type": "Feature", "properties": { "ID": 238, "DEPTO": "Cochabamba", "COD_DEPTO": 30000, "RED_SALUD": "Tarata", "COD_RED_SAL": 3017, "MUNICIPIO": "Sacabamba", "COD_MUNI": 30404, "NOM_EESS": "PS. Challaque", "COD_EESS": 300621, "NIVEL_RES": "1er", "TIPO_EESS": "Puesto de Salud", "POB_ASIG": 426, "EESS_REF": "CScI. Sacabamba - 1er Nvl.", "COD_ES_REF": 300156, "TIPO_ACC_REF": "terrestre", "DIST_REF": "3.5 km", "TIEMPO_REF": "10 min", "FISIO_REF": "en epoca de lluvia caminos carretera se vuelve resvaloso, rios, montañas", "EESS_REF2": null, "COD_ES_RF2": 0, "TIPACC_REF2": null, "DIST_REF2": null, "TIEMPOREF2": null, "FISIO_REF2": null, "EESS_REF3": null, "COD_ES_RF3": 0, "TIPACC_REF3": null, "DIST_REF3": null, "TIEMPOREF3": null, "FISIO_REF3": null }, "geometry": null },
{ "type": "Feature", "properties": { "ID": 239, "DEPTO": "Cochabamba", "COD_DEPTO": 30000, "RED_SALUD": "Tarata", "COD_RED_SAL": 3017, "MUNICIPIO": "Arbieto", "COD_MUNI": 30403, "NOM_EESS": "PS. Aranjuez", "COD_EESS": 300622, "NIVEL_RES": "1er", "TIPO_EESS": "Puesto de Salud", "POB_ASIG": 508, "EESS_REF": "CSINT. Arbieto - 1er Nvl.", "COD_ES_REF": 300148, "TIPO_ACC_REF": "terrestre", "DIST_REF": "4.6 km", "TIEMPO_REF": "12 min.", "FISIO_REF": "ninguna", "EESS_REF2": "Hospital  San Juan de Dios Cliza - 2do Nvl.", "COD_ES_RF2": 300196, "TIPACC_REF2": "terrestre", "DIST_REF2": "6.3 km", "TIEMPOREF2": "12 min.", "FISIO_REF2": "ninguna", "EESS_REF3": "Hospital Punata \"Manuel A.Villarroel\" - 2do Nvl.", "COD_ES_RF3": 300378, "TIPACC_REF3": "terrestre", "DIST_REF3": "17 km", "TIEMPOREF3": "27 min.", "FISIO_REF3": "ninguna" }, "geometry": null },
{ "type": "Feature", "properties": { "ID": 240, "DEPTO": "Cochabamba", "COD_DEPTO": 30000, "RED_SALUD": "Tarata", "COD_RED_SAL": 3017, "MUNICIPIO": "Arbieto", "COD_MUNI": 30403, "NOM_EESS": "PS. Mamanaca", "COD_EESS": 300624, "NIVEL_RES": "1er", "TIPO_EESS": "Puesto de Salud", "POB_ASIG": 675, "EESS_REF": "CSINT. Arbieto - 1er Nvl.", "COD_ES_REF": 300148, "TIPO_ACC_REF": "terrestre", "DIST_REF": "4km", "TIEMPO_REF": "10 min.", "FISIO_REF": "ninguna", "EESS_REF2": "Hospital  San Juan de Dios Cliza - 2do Nvl.", "COD_ES_RF2": 300196, "TIPACC_REF2": "terrestre", "DIST_REF2": "7 km", "TIEMPOREF2": "20 min.", "FISIO_REF2": "ninguna", "EESS_REF3": "Hospital Punata \"Manuel A.Villarroel\" - 2do Nvl.", "COD_ES_RF3": 300378, "TIPACC_REF3": "terrestre", "DIST_REF3": "15km", "TIEMPOREF3": "30 min.", "FISIO_REF3": "ninguna" }, "geometry": null },
{ "type": "Feature", "properties": { "ID": 241, "DEPTO": "Cochabamba", "COD_DEPTO": 30000, "RED_SALUD": "Tarata", "COD_RED_SAL": 3017, "MUNICIPIO": "Arbieto", "COD_MUNI": 30403, "NOM_EESS": "CSA. 20 de Octubre", "COD_EESS": 300625, "NIVEL_RES": "1er", "TIPO_EESS": "C.S. Ambulatorio", "POB_ASIG": 5547, "EESS_REF": "CSINT. Arbieto - 1er Nvl.", "COD_ES_REF": 300148, "TIPO_ACC_REF": "terrestre", "DIST_REF": "25 km", "TIEMPO_REF": "30 min.", "FISIO_REF": "ninguna", "EESS_REF2": "Hospital  San Juan de Dios Cliza - 2do Nvl.", "COD_ES_RF2": 300196, "TIPACC_REF2": "terrestre", "DIST_REF2": "33km", "TIEMPOREF2": "39 min.", "FISIO_REF2": "ninguna", "EESS_REF3": "Hospital Punata \"Manuel A.Villarroel\" - 2do Nvl.", "COD_ES_RF3": 300378, "TIPACC_REF3": "terrestre", "DIST_REF3": "41 km", "TIEMPOREF3": "48 min.", "FISIO_REF3": "ninguna" }, "geometry": null },
{ "type": "Feature", "properties": { "ID": 242, "DEPTO": "Cochabamba", "COD_DEPTO": 30000, "RED_SALUD": "Tarata", "COD_RED_SAL": 3017, "MUNICIPIO": "Arbieto", "COD_MUNI": 30403, "NOM_EESS": "CSA. Llave Mayu", "COD_EESS": 300626, "NIVEL_RES": "1er", "TIPO_EESS": "C.S. Ambulatorio", "POB_ASIG": 4571, "EESS_REF": "CSINT. Arbieto - 1er Nvl.", "COD_ES_REF": 300148, "TIPO_ACC_REF": "terrestre", "DIST_REF": "18 km", "TIEMPO_REF": "20 min", "FISIO_REF": "ninguna", "EESS_REF2": "Hospital  San Juan de Dios Cliza - 2do Nvl.", "COD_ES_RF2": 300196, "TIPACC_REF2": "terrestre", "DIST_REF2": "32 km", "TIEMPOREF2": "30 min", "FISIO_REF2": "ninguna", "EESS_REF3": "Hospital Punata \"Manuel A.Villarroel\" - 2do Nvl.", "COD_ES_RF3": 300378, "TIPACC_REF3": "terrestre", "DIST_REF3": "42 km", "TIEMPOREF3": "45 min", "FISIO_REF3": "ninguna" }, "geometry": null },
{ "type": "Feature", "properties": { "ID": 52, "DEPTO": "Cochabamba", "COD_DEPTO": 30000, "RED_SALUD": "Ivirgarzama", "COD_RED_SAL": 3006, "MUNICIPIO": "CHIMORE", "COD_MUNI": 31204, "NOM_EESS": "PS. Trinidadsito", "COD_EESS": 300637, "NIVEL_RES": "1er", "TIPO_EESS": "Puesto de Salud", "POB_ASIG": 376, "EESS_REF": "CSINT. San Juan de Dios Chimore - 1er Nvl.", "COD_ES_REF": 300334, "TIPO_ACC_REF": "Terrestre y Fluvial", "DIST_REF": "270 Km", "TIEMPO_REF": "12 a 15 Hrs.", "FISIO_REF": "Inundaciones", "EESS_REF2": null, "COD_ES_RF2": 0, "TIPACC_REF2": null, "DIST_REF2": null, "TIEMPOREF2": null, "FISIO_REF2": null, "EESS_REF3": null, "COD_ES_RF3": 0, "TIPACC_REF3": null, "DIST_REF3": null, "TIEMPOREF3": null, "FISIO_REF3": null }, "geometry": null },
{ "type": "Feature", "properties": { "ID": 118, "DEPTO": "Cochabamba", "COD_DEPTO": 30000, "RED_SALUD": "Red Indigena de Salud", "COD_RED_SAL": 3020, "MUNICIPIO": "Villa Tunari", "COD_MUNI": 31003, "NOM_EESS": "PS. San Benito", "COD_EESS": 300650, "NIVEL_RES": "1er", "TIPO_EESS": "Puesto de Salud", "POB_ASIG": 827, "EESS_REF": "Hospital Villa Tunari - S.F. de Asis - 2do Nvl.", "COD_ES_REF": 300288, "TIPO_ACC_REF": "Terrestre y Fluvial", "DIST_REF": "80 Km", "TIEMPO_REF": "3 Hrs. ", "FISIO_REF": "Rio Isiboro a Cruzar en Canoa", "EESS_REF2": null, "COD_ES_RF2": 0, "TIPACC_REF2": null, "DIST_REF2": null, "TIEMPOREF2": null, "FISIO_REF2": null, "EESS_REF3": null, "COD_ES_RF3": 0, "TIPACC_REF3": null, "DIST_REF3": null, "TIEMPOREF3": null, "FISIO_REF3": null }, "geometry": null },
{ "type": "Feature", "properties": { "ID": 183, "DEPTO": "Cochabamba", "COD_DEPTO": 30000, "RED_SALUD": "Villa Tunari", "COD_RED_SAL": 3005, "MUNICIPIO": "Villa Tunari", "COD_MUNI": 31003, "NOM_EESS": "PS. Santa Rosa de la Boca del Chapare", "COD_EESS": 300651, "NIVEL_RES": "1er", "TIPO_EESS": "Puesto de Salud", "POB_ASIG": 338, "EESS_REF": "Hospital Ivirgarzama - 2do Nvl.", "COD_ES_REF": 300346, "TIPO_ACC_REF": "Terrestre y Fluvial", "DIST_REF": "T: 27 Km - F: 330 Km", "TIEMPO_REF": "T: 30 min. - F: 36 a 50 Hrs.", "FISIO_REF": "Incremento o Disminucion del Caudal", "EESS_REF2": "Hospital Villa Tunari - S.F. de Asis - 2do Nvl.", "COD_ES_RF2": 300288, "TIPACC_REF2": "Terrestre y Fluvial", "DIST_REF2": "T: 92 Km - F: 330 Km", "TIEMPOREF2": "T: 3 Hrs. - F: 36 a 50 Hrs.", "FISIO_REF2": "Disponibilidad de Combustible", "EESS_REF3": null, "COD_ES_RF3": 0, "TIPACC_REF3": null, "DIST_REF3": null, "TIEMPOREF3": null, "FISIO_REF3": null }, "geometry": null },
{ "type": "Feature", "properties": { "ID": 160, "DEPTO": "Cochabamba", "COD_DEPTO": 30000, "RED_SALUD": "Villa Tunari", "COD_RED_SAL": 3005, "MUNICIPIO": "Villa Tunari", "COD_MUNI": 31003, "NOM_EESS": "CScI. San Jose de Angosta", "COD_EESS": 300652, "NIVEL_RES": "1er", "TIPO_EESS": "C.S. con Internacion", "POB_ASIG": 667, "EESS_REF": "Hospital Villa Tunari - S.F. de Asis - 2do Nvl.", "COD_ES_REF": 300288, "TIPO_ACC_REF": "Terrestre y Fluvial", "DIST_REF": "95 Km", "TIEMPO_REF": "4 Hrs. ", "FISIO_REF": "Crecida del Rio Izeze, Crecida del Rio Moleto", "EESS_REF2": null, "COD_ES_RF2": 0, "TIPACC_REF2": null, "DIST_REF2": null, "TIEMPOREF2": null, "FISIO_REF2": null, "EESS_REF3": null, "COD_ES_RF3": 0, "TIPACC_REF3": null, "DIST_REF3": null, "TIEMPOREF3": null, "FISIO_REF3": null }, "geometry": null },
{ "type": "Feature", "properties": { "ID": 119, "DEPTO": "Cochabamba", "COD_DEPTO": 30000, "RED_SALUD": "Red Indigena de Salud", "COD_RED_SAL": 3020, "MUNICIPIO": "Villa Tunari", "COD_MUNI": 31003, "NOM_EESS": "PS. Tres de Mayo", "COD_EESS": 300653, "NIVEL_RES": "1er", "TIPO_EESS": "Puesto de Salud", "POB_ASIG": 378, "EESS_REF": "Hospital Villa Tunari - S.F. de Asis - 2do Nvl.", "COD_ES_REF": 300288, "TIPO_ACC_REF": "Terrestre y Fluvial", "DIST_REF": "120 Km", "TIEMPO_REF": "6 Hrs.", "FISIO_REF": "Crecida del Rio Izeze", "EESS_REF2": null, "COD_ES_RF2": 0, "TIPACC_REF2": null, "DIST_REF2": null, "TIEMPOREF2": null, "FISIO_REF2": null, "EESS_REF3": null, "COD_ES_RF3": 0, "TIPACC_REF3": null, "DIST_REF3": null, "TIEMPOREF3": null, "FISIO_REF3": null }, "geometry": null },
{ "type": "Feature", "properties": { "ID": 181, "DEPTO": "Cochabamba", "COD_DEPTO": 30000, "RED_SALUD": "Villa Tunari", "COD_RED_SAL": 3005, "MUNICIPIO": "Villa Tunari", "COD_MUNI": 31003, "NOM_EESS": "PS. San Miguelito", "COD_EESS": 300654, "NIVEL_RES": "1er", "TIPO_EESS": "Puesto de Salud", "POB_ASIG": 377, "EESS_REF": "Hospital Villa Tunari - S.F. de Asis - 2do Nvl.", "COD_ES_REF": 300288, "TIPO_ACC_REF": "Terrestre y Fluvial", "DIST_REF": "80 Km", "TIEMPO_REF": "3 Hrs. ", "FISIO_REF": "Rio Isiboro a Cruzar en Canoa", "EESS_REF2": null, "COD_ES_RF2": 0, "TIPACC_REF2": null, "DIST_REF2": null, "TIEMPOREF2": null, "FISIO_REF2": null, "EESS_REF3": null, "COD_ES_RF3": 0, "TIPACC_REF3": null, "DIST_REF3": null, "TIEMPOREF3": null, "FISIO_REF3": null }, "geometry": null },
{ "type": "Feature", "properties": { "ID": 161, "DEPTO": "Cochabamba", "COD_DEPTO": 30000, "RED_SALUD": "Villa Tunari", "COD_RED_SAL": 3005, "MUNICIPIO": "Villa Tunari", "COD_MUNI": 31003, "NOM_EESS": "CScI. Santa Rosa del Isiboro", "COD_EESS": 300655, "NIVEL_RES": "1er", "TIPO_EESS": "C.S. con Internacion", "POB_ASIG": 422, "EESS_REF": "Hospital Villa Tunari - S.F. de Asis - 2do Nvl.", "COD_ES_REF": 300288, "TIPO_ACC_REF": "Terrestre y Fluvial", "DIST_REF": "250 Km", "TIEMPO_REF": "6 a 7 Hrs.", "FISIO_REF": "Incremento o Disminucion del Caudal del Rio", "EESS_REF2": null, "COD_ES_RF2": 0, "TIPACC_REF2": null, "DIST_REF2": null, "TIEMPOREF2": null, "FISIO_REF2": null, "EESS_REF3": null, "COD_ES_RF3": 0, "TIPACC_REF3": null, "DIST_REF3": null, "TIEMPOREF3": null, "FISIO_REF3": null }, "geometry": null },
{ "type": "Feature", "properties": { "ID": 168, "DEPTO": "Cochabamba", "COD_DEPTO": 30000, "RED_SALUD": "Villa Tunari", "COD_RED_SAL": 3005, "MUNICIPIO": "Villa Tunari", "COD_MUNI": 31003, "NOM_EESS": "PS. Buen Pastor", "COD_EESS": 300656, "NIVEL_RES": "1er", "TIPO_EESS": "Puesto de Salud", "POB_ASIG": 326, "EESS_REF": "Hospital Villa Tunari - S.F. de Asis - 2do Nvl.", "COD_ES_REF": 300288, "TIPO_ACC_REF": "Terrestre", "DIST_REF": "95 Km", "TIEMPO_REF": "6 Hrs.", "FISIO_REF": "Crecidas de Los Rios Blanco e Ichoa, Lluvias", "EESS_REF2": null, "COD_ES_RF2": 0, "TIPACC_REF2": null, "DIST_REF2": null, "TIEMPOREF2": null, "FISIO_REF2": null, "EESS_REF3": null, "COD_ES_RF3": 0, "TIPACC_REF3": null, "DIST_REF3": null, "TIEMPOREF3": null, "FISIO_REF3": null }, "geometry": null },
{ "type": "Feature", "properties": { "ID": 47, "DEPTO": "Cochabamba", "COD_DEPTO": 30000, "RED_SALUD": "Ivirgarzama", "COD_RED_SAL": 3006, "MUNICIPIO": "Chimore", "COD_MUNI": 31204, "NOM_EESS": "CScI. Senda \"F\"", "COD_EESS": 300670, "NIVEL_RES": "1er", "TIPO_EESS": "C.S. con Internacion", "POB_ASIG": 532, "EESS_REF": "CSINT. San Juan de Dios Chimore - 1er Nvl.", "COD_ES_REF": 300334, "TIPO_ACC_REF": "Terrestre", "DIST_REF": "49 Km", "TIEMPO_REF": "48 min.", "FISIO_REF": "Camino Empedrado desde el EE.SS hasta la Carretera", "EESS_REF2": null, "COD_ES_RF2": 0, "TIPACC_REF2": null, "DIST_REF2": null, "TIEMPOREF2": null, "FISIO_REF2": null, "EESS_REF3": null, "COD_ES_RF3": 0, "TIPACC_REF3": null, "DIST_REF3": null, "TIEMPOREF3": null, "FISIO_REF3": null }, "geometry": null },
{ "type": "Feature", "properties": { "ID": 46, "DEPTO": "Cochabamba", "COD_DEPTO": 30000, "RED_SALUD": "Ivirgarzama", "COD_RED_SAL": 3006, "MUNICIPIO": "Chimore", "COD_MUNI": 31204, "NOM_EESS": "CScI. Nueva Esperanza", "COD_EESS": 300671, "NIVEL_RES": "1er", "TIPO_EESS": "C.S. con Internacion", "POB_ASIG": 401, "EESS_REF": "CSINT. San Juan de Dios Chimore - 1er Nvl.", "COD_ES_REF": 300334, "TIPO_ACC_REF": "Terrestre", "DIST_REF": "63 Km ", "TIEMPO_REF": "1 Hra.", "FISIO_REF": "Ninguno", "EESS_REF2": null, "COD_ES_RF2": 0, "TIPACC_REF2": null, "DIST_REF2": null, "TIEMPOREF2": null, "FISIO_REF2": null, "EESS_REF3": null, "COD_ES_RF3": 0, "TIPACC_REF3": null, "DIST_REF3": null, "TIEMPOREF3": null, "FISIO_REF3": null }, "geometry": null },
{ "type": "Feature", "properties": { "ID": 157, "DEPTO": "Cochabamba", "COD_DEPTO": 30000, "RED_SALUD": "Villa Tunari", "COD_RED_SAL": 3005, "MUNICIPIO": "Villa Tunari", "COD_MUNI": 31003, "NOM_EESS": "CScI. Espiritu Santo", "COD_EESS": 300673, "NIVEL_RES": "1er", "TIPO_EESS": "C.S. con Internacion", "POB_ASIG": 663, "EESS_REF": "Hospital Villa Tunari - S.F. de Asis - 2do Nvl.", "COD_ES_REF": 300288, "TIPO_ACC_REF": "Terrestre", "DIST_REF": "38 Km", "TIEMPO_REF": "1 Hra.", "FISIO_REF": "Derrumbes", "EESS_REF2": "Hospital Villa Tunari - 3er Nvl.", "COD_ES_RF2": 300759, "TIPACC_REF2": "Terrestre", "DIST_REF2": "33 Km", "TIEMPOREF2": "55 min.", "FISIO_REF2": "Derrumbes", "EESS_REF3": null, "COD_ES_RF3": 0, "TIPACC_REF3": null, "DIST_REF3": null, "TIEMPOREF3": null, "FISIO_REF3": null }, "geometry": null },
{ "type": "Feature", "properties": { "ID": 162, "DEPTO": "Cochabamba", "COD_DEPTO": 30000, "RED_SALUD": "Villa Tunari", "COD_RED_SAL": 3005, "MUNICIPIO": "Villa Tunari", "COD_MUNI": 31003, "NOM_EESS": "CScI. Tocopilla", "COD_EESS": 300674, "NIVEL_RES": "1er", "TIPO_EESS": "C.S. con Internacion", "POB_ASIG": 1004, "EESS_REF": "CSA. Villa 14 de Septiembre - 1er Nvl.", "COD_ES_REF": 300286, "TIPO_ACC_REF": "Terrestre", "DIST_REF": "11.4 Km", "TIEMPO_REF": "30 min.", "FISIO_REF": "Rio Caudaloso , Lluvias Torrenciales a Veces no Hay Paso", "EESS_REF2": "Hospital Villa Tunari - S.F. de Asis - 2do Nvl.", "COD_ES_RF2": 300288, "TIPACC_REF2": "Terrestre", "DIST_REF2": "66 Km", "TIEMPOREF2": "1 Hra. 45 min.", "FISIO_REF2": "Derrumbes, Caidas de Arboles, Lluvias Torrenciales", "EESS_REF3": "Hospital Villa Tunari - 3er Nvl.", "COD_ES_RF3": 300759, "TIPACC_REF3": "Terrestre", "DIST_REF3": "73 Km", "TIEMPOREF3": "1 Hra. 55 min.", "FISIO_REF3": "Derrumbes, Caidas de Arboles por Lluvias Torrenciales" }, "geometry": null },
{ "type": "Feature", "properties": { "ID": 142, "DEPTO": "Cochabamba", "COD_DEPTO": 30000, "RED_SALUD": "Villa Tunari", "COD_RED_SAL": 3005, "MUNICIPIO": "Shinahota", "COD_MUNI": 31602, "NOM_EESS": "CScI. San Luis", "COD_EESS": 300675, "NIVEL_RES": "1er", "TIPO_EESS": "C.S. con Internacion", "POB_ASIG": 1117, "EESS_REF": "Hospital San Martin de Porres - 2do Nvl.", "COD_ES_REF": 300404, "TIPO_ACC_REF": "Terrestre", "DIST_REF": "7.2 Km", "TIEMPO_REF": "20 min.", "FISIO_REF": "Ninguno", "EESS_REF2": null, "COD_ES_RF2": 0, "TIPACC_REF2": null, "DIST_REF2": null, "TIEMPOREF2": null, "FISIO_REF2": null, "EESS_REF3": null, "COD_ES_RF3": 0, "TIPACC_REF3": null, "DIST_REF3": null, "TIEMPOREF3": null, "FISIO_REF3": null }, "geometry": null },
{ "type": "Feature", "properties": { "ID": 141, "DEPTO": "Cochabamba", "COD_DEPTO": 30000, "RED_SALUD": "Villa Tunari", "COD_RED_SAL": 3005, "MUNICIPIO": "Shinahota", "COD_MUNI": 31003, "NOM_EESS": "CScI. San Isidro", "COD_EESS": 300676, "NIVEL_RES": "1er", "TIPO_EESS": "C.S. con Internacion", "POB_ASIG": 1043, "EESS_REF": "Hospital San Martin de Porres - 2do Nvl.", "COD_ES_REF": 300404, "TIPO_ACC_REF": "Terrestre", "DIST_REF": "5 Km ", "TIEMPO_REF": "20 min.", "FISIO_REF": "Empedrado, Ripio", "EESS_REF2": null, "COD_ES_RF2": 0, "TIPACC_REF2": null, "DIST_REF2": null, "TIEMPOREF2": null, "FISIO_REF2": null, "EESS_REF3": null, "COD_ES_RF3": 0, "TIPACC_REF3": null, "DIST_REF3": null, "TIEMPOREF3": null, "FISIO_REF3": null }, "geometry": null },
{ "type": "Feature", "properties": { "ID": 10, "DEPTO": "Cochabamba", "COD_DEPTO": 30000, "RED_SALUD": "Aiquile", "COD_RED_SAL": 3011, "MUNICIPIO": "Aiquile", "COD_MUNI": 30201, "NOM_EESS": "PS. Kewiñal", "COD_EESS": 300682, "NIVEL_RES": "1er", "TIPO_EESS": "Puesto de Salud", "POB_ASIG": 510, "EESS_REF": "Hospital Carmen Lopez - 2do Nvl.", "COD_ES_REF": 300087, "TIPO_ACC_REF": "Terrestre", "DIST_REF": "56 Km", "TIEMPO_REF": "1 Hra. 30 min.", "FISIO_REF": "Montaña", "EESS_REF2": null, "COD_ES_RF2": 0, "TIPACC_REF2": null, "DIST_REF2": null, "TIEMPOREF2": null, "FISIO_REF2": null, "EESS_REF3": null, "COD_ES_RF3": 0, "TIPACC_REF3": null, "DIST_REF3": null, "TIEMPOREF3": null, "FISIO_REF3": null }, "geometry": null },
{ "type": "Feature", "properties": { "ID": 9, "DEPTO": "Cochabamba", "COD_DEPTO": 30000, "RED_SALUD": "Aiquile", "COD_RED_SAL": 3011, "MUNICIPIO": "Aiquile", "COD_MUNI": 30201, "NOM_EESS": "PS. Chaqui Mayo", "COD_EESS": 300685, "NIVEL_RES": "1er", "TIPO_EESS": "Puesto de Salud", "POB_ASIG": 498, "EESS_REF": "Hospital Carmen Lopez - 2do Nvl.", "COD_ES_REF": 300087, "TIPO_ACC_REF": "Terrestre", "DIST_REF": "45 Km", "TIEMPO_REF": "45 min.", "FISIO_REF": "Rio, Quebrada", "EESS_REF2": null, "COD_ES_RF2": 0, "TIPACC_REF2": null, "DIST_REF2": null, "TIEMPOREF2": null, "FISIO_REF2": null, "EESS_REF3": null, "COD_ES_RF3": 0, "TIPACC_REF3": null, "DIST_REF3": null, "TIEMPOREF3": null, "FISIO_REF3": null }, "geometry": null },
{ "type": "Feature", "properties": { "ID": 63, "DEPTO": "Cochabamba", "COD_DEPTO": 30000, "RED_SALUD": "Ivirgarzama", "COD_RED_SAL": 3006, "MUNICIPIO": "Puerto Villarroel", "COD_MUNI": 31205, "NOM_EESS": "CSA. Ivirgarzama", "COD_EESS": 300694, "NIVEL_RES": "1er", "TIPO_EESS": "C.S. Ambulatorio", "POB_ASIG": 25960, "EESS_REF": "Hospital Ivirgarzama - 2do Nvl.", "COD_ES_REF": 300346, "TIPO_ACC_REF": "Terrestre", "DIST_REF": "0 Km", "TIEMPO_REF": "0", "FISIO_REF": "Ninguna", "EESS_REF2": null, "COD_ES_RF2": 0, "TIPACC_REF2": null, "DIST_REF2": null, "TIEMPOREF2": null, "FISIO_REF2": null, "EESS_REF3": null, "COD_ES_RF3": 0, "TIPACC_REF3": null, "DIST_REF3": null, "TIEMPOREF3": null, "FISIO_REF3": null }, "geometry": null },
{ "type": "Feature", "properties": { "ID": 154, "DEPTO": "Cochabamba", "COD_DEPTO": 30000, "RED_SALUD": "Villa Tunari", "COD_RED_SAL": 3005, "MUNICIPIO": "Villa Tunari", "COD_MUNI": 31003, "NOM_EESS": "CSA. Villa Tunari", "COD_EESS": 300697, "NIVEL_RES": "1er", "TIPO_EESS": "C.S. Ambulatorio", "POB_ASIG": 7507, "EESS_REF": "Hospital Villa Tunari - S.F. de Asis - 2do Nvl.", "COD_ES_REF": 300288, "TIPO_ACC_REF": "Terrestre", "DIST_REF": "0 Km", "TIEMPO_REF": "0", "FISIO_REF": "Niguna", "EESS_REF2": "Hospital Villa Tunari - 3er Nvl.", "COD_ES_RF2": 300759, "TIPACC_REF2": "Terrestre", "DIST_REF2": "7 Km", "TIEMPOREF2": "10 min.", "FISIO_REF2": "Ninguna", "EESS_REF3": null, "COD_ES_RF3": 0, "TIPACC_REF3": null, "DIST_REF3": null, "TIEMPOREF3": null, "FISIO_REF3": null }, "geometry": null },
{ "type": "Feature", "properties": { "ID": 56, "DEPTO": "Cochabamba", "COD_DEPTO": 30000, "RED_SALUD": "Ivirgarzama", "COD_RED_SAL": 3006, "MUNICIPIO": "Entre Rios", "COD_MUNI": 31206, "NOM_EESS": "Hospital Entre Rios", "COD_EESS": 300700, "NIVEL_RES": "2do", "TIPO_EESS": "Hospital Segundo Nivel", "POB_ASIG": 39042, "EESS_REF": "Hospital de Yapacani - 2do Nvl.", "COD_ES_REF": 700617, "TIPO_ACC_REF": "Terrestre", "DIST_REF": "78.7 Km", "TIEMPO_REF": "1 Hra. 30 min.", "FISIO_REF": "Ninguno Carretera ", "EESS_REF2": "Hospital Ivirgarzama - 2do Nvl.", "COD_ES_RF2": 300346, "TIPACC_REF2": "Terrestre", "DIST_REF2": "53 Km", "TIEMPOREF2": "45 min.", "FISIO_REF2": "Ninguno Carretera ", "EESS_REF3": "Hospital Villa Tunari - 3er Nvl.", "COD_ES_RF3": 300759, "TIPACC_REF3": "Terrestre", "DIST_REF3": "117 Km ", "TIEMPOREF3": "2 Hrs.", "FISIO_REF3": "Ninguno Carretera " }, "geometry": null },
{ "type": "Feature", "properties": { "ID": 1, "DEPTO": "Cochabamba", "COD_DEPTO": 30000, "RED_SALUD": "Aiquile", "COD_RED_SAL": 3011, "MUNICIPIO": "Aiquile", "COD_MUNI": 30201, "NOM_EESS": "CSA. Aiquile", "COD_EESS": 300703, "NIVEL_RES": "1er", "TIPO_EESS": "C.S. Ambulatorio", "POB_ASIG": 14096, "EESS_REF": "Hospital Carmen Lopez - 2do Nvl.", "COD_ES_REF": 300087, "TIPO_ACC_REF": "Terrestre", "DIST_REF": "100 Mt", "TIEMPO_REF": "5 min.", "FISIO_REF": "Ninguna ", "EESS_REF2": null, "COD_ES_RF2": 0, "TIPACC_REF2": null, "DIST_REF2": null, "TIEMPOREF2": null, "FISIO_REF2": null, "EESS_REF3": null, "COD_ES_RF3": 0, "TIPACC_REF3": null, "DIST_REF3": null, "TIEMPOREF3": null, "FISIO_REF3": null }, "geometry": null },
{ "type": "Feature", "properties": { "ID": 94, "DEPTO": "Cochabamba", "COD_DEPTO": 30000, "RED_SALUD": "Mizque", "COD_RED_SAL": 3012, "MUNICIPIO": "Mizque", "COD_MUNI": 31301, "NOM_EESS": "CSA. Mizque", "COD_EESS": 300704, "NIVEL_RES": "1er", "TIPO_EESS": "C.S. Ambulatorio", "POB_ASIG": 11728, "EESS_REF": "Hospital Mizque - Augusto Morales A. - 2do Nvl.", "COD_ES_REF": 300360, "TIPO_ACC_REF": "Terrestre", "DIST_REF": "50 Mt", "TIEMPO_REF": "5 min.", "FISIO_REF": "Via Fluvial el Aumento del Caudal o la Sequia Incrementan Los Tiempos de Ingreso.", "EESS_REF2": null, "COD_ES_RF2": 0, "TIPACC_REF2": null, "DIST_REF2": null, "TIEMPOREF2": null, "FISIO_REF2": null, "EESS_REF3": null, "COD_ES_RF3": 0, "TIPACC_REF3": null, "DIST_REF3": null, "TIEMPOREF3": null, "FISIO_REF3": null }, "geometry": null },
{ "type": "Feature", "properties": { "ID": 82, "DEPTO": "Cochabamba", "COD_DEPTO": 30000, "RED_SALUD": "Ivirgarzama", "COD_RED_SAL": 3006, "MUNICIPIO": "Puerto Villarroel", "COD_MUNI": 31205, "NOM_EESS": "PS. San Pedro", "COD_EESS": 300742, "NIVEL_RES": "1er", "TIPO_EESS": "Puesto de Salud", "POB_ASIG": 610, "EESS_REF": "Hospital Ivirgarzama - 2do Nvl.", "COD_ES_REF": 300346, "TIPO_ACC_REF": "Terrestre", "DIST_REF": "28 Km", "TIEMPO_REF": "25 min.", "FISIO_REF": "Ninguna", "EESS_REF2": null, "COD_ES_RF2": 0, "TIPACC_REF2": null, "DIST_REF2": null, "TIEMPOREF2": null, "FISIO_REF2": null, "EESS_REF3": null, "COD_ES_RF3": 0, "TIPACC_REF3": null, "DIST_REF3": null, "TIEMPOREF3": null, "FISIO_REF3": null }, "geometry": null },
{ "type": "Feature", "properties": { "ID": 45, "DEPTO": "Cochabamba", "COD_DEPTO": 30000, "RED_SALUD": "Ivirgarzama", "COD_RED_SAL": 3006, "MUNICIPIO": "Chimore", "COD_MUNI": 31204, "NOM_EESS": "CSA. Senda III", "COD_EESS": 300754, "NIVEL_RES": "1er", "TIPO_EESS": "C.S. Ambulatorio", "POB_ASIG": 2190, "EESS_REF": "CSINT. San Juan de Dios Chimore - 1er Nvl.", "COD_ES_REF": 300334, "TIPO_ACC_REF": "Terrestre", "DIST_REF": "36 Km", "TIEMPO_REF": "35 min.", "FISIO_REF": "Camino Empedrado desde el EE.SS hasta la Carretera", "EESS_REF2": null, "COD_ES_RF2": 0, "TIPACC_REF2": null, "DIST_REF2": null, "TIEMPOREF2": null, "FISIO_REF2": null, "EESS_REF3": null, "COD_ES_RF3": 0, "TIPACC_REF3": null, "DIST_REF3": null, "TIEMPOREF3": null, "FISIO_REF3": null }, "geometry": null },
{ "type": "Feature", "properties": { "ID": 11, "DEPTO": "Cochabamba", "COD_DEPTO": 30000, "RED_SALUD": "Aiquile", "COD_RED_SAL": 3011, "MUNICIPIO": "Aiquile", "COD_MUNI": 30201, "NOM_EESS": "PS. Panama", "COD_EESS": 300755, "NIVEL_RES": "1er", "TIPO_EESS": "Puesto de Salud", "POB_ASIG": 497, "EESS_REF": "Hospital Carmen Lopez - 2do Nvl.", "COD_ES_REF": 300087, "TIPO_ACC_REF": "Terrestre", "DIST_REF": "15 Km", "TIEMPO_REF": "40 min.", "FISIO_REF": "Montaña", "EESS_REF2": null, "COD_ES_RF2": 0, "TIPACC_REF2": null, "DIST_REF2": null, "TIEMPOREF2": null, "FISIO_REF2": null, "EESS_REF3": null, "COD_ES_RF3": 0, "TIPACC_REF3": null, "DIST_REF3": null, "TIEMPOREF3": null, "FISIO_REF3": null }, "geometry": null },
{ "type": "Feature", "properties": { "ID": 243, "DEPTO": "Cochabamba", "COD_DEPTO": 30000, "RED_SALUD": "Tarata", "COD_RED_SAL": 3017, "MUNICIPIO": "Cliza", "COD_MUNI": 30801, "NOM_EESS": "CSA. Cliza", "COD_EESS": 300758, "NIVEL_RES": "1er", "TIPO_EESS": "C.S. Ambulatorio", "POB_ASIG": 12119, "EESS_REF": "Hospital  San Juan de Dios Cliza - 2do Nvl.", "COD_ES_REF": 300196, "TIPO_ACC_REF": "terrestre", "DIST_REF": "50 mt", "TIEMPO_REF": "3 min.", "FISIO_REF": "ninguno", "EESS_REF2": null, "COD_ES_RF2": 0, "TIPACC_REF2": null, "DIST_REF2": null, "TIEMPOREF2": null, "FISIO_REF2": null, "EESS_REF3": null, "COD_ES_RF3": 0, "TIPACC_REF3": null, "DIST_REF3": null, "TIEMPOREF3": null, "FISIO_REF3": null }, "geometry": null },
{ "type": "Feature", "properties": { "ID": 164, "DEPTO": "Cochabamba", "COD_DEPTO": 30000, "RED_SALUD": "Villa Tunari", "COD_RED_SAL": 3005, "MUNICIPIO": "Villa Tunari", "COD_MUNI": 31003, "NOM_EESS": "Hospital Villa Tunari", "COD_EESS": 300759, "NIVEL_RES": "3er", "TIPO_EESS": "Hospital General", "POB_ASIG": 242854, "EESS_REF": "Complejo Hospitalario CBBA - 3er Nvl.", "COD_ES_REF": 300070, "TIPO_ACC_REF": "Terrestre", "DIST_REF": "160 Km", "TIEMPO_REF": "3 Hrs.", "FISIO_REF": "Niguna", "EESS_REF2": null, "COD_ES_RF2": 0, "TIPACC_REF2": null, "DIST_REF2": null, "TIEMPOREF2": null, "FISIO_REF2": null, "EESS_REF3": null, "COD_ES_RF3": 0, "TIPACC_REF3": null, "DIST_REF3": null, "TIEMPOREF3": null, "FISIO_REF3": null }, "geometry": null }
]
}
