{
"type": "FeatureCollection",
"name": "POBLACION_MUNICIPAL_2024",
"features": [
{ "type": "Feature", "properties": { "ID": "1", "DEPTO": "Cochabamba", "COD_DEPTO": 30000, "RED_SALUD": "Cochabamba Urbana", "COD_REDSAL": 3001, "MUNICIPIO": "Cochabamba", "COD_MUNI": 30101, "00A_M_24": "3628", "00A_H_24": "3824", "00A_Tot_24": "7452", "01A_M_24": "3900", "01A_H_24": "4123", "01A_Tot_24": "8023", "02A_M_24": "4082", "02A_H_24": "4282", "02A_Tot_24": "8364", "03A_M_24": "4300", "03A_H_24": "4585", "03A_Tot_24": "8885", "04A_M_24": "4754", "04A_H_24": "5050", "04A_Tot_24": "9804", "0a4A_M_24": "20664", "0a4A_H_24": "21864", "0a4A_T_24": "42528", "05A_M_24": "5149", "05A_H_24": "5227", "05A_Tot_24": "10376", "06A_M_24": "5471", "06A_H_24": "5634", "06A_Tot_24": "11105", "07A_M_24": "5622", "07A_H_24": "5665", "07A_Tot_24": "11287", "08A_M_24": "5857", "08A_H_24": "6005", "08A_Tot_24": "11862", "09A_M_24": "5753", "09A_H_24": "5915", "09A_Tot_24": "11668", "5a9A_M_24": "27852", "5a9A_H_24": "28446", "5a9A_T_24": "56298", "10A_M_24": "5558", "10A_H_24": "5956", "10A_Tot_24": "11514", "11A_M_24": "5720", "11A_H_24": "5989", "11A_Tot_24": "11709", "12A_M_24": "5973", "12A_H_24": "6238", "12A_Tot_24": "12211", "13A_M_24": "5927", "13A_H_24": "6058", "13A_Tot_24": "11985", "14A_M_24": "5787", "14A_H_24": "5867", "14A_Tot_24": "11654", "10a14_M_24": "28965", "10a14_H_24": "30108", "10a14_T_24": "59073", "15A_M_24": "5778", "15A_H_24": "5681", "15A_Tot_24": "11459", "16A_M_24": "5682", "16A_H_24": "5771", "16A_Tot_24": "11453", "17A_M_24": "5984", "17A_H_24": "5850", "17A_Tot_24": "11834", "18A_M_24": "6003", "18A_H_24": "6048", "18A_Tot_24": "12051", "19A_M_24": "6174", "19A_H_24": "5936", "19A_Tot_24": "12110", "15a19_M_24": "29621", "15a19_H_24": "29286", "15a19_T_24": "58907", "20A_M_24": "6136", "20A_H_24": "5879", "20A_Tot_24": "12015", "21A_M_24": "6173", "21A_H_24": "5936", "21A_Tot_24": "12109", "22A_M_24": "6350", "22A_H_24": "6065", "22A_Tot_24": "12415", "23A_M_24": "6738", "23A_H_24": "6540", "23A_Tot_24": "13278", "24A_M_24": "6841", "24A_H_24": "6495", "24A_Tot_24": "13336", "25A_M_24": "6298", "25A_H_24": "6061", "25A_Tot_24": "12359", "26A_M_24": "6164", "26A_H_24": "5772", "26A_Tot_24": "11936", "27A_M_24": "6181", "27A_H_24": "5740", "27A_Tot_24": "11921", "28A_M_24": "6117", "28A_H_24": "5650", "28A_Tot_24": "11767", "29A_M_24": "6205", "29A_H_24": "5581", "29A_Tot_24": "11786", "20a29_M_24": "63203", "20a29_H_24": "59719", "20a29_T_24": "122922", "30A_M_24": "5951", "30A_H_24": "5478", "30A_Tot_24": "11429", "31A_M_24": "5634", "31A_H_24": "5380", "31A_Tot_24": "11014", "32A_M_24": "5616", "32A_H_24": "5280", "32A_Tot_24": "10896", "33A_M_24": "5858", "33A_H_24": "5355", "33A_Tot_24": "11213", "34A_M_24": "5869", "34A_H_24": "5461", "34A_Tot_24": "11330", "35A_M_24": "5690", "35A_H_24": "5142", "35A_Tot_24": "10832", "36A_M_24": "5659", "36A_H_24": "5119", "36A_Tot_24": "10778", "37A_M_24": "5392", "37A_H_24": "4700", "37A_Tot_24": "10092", "38A_M_24": "5143", "38A_H_24": "4539", "38A_Tot_24": "9682", "39A_M_24": "4665", "39A_H_24": "4369", "39A_Tot_24": "9034", "30a39_M_24": "55477", "30a39_H_24": "50823", "30a39_T_24": "106300", "40A_M_24": "4998", "40A_H_24": "4340", "40A_Tot_24": "9338", "41A_M_24": "4718", "41A_H_24": "4341", "41A_Tot_24": "9059", "42A_M_24": "4877", "42A_H_24": "4251", "42A_Tot_24": "9128", "43A_M_24": "4646", "43A_H_24": "4279", "43A_Tot_24": "8925", "44A_M_24": "4622", "44A_H_24": "4156", "44A_Tot_24": "8778", "45A_M_24": "4364", "45A_H_24": "3748", "45A_Tot_24": "8112", "46A_M_24": "4031", "46A_H_24": "3475", "46A_Tot_24": "7506", "47A_M_24": "3863", "47A_H_24": "3379", "47A_Tot_24": "7242", "48A_M_24": "3688", "48A_H_24": "3264", "48A_Tot_24": "6952", "49A_M_24": "3510", "49A_H_24": "3072", "49A_Tot_24": "6582", "40a49_M_24": "43317", "40a49_H_24": "38305", "40a49_T_24": "81622", "50A_M_24": "3453", "50A_H_24": "3092", "50A_Tot_24": "6545", "51A_M_24": "3247", "51A_H_24": "2920", "51A_Tot_24": "6167", "52A_M_24": "3173", "52A_H_24": "2699", "52A_Tot_24": "5872", "53A_M_24": "3223", "53A_H_24": "2796", "53A_Tot_24": "6019", "54A_M_24": "3259", "54A_H_24": "2726", "54A_Tot_24": "5985", "55A_M_24": "2819", "55A_H_24": "2443", "55A_Tot_24": "5262", "56A_M_24": "2831", "56A_H_24": "2252", "56A_Tot_24": "5083", "57A_M_24": "2742", "57A_H_24": "2241", "57A_Tot_24": "4983", "58A_M_24": "2694", "58A_H_24": "2231", "58A_Tot_24": "4925", "59A_M_24": "2692", "59A_H_24": "2232", "59A_Tot_24": "4924", "50a59_M_24": "30133", "50a59_H_24": "25632", "50a59_T_24": "55765", "60A_M_24": "2861", "60A_H_24": "2287", "60A_Tot_24": "5148", "61A_M_24": "2569", "61A_H_24": "2151", "61A_Tot_24": "4720", "62A_M_24": "2524", "62A_H_24": "1994", "62A_Tot_24": "4518", "63A_M_24": "2540", "63A_H_24": "2223", "63A_Tot_24": "4763", "64A_M_24": "2528", "64A_H_24": "2064", "64A_Tot_24": "4592", "65A_M_24": "2452", "65A_H_24": "2039", "65A_Tot_24": "4491", "66A_M_24": "2216", "66A_H_24": "1711", "66A_Tot_24": "3927", "67A_M_24": "2144", "67A_H_24": "1789", "67A_Tot_24": "3933", "68A_M_24": "2094", "68A_H_24": "1592", "68A_Tot_24": "3686", "69A_M_24": "1959", "69A_H_24": "1476", "69A_Tot_24": "3435", "60a69_M_24": "23887", "60a69_H_24": "19326", "60a69_T_24": "43213", "70A_M_24": "1941", "70A_H_24": "1493", "70A_Tot_24": "3434", "71A_M_24": "1736", "71A_H_24": "1356", "71A_Tot_24": "3092", "72A_M_24": "1551", "72A_H_24": "1227", "72A_Tot_24": "2778", "73A_M_24": "1691", "73A_H_24": "1206", "73A_Tot_24": "2897", "74A_M_24": "1629", "74A_H_24": "1230", "74A_Tot_24": "2859", "75A_M_24": "1469", "75A_H_24": "1082", "75A_Tot_24": "2551", "76A_M_24": "1317", "76A_H_24": "931", "76A_Tot_24": "2248", "77A_M_24": "1241", "77A_H_24": "912", "77A_Tot_24": "2153", "78A_M_24": "1174", "78A_H_24": "874", "78A_Tot_24": "2048", "79A_M_24": "1101", "79A_H_24": "773", "79A_Tot_24": "1874", "70a79_M_24": "14850", "70a79_H_24": "11084", "70a79_T_24": "25934", "80A_M_24": "1010", "80A_H_24": "696", "80A_Tot_24": "1706", "81A_M_24": "884", "81A_H_24": "573", "81A_Tot_24": "1457", "82A_M_24": "711", "82A_H_24": "470", "82A_Tot_24": "1181", "83A_M_24": "850", "83A_H_24": "510", "83A_Tot_24": "1360", "84A_M_24": "780", "84A_H_24": "438", "84A_Tot_24": "1218", "85A_M_24": "645", "85A_H_24": "381", "85A_Tot_24": "1026", "86A_M_24": "511", "86A_H_24": "328", "86A_Tot_24": "839", "87A_M_24": "481", "87A_H_24": "271", "87A_Tot_24": "752", "88A_M_24": "310", "88A_H_24": "167", "88A_Tot_24": "477", "89A_M_24": "343", "89A_H_24": "167", "89A_Tot_24": "510", "80a89_M_24": "6525", "80a89_H_24": "4001", "80a89_T_24": "10526", "90A_M_24": "327", "90A_H_24": "139", "90A_Tot_24": "466", "91A_M_24": "246", "91A_H_24": "143", "91A_Tot_24": "389", "92A_M_24": "224", "92A_H_24": "111", "92A_Tot_24": "335", "93A_M_24": "267", "93A_H_24": "107", "93A_Tot_24": "374", "94A_M_24": "161", "94A_H_24": "83", "94A_Tot_24": "244", "95A_M_24": "114", "95A_H_24": "59", "95A_Tot_24": "173", "96A_M_24": "107", "96A_H_24": "41", "96A_Tot_24": "148", "97A_M_24": "51", "97A_H_24": "44", "97A_Tot_24": "95", "98A_M_24": "53", "98A_H_24": "20", "98A_Tot_24": "73", "99A_M_24": "41", "99A_H_24": "12", "99A_Tot_24": "53", "90a99_M_24": "1638", "90a99_H_24": "779", "90a99_T_24": "2417", "100A_M_24": "47", "100A_H_24": "20", "100A_T_24": "67", "POB_MUJ_24": "346132", "POB_HOM_24": "319373", "POB_TOT_24": "665505" }, "geometry": null },
{ "type": "Feature", "properties": { "ID": "2", "DEPTO": "Cochabamba", "COD_DEPTO": 30000, "RED_SALUD": "Aiquile", "COD_REDSAL": 3011, "MUNICIPIO": "Aiquile", "COD_MUNI": 30201, "00A_M_24": "131", "00A_H_24": "147", "00A_Tot_24": "278", "01A_M_24": "155", "01A_H_24": "153", "01A_Tot_24": "308", "02A_M_24": "144", "02A_H_24": "179", "02A_Tot_24": "323", "03A_M_24": "191", "03A_H_24": "205", "03A_Tot_24": "396", "04A_M_24": "212", "04A_H_24": "216", "04A_Tot_24": "428", "0a4A_M_24": "833", "0a4A_H_24": "900", "0a4A_T_24": "1733", "05A_M_24": "217", "05A_H_24": "187", "05A_Tot_24": "404", "06A_M_24": "197", "06A_H_24": "243", "06A_Tot_24": "440", "07A_M_24": "218", "07A_H_24": "202", "07A_Tot_24": "420", "08A_M_24": "237", "08A_H_24": "262", "08A_Tot_24": "499", "09A_M_24": "237", "09A_H_24": "229", "09A_Tot_24": "466", "5a9A_M_24": "1106", "5a9A_H_24": "1123", "5a9A_T_24": "2229", "10A_M_24": "220", "10A_H_24": "253", "10A_Tot_24": "473", "11A_M_24": "240", "11A_H_24": "258", "11A_Tot_24": "498", "12A_M_24": "264", "12A_H_24": "261", "12A_Tot_24": "525", "13A_M_24": "272", "13A_H_24": "234", "13A_Tot_24": "506", "14A_M_24": "229", "14A_H_24": "271", "14A_Tot_24": "500", "10a14_M_24": "1225", "10a14_H_24": "1277", "10a14_T_24": "2502", "15A_M_24": "254", "15A_H_24": "243", "15A_Tot_24": "497", "16A_M_24": "220", "16A_H_24": "225", "16A_Tot_24": "445", "17A_M_24": "233", "17A_H_24": "229", "17A_Tot_24": "462", "18A_M_24": "214", "18A_H_24": "180", "18A_Tot_24": "394", "19A_M_24": "185", "19A_H_24": "193", "19A_Tot_24": "378", "15a19_M_24": "1106", "15a19_H_24": "1070", "15a19_T_24": "2176", "20A_M_24": "165", "20A_H_24": "164", "20A_Tot_24": "329", "21A_M_24": "180", "21A_H_24": "179", "21A_Tot_24": "359", "22A_M_24": "173", "22A_H_24": "155", "22A_Tot_24": "328", "23A_M_24": "183", "23A_H_24": "169", "23A_Tot_24": "352", "24A_M_24": "199", "24A_H_24": "200", "24A_Tot_24": "399", "25A_M_24": "178", "25A_H_24": "161", "25A_Tot_24": "339", "26A_M_24": "138", "26A_H_24": "148", "26A_Tot_24": "286", "27A_M_24": "162", "27A_H_24": "142", "27A_Tot_24": "304", "28A_M_24": "159", "28A_H_24": "142", "28A_Tot_24": "301", "29A_M_24": "141", "29A_H_24": "179", "29A_Tot_24": "320", "20a29_M_24": "1678", "20a29_H_24": "1639", "20a29_T_24": "3317", "30A_M_24": "148", "30A_H_24": "159", "30A_Tot_24": "307", "31A_M_24": "164", "31A_H_24": "135", "31A_Tot_24": "299", "32A_M_24": "133", "32A_H_24": "135", "32A_Tot_24": "268", "33A_M_24": "150", "33A_H_24": "142", "33A_Tot_24": "292", "34A_M_24": "151", "34A_H_24": "143", "34A_Tot_24": "294", "35A_M_24": "149", "35A_H_24": "122", "35A_Tot_24": "271", "36A_M_24": "137", "36A_H_24": "128", "36A_Tot_24": "265", "37A_M_24": "112", "37A_H_24": "142", "37A_Tot_24": "254", "38A_M_24": "133", "38A_H_24": "144", "38A_Tot_24": "277", "39A_M_24": "132", "39A_H_24": "137", "39A_Tot_24": "269", "30a39_M_24": "1409", "30a39_H_24": "1387", "30a39_T_24": "2796", "40A_M_24": "128", "40A_H_24": "143", "40A_Tot_24": "271", "41A_M_24": "139", "41A_H_24": "127", "41A_Tot_24": "266", "42A_M_24": "118", "42A_H_24": "124", "42A_Tot_24": "242", "43A_M_24": "138", "43A_H_24": "140", "43A_Tot_24": "278", "44A_M_24": "114", "44A_H_24": "143", "44A_Tot_24": "257", "45A_M_24": "130", "45A_H_24": "130", "45A_Tot_24": "260", "46A_M_24": "127", "46A_H_24": "134", "46A_Tot_24": "261", "47A_M_24": "132", "47A_H_24": "122", "47A_Tot_24": "254", "48A_M_24": "136", "48A_H_24": "139", "48A_Tot_24": "275", "49A_M_24": "124", "49A_H_24": "106", "49A_Tot_24": "230", "40a49_M_24": "1286", "40a49_H_24": "1308", "40a49_T_24": "2594", "50A_M_24": "138", "50A_H_24": "141", "50A_Tot_24": "279", "51A_M_24": "106", "51A_H_24": "119", "51A_Tot_24": "225", "52A_M_24": "88", "52A_H_24": "98", "52A_Tot_24": "186", "53A_M_24": "102", "53A_H_24": "91", "53A_Tot_24": "193", "54A_M_24": "123", "54A_H_24": "120", "54A_Tot_24": "243", "55A_M_24": "105", "55A_H_24": "93", "55A_Tot_24": "198", "56A_M_24": "103", "56A_H_24": "98", "56A_Tot_24": "201", "57A_M_24": "118", "57A_H_24": "101", "57A_Tot_24": "219", "58A_M_24": "117", "58A_H_24": "115", "58A_Tot_24": "232", "59A_M_24": "111", "59A_H_24": "122", "59A_Tot_24": "233", "50a59_M_24": "1111", "50a59_H_24": "1098", "50a59_T_24": "2209", "60A_M_24": "123", "60A_H_24": "125", "60A_Tot_24": "248", "61A_M_24": "82", "61A_H_24": "78", "61A_Tot_24": "160", "62A_M_24": "104", "62A_H_24": "91", "62A_Tot_24": "195", "63A_M_24": "113", "63A_H_24": "126", "63A_Tot_24": "239", "64A_M_24": "98", "64A_H_24": "101", "64A_Tot_24": "199", "65A_M_24": "98", "65A_H_24": "102", "65A_Tot_24": "200", "66A_M_24": "85", "66A_H_24": "88", "66A_Tot_24": "173", "67A_M_24": "89", "67A_H_24": "69", "67A_Tot_24": "158", "68A_M_24": "78", "68A_H_24": "88", "68A_Tot_24": "166", "69A_M_24": "102", "69A_H_24": "91", "69A_Tot_24": "193", "60a69_M_24": "972", "60a69_H_24": "959", "60a69_T_24": "1931", "70A_M_24": "86", "70A_H_24": "72", "70A_Tot_24": "158", "71A_M_24": "60", "71A_H_24": "68", "71A_Tot_24": "128", "72A_M_24": "77", "72A_H_24": "71", "72A_Tot_24": "148", "73A_M_24": "74", "73A_H_24": "80", "73A_Tot_24": "154", "74A_M_24": "66", "74A_H_24": "53", "74A_Tot_24": "119", "75A_M_24": "65", "75A_H_24": "34", "75A_Tot_24": "99", "76A_M_24": "54", "76A_H_24": "39", "76A_Tot_24": "93", "77A_M_24": "48", "77A_H_24": "56", "77A_Tot_24": "104", "78A_M_24": "41", "78A_H_24": "68", "78A_Tot_24": "109", "79A_M_24": "38", "79A_H_24": "39", "79A_Tot_24": "77", "70a79_M_24": "609", "70a79_H_24": "580", "70a79_T_24": "1189", "80A_M_24": "42", "80A_H_24": "33", "80A_Tot_24": "75", "81A_M_24": "23", "81A_H_24": "20", "81A_Tot_24": "43", "82A_M_24": "33", "82A_H_24": "17", "82A_Tot_24": "50", "83A_M_24": "32", "83A_H_24": "18", "83A_Tot_24": "50", "84A_M_24": "30", "84A_H_24": "14", "84A_Tot_24": "44", "85A_M_24": "21", "85A_H_24": "11", "85A_Tot_24": "32", "86A_M_24": "16", "86A_H_24": "8", "86A_Tot_24": "24", "87A_M_24": "12", "87A_H_24": "6", "87A_Tot_24": "18", "88A_M_24": "16", "88A_H_24": "11", "88A_Tot_24": "27", "89A_M_24": "11", "89A_H_24": "7", "89A_Tot_24": "18", "80a89_M_24": "236", "80a89_H_24": "145", "80a89_T_24": "381", "90A_M_24": "6", "90A_H_24": "5", "90A_Tot_24": "11", "91A_M_24": "9", "91A_H_24": "4", "91A_Tot_24": "13", "92A_M_24": "3", "92A_H_24": "0", "92A_Tot_24": "3", "93A_M_24": "5", "93A_H_24": "7", "93A_Tot_24": "12", "94A_M_24": "6", "94A_H_24": "2", "94A_Tot_24": "8", "95A_M_24": "4", "95A_H_24": "1", "95A_Tot_24": "5", "96A_M_24": "2", "96A_H_24": "2", "96A_Tot_24": "4", "97A_M_24": "2", "97A_H_24": "1", "97A_Tot_24": "3", "98A_M_24": "1", "98A_H_24": "1", "98A_Tot_24": "2", "99A_M_24": "0", "99A_H_24": "4", "99A_Tot_24": "4", "90a99_M_24": "39", "90a99_H_24": "27", "90a99_T_24": "66", "100A_M_24": "1", "100A_H_24": "0", "100A_T_24": "1", "POB_MUJ_24": "11610", "POB_HOM_24": "11513", "POB_TOT_24": "23123" }, "geometry": null },
{ "type": "Feature", "properties": { "ID": "3", "DEPTO": "Cochabamba", "COD_DEPTO": 30000, "RED_SALUD": "Aiquile", "COD_REDSAL": 3011, "MUNICIPIO": "Pasorapa", "COD_MUNI": 30202, "00A_M_24": "37", "00A_H_24": "27", "00A_Tot_24": "64", "01A_M_24": "34", "01A_H_24": "43", "01A_Tot_24": "77", "02A_M_24": "41", "02A_H_24": "46", "02A_Tot_24": "87", "03A_M_24": "37", "03A_H_24": "51", "03A_Tot_24": "88", "04A_M_24": "41", "04A_H_24": "69", "04A_Tot_24": "110", "0a4A_M_24": "190", "0a4A_H_24": "236", "0a4A_T_24": "426", "05A_M_24": "47", "05A_H_24": "63", "05A_Tot_24": "110", "06A_M_24": "57", "06A_H_24": "62", "06A_Tot_24": "119", "07A_M_24": "54", "07A_H_24": "40", "07A_Tot_24": "94", "08A_M_24": "45", "08A_H_24": "53", "08A_Tot_24": "98", "09A_M_24": "51", "09A_H_24": "35", "09A_Tot_24": "86", "5a9A_M_24": "254", "5a9A_H_24": "253", "5a9A_T_24": "507", "10A_M_24": "47", "10A_H_24": "58", "10A_Tot_24": "105", "11A_M_24": "38", "11A_H_24": "58", "11A_Tot_24": "96", "12A_M_24": "52", "12A_H_24": "47", "12A_Tot_24": "99", "13A_M_24": "64", "13A_H_24": "64", "13A_Tot_24": "128", "14A_M_24": "43", "14A_H_24": "52", "14A_Tot_24": "95", "10a14_M_24": "244", "10a14_H_24": "279", "10a14_T_24": "523", "15A_M_24": "48", "15A_H_24": "76", "15A_Tot_24": "124", "16A_M_24": "42", "16A_H_24": "51", "16A_Tot_24": "93", "17A_M_24": "36", "17A_H_24": "59", "17A_Tot_24": "95", "18A_M_24": "49", "18A_H_24": "52", "18A_Tot_24": "101", "19A_M_24": "50", "19A_H_24": "37", "19A_Tot_24": "87", "15a19_M_24": "225", "15a19_H_24": "275", "15a19_T_24": "500", "20A_M_24": "33", "20A_H_24": "62", "20A_Tot_24": "95", "21A_M_24": "42", "21A_H_24": "64", "21A_Tot_24": "106", "22A_M_24": "43", "22A_H_24": "53", "22A_Tot_24": "96", "23A_M_24": "59", "23A_H_24": "61", "23A_Tot_24": "120", "24A_M_24": "56", "24A_H_24": "69", "24A_Tot_24": "125", "25A_M_24": "38", "25A_H_24": "61", "25A_Tot_24": "99", "26A_M_24": "43", "26A_H_24": "52", "26A_Tot_24": "95", "27A_M_24": "50", "27A_H_24": "56", "27A_Tot_24": "106", "28A_M_24": "54", "28A_H_24": "64", "28A_Tot_24": "118", "29A_M_24": "38", "29A_H_24": "77", "29A_Tot_24": "115", "20a29_M_24": "456", "20a29_H_24": "619", "20a29_T_24": "1075", "30A_M_24": "47", "30A_H_24": "75", "30A_Tot_24": "122", "31A_M_24": "52", "31A_H_24": "42", "31A_Tot_24": "94", "32A_M_24": "50", "32A_H_24": "46", "32A_Tot_24": "96", "33A_M_24": "47", "33A_H_24": "70", "33A_Tot_24": "117", "34A_M_24": "61", "34A_H_24": "54", "34A_Tot_24": "115", "35A_M_24": "54", "35A_H_24": "69", "35A_Tot_24": "123", "36A_M_24": "29", "36A_H_24": "53", "36A_Tot_24": "82", "37A_M_24": "44", "37A_H_24": "65", "37A_Tot_24": "109", "38A_M_24": "35", "38A_H_24": "43", "38A_Tot_24": "78", "39A_M_24": "49", "39A_H_24": "48", "39A_Tot_24": "97", "30a39_M_24": "468", "30a39_H_24": "565", "30a39_T_24": "1033", "40A_M_24": "53", "40A_H_24": "45", "40A_Tot_24": "98", "41A_M_24": "46", "41A_H_24": "41", "41A_Tot_24": "87", "42A_M_24": "38", "42A_H_24": "41", "42A_Tot_24": "79", "43A_M_24": "47", "43A_H_24": "59", "43A_Tot_24": "106", "44A_M_24": "39", "44A_H_24": "54", "44A_Tot_24": "93", "45A_M_24": "44", "45A_H_24": "40", "45A_Tot_24": "84", "46A_M_24": "29", "46A_H_24": "39", "46A_Tot_24": "68", "47A_M_24": "31", "47A_H_24": "39", "47A_Tot_24": "70", "48A_M_24": "33", "48A_H_24": "47", "48A_Tot_24": "80", "49A_M_24": "41", "49A_H_24": "46", "49A_Tot_24": "87", "40a49_M_24": "401", "40a49_H_24": "451", "40a49_T_24": "852", "50A_M_24": "30", "50A_H_24": "47", "50A_Tot_24": "77", "51A_M_24": "41", "51A_H_24": "28", "51A_Tot_24": "69", "52A_M_24": "31", "52A_H_24": "29", "52A_Tot_24": "60", "53A_M_24": "34", "53A_H_24": "46", "53A_Tot_24": "80", "54A_M_24": "40", "54A_H_24": "34", "54A_Tot_24": "74", "55A_M_24": "32", "55A_H_24": "34", "55A_Tot_24": "66", "56A_M_24": "23", "56A_H_24": "34", "56A_Tot_24": "57", "57A_M_24": "28", "57A_H_24": "32", "57A_Tot_24": "60", "58A_M_24": "31", "58A_H_24": "32", "58A_Tot_24": "63", "59A_M_24": "28", "59A_H_24": "35", "59A_Tot_24": "63", "50a59_M_24": "318", "50a59_H_24": "351", "50a59_T_24": "669", "60A_M_24": "35", "60A_H_24": "48", "60A_Tot_24": "83", "61A_M_24": "24", "61A_H_24": "24", "61A_Tot_24": "48", "62A_M_24": "25", "62A_H_24": "29", "62A_Tot_24": "54", "63A_M_24": "22", "63A_H_24": "41", "63A_Tot_24": "63", "64A_M_24": "23", "64A_H_24": "36", "64A_Tot_24": "59", "65A_M_24": "24", "65A_H_24": "22", "65A_Tot_24": "46", "66A_M_24": "25", "66A_H_24": "26", "66A_Tot_24": "51", "67A_M_24": "14", "67A_H_24": "14", "67A_Tot_24": "28", "68A_M_24": "16", "68A_H_24": "20", "68A_Tot_24": "36", "69A_M_24": "14", "69A_H_24": "10", "69A_Tot_24": "24", "60a69_M_24": "222", "60a69_H_24": "270", "60a69_T_24": "492", "70A_M_24": "10", "70A_H_24": "22", "70A_Tot_24": "32", "71A_M_24": "18", "71A_H_24": "16", "71A_Tot_24": "34", "72A_M_24": "11", "72A_H_24": "17", "72A_Tot_24": "28", "73A_M_24": "15", "73A_H_24": "14", "73A_Tot_24": "29", "74A_M_24": "13", "74A_H_24": "17", "74A_Tot_24": "30", "75A_M_24": "10", "75A_H_24": "15", "75A_Tot_24": "25", "76A_M_24": "13", "76A_H_24": "13", "76A_Tot_24": "26", "77A_M_24": "6", "77A_H_24": "9", "77A_Tot_24": "15", "78A_M_24": "8", "78A_H_24": "16", "78A_Tot_24": "24", "79A_M_24": "15", "79A_H_24": "9", "79A_Tot_24": "24", "70a79_M_24": "119", "70a79_H_24": "148", "70a79_T_24": "267", "80A_M_24": "20", "80A_H_24": "8", "80A_Tot_24": "28", "81A_M_24": "8", "81A_H_24": "8", "81A_Tot_24": "16", "82A_M_24": "8", "82A_H_24": "3", "82A_Tot_24": "11", "83A_M_24": "5", "83A_H_24": "10", "83A_Tot_24": "15", "84A_M_24": "5", "84A_H_24": "7", "84A_Tot_24": "12", "85A_M_24": "7", "85A_H_24": "2", "85A_Tot_24": "9", "86A_M_24": "5", "86A_H_24": "4", "86A_Tot_24": "9", "87A_M_24": "1", "87A_H_24": "5", "87A_Tot_24": "6", "88A_M_24": "2", "88A_H_24": "3", "88A_Tot_24": "5", "89A_M_24": "3", "89A_H_24": "0", "89A_Tot_24": "3", "80a89_M_24": "64", "80a89_H_24": "50", "80a89_T_24": "114", "90A_M_24": "3", "90A_H_24": "2", "90A_Tot_24": "5", "91A_M_24": "0", "91A_H_24": "2", "91A_Tot_24": "2", "92A_M_24": "0", "92A_H_24": "1", "92A_Tot_24": "1", "93A_M_24": "2", "93A_H_24": "0", "93A_Tot_24": "2", "94A_M_24": "0", "94A_H_24": "0", "94A_Tot_24": "0", "95A_M_24": "2", "95A_H_24": "1", "95A_Tot_24": "3", "96A_M_24": "1", "96A_H_24": "1", "96A_Tot_24": "2", "97A_M_24": "0", "97A_H_24": "0", "97A_Tot_24": "0", "98A_M_24": "1", "98A_H_24": "0", "98A_Tot_24": "1", "99A_M_24": "1", "99A_H_24": "0", "99A_Tot_24": "1", "90a99_M_24": "10", "90a99_H_24": "7", "90a99_T_24": "17", "100A_M_24": "0", "100A_H_24": "0", "100A_T_24": "0", "POB_MUJ_24": "2971", "POB_HOM_24": "3504", "POB_TOT_24": "6475" }, "geometry": null },
{ "type": "Feature", "properties": { "ID": "4", "DEPTO": "Cochabamba", "COD_DEPTO": 30000, "RED_SALUD": "Aiquile", "COD_REDSAL": 3011, "MUNICIPIO": "Omereque", "COD_MUNI": 30203, "00A_M_24": "59", "00A_H_24": "52", "00A_Tot_24": "111", "01A_M_24": "52", "01A_H_24": "59", "01A_Tot_24": "111", "02A_M_24": "52", "02A_H_24": "55", "02A_Tot_24": "107", "03A_M_24": "62", "03A_H_24": "63", "03A_Tot_24": "125", "04A_M_24": "54", "04A_H_24": "64", "04A_Tot_24": "118", "0a4A_M_24": "279", "0a4A_H_24": "293", "0a4A_T_24": "572", "05A_M_24": "59", "05A_H_24": "56", "05A_Tot_24": "115", "06A_M_24": "60", "06A_H_24": "71", "06A_Tot_24": "131", "07A_M_24": "56", "07A_H_24": "74", "07A_Tot_24": "130", "08A_M_24": "72", "08A_H_24": "71", "08A_Tot_24": "143", "09A_M_24": "50", "09A_H_24": "59", "09A_Tot_24": "109", "5a9A_M_24": "297", "5a9A_H_24": "331", "5a9A_T_24": "628", "10A_M_24": "65", "10A_H_24": "59", "10A_Tot_24": "124", "11A_M_24": "66", "11A_H_24": "59", "11A_Tot_24": "125", "12A_M_24": "61", "12A_H_24": "65", "12A_Tot_24": "126", "13A_M_24": "56", "13A_H_24": "64", "13A_Tot_24": "120", "14A_M_24": "53", "14A_H_24": "65", "14A_Tot_24": "118", "10a14_M_24": "301", "10a14_H_24": "312", "10a14_T_24": "613", "15A_M_24": "60", "15A_H_24": "51", "15A_Tot_24": "111", "16A_M_24": "65", "16A_H_24": "62", "16A_Tot_24": "127", "17A_M_24": "55", "17A_H_24": "49", "17A_Tot_24": "104", "18A_M_24": "50", "18A_H_24": "48", "18A_Tot_24": "98", "19A_M_24": "66", "19A_H_24": "61", "19A_Tot_24": "127", "15a19_M_24": "296", "15a19_H_24": "271", "15a19_T_24": "567", "20A_M_24": "52", "20A_H_24": "49", "20A_Tot_24": "101", "21A_M_24": "57", "21A_H_24": "57", "21A_Tot_24": "114", "22A_M_24": "54", "22A_H_24": "67", "22A_Tot_24": "121", "23A_M_24": "64", "23A_H_24": "68", "23A_Tot_24": "132", "24A_M_24": "63", "24A_H_24": "77", "24A_Tot_24": "140", "25A_M_24": "69", "25A_H_24": "55", "25A_Tot_24": "124", "26A_M_24": "69", "26A_H_24": "68", "26A_Tot_24": "137", "27A_M_24": "43", "27A_H_24": "59", "27A_Tot_24": "102", "28A_M_24": "52", "28A_H_24": "54", "28A_Tot_24": "106", "29A_M_24": "61", "29A_H_24": "58", "29A_Tot_24": "119", "20a29_M_24": "584", "20a29_H_24": "612", "20a29_T_24": "1196", "30A_M_24": "55", "30A_H_24": "64", "30A_Tot_24": "119", "31A_M_24": "61", "31A_H_24": "57", "31A_Tot_24": "118", "32A_M_24": "41", "32A_H_24": "52", "32A_Tot_24": "93", "33A_M_24": "46", "33A_H_24": "60", "33A_Tot_24": "106", "34A_M_24": "53", "34A_H_24": "61", "34A_Tot_24": "114", "35A_M_24": "36", "35A_H_24": "50", "35A_Tot_24": "86", "36A_M_24": "44", "36A_H_24": "41", "36A_Tot_24": "85", "37A_M_24": "46", "37A_H_24": "64", "37A_Tot_24": "110", "38A_M_24": "42", "38A_H_24": "53", "38A_Tot_24": "95", "39A_M_24": "40", "39A_H_24": "47", "39A_Tot_24": "87", "30a39_M_24": "464", "30a39_H_24": "549", "30a39_T_24": "1013", "40A_M_24": "43", "40A_H_24": "44", "40A_Tot_24": "87", "41A_M_24": "33", "41A_H_24": "53", "41A_Tot_24": "86", "42A_M_24": "37", "42A_H_24": "41", "42A_Tot_24": "78", "43A_M_24": "46", "43A_H_24": "29", "43A_Tot_24": "75", "44A_M_24": "49", "44A_H_24": "37", "44A_Tot_24": "86", "45A_M_24": "44", "45A_H_24": "38", "45A_Tot_24": "82", "46A_M_24": "35", "46A_H_24": "37", "46A_Tot_24": "72", "47A_M_24": "28", "47A_H_24": "28", "47A_Tot_24": "56", "48A_M_24": "29", "48A_H_24": "40", "48A_Tot_24": "69", "49A_M_24": "31", "49A_H_24": "23", "49A_Tot_24": "54", "40a49_M_24": "375", "40a49_H_24": "370", "40a49_T_24": "745", "50A_M_24": "37", "50A_H_24": "43", "50A_Tot_24": "80", "51A_M_24": "40", "51A_H_24": "31", "51A_Tot_24": "71", "52A_M_24": "39", "52A_H_24": "29", "52A_Tot_24": "68", "53A_M_24": "35", "53A_H_24": "35", "53A_Tot_24": "70", "54A_M_24": "39", "54A_H_24": "22", "54A_Tot_24": "61", "55A_M_24": "28", "55A_H_24": "27", "55A_Tot_24": "55", "56A_M_24": "27", "56A_H_24": "35", "56A_Tot_24": "62", "57A_M_24": "27", "57A_H_24": "36", "57A_Tot_24": "63", "58A_M_24": "24", "58A_H_24": "39", "58A_Tot_24": "63", "59A_M_24": "28", "59A_H_24": "38", "59A_Tot_24": "66", "50a59_M_24": "324", "50a59_H_24": "335", "50a59_T_24": "659", "60A_M_24": "28", "60A_H_24": "28", "60A_Tot_24": "56", "61A_M_24": "22", "61A_H_24": "37", "61A_Tot_24": "59", "62A_M_24": "22", "62A_H_24": "27", "62A_Tot_24": "49", "63A_M_24": "33", "63A_H_24": "24", "63A_Tot_24": "57", "64A_M_24": "28", "64A_H_24": "23", "64A_Tot_24": "51", "65A_M_24": "19", "65A_H_24": "19", "65A_Tot_24": "38", "66A_M_24": "16", "66A_H_24": "19", "66A_Tot_24": "35", "67A_M_24": "16", "67A_H_24": "14", "67A_Tot_24": "30", "68A_M_24": "14", "68A_H_24": "11", "68A_Tot_24": "25", "69A_M_24": "16", "69A_H_24": "11", "69A_Tot_24": "27", "60a69_M_24": "214", "60a69_H_24": "213", "60a69_T_24": "427", "70A_M_24": "12", "70A_H_24": "13", "70A_Tot_24": "25", "71A_M_24": "13", "71A_H_24": "20", "71A_Tot_24": "33", "72A_M_24": "4", "72A_H_24": "15", "72A_Tot_24": "19", "73A_M_24": "8", "73A_H_24": "11", "73A_Tot_24": "19", "74A_M_24": "17", "74A_H_24": "13", "74A_Tot_24": "30", "75A_M_24": "10", "75A_H_24": "6", "75A_Tot_24": "16", "76A_M_24": "11", "76A_H_24": "7", "76A_Tot_24": "18", "77A_M_24": "4", "77A_H_24": "4", "77A_Tot_24": "8", "78A_M_24": "6", "78A_H_24": "9", "78A_Tot_24": "15", "79A_M_24": "5", "79A_H_24": "9", "79A_Tot_24": "14", "70a79_M_24": "90", "70a79_H_24": "107", "70a79_T_24": "197", "80A_M_24": "6", "80A_H_24": "9", "80A_Tot_24": "15", "81A_M_24": "6", "81A_H_24": "1", "81A_Tot_24": "7", "82A_M_24": "8", "82A_H_24": "2", "82A_Tot_24": "10", "83A_M_24": "8", "83A_H_24": "2", "83A_Tot_24": "10", "84A_M_24": "5", "84A_H_24": "2", "84A_Tot_24": "7", "85A_M_24": "2", "85A_H_24": "2", "85A_Tot_24": "4", "86A_M_24": "2", "86A_H_24": "3", "86A_Tot_24": "5", "87A_M_24": "4", "87A_H_24": "2", "87A_Tot_24": "6", "88A_M_24": "2", "88A_H_24": "3", "88A_Tot_24": "5", "89A_M_24": "1", "89A_H_24": "1", "89A_Tot_24": "2", "80a89_M_24": "44", "80a89_H_24": "27", "80a89_T_24": "71", "90A_M_24": "3", "90A_H_24": "2", "90A_Tot_24": "5", "91A_M_24": "2", "91A_H_24": "0", "91A_Tot_24": "2", "92A_M_24": "1", "92A_H_24": "0", "92A_Tot_24": "1", "93A_M_24": "2", "93A_H_24": "0", "93A_Tot_24": "2", "94A_M_24": "1", "94A_H_24": "0", "94A_Tot_24": "1", "95A_M_24": "0", "95A_H_24": "0", "95A_Tot_24": "0", "96A_M_24": "0", "96A_H_24": "0", "96A_Tot_24": "0", "97A_M_24": "0", "97A_H_24": "0", "97A_Tot_24": "0", "98A_M_24": "0", "98A_H_24": "0", "98A_Tot_24": "0", "99A_M_24": "0", "99A_H_24": "0", "99A_Tot_24": "0", "90a99_M_24": "10", "90a99_H_24": "2", "90a99_T_24": "12", "100A_M_24": "1", "100A_H_24": "0", "100A_T_24": "1", "POB_MUJ_24": "3278", "POB_HOM_24": "3422", "POB_TOT_24": "6700" }, "geometry": null },
{ "type": "Feature", "properties": { "ID": "5", "DEPTO": "Cochabamba", "COD_DEPTO": 30000, "RED_SALUD": "Independencia", "COD_REDSAL": 3013, "MUNICIPIO": "Independencia", "COD_MUNI": 30301, "00A_M_24": "164", "00A_H_24": "165", "00A_Tot_24": "329", "01A_M_24": "191", "01A_H_24": "175", "01A_Tot_24": "366", "02A_M_24": "199", "02A_H_24": "183", "02A_Tot_24": "382", "03A_M_24": "208", "03A_H_24": "215", "03A_Tot_24": "423", "04A_M_24": "184", "04A_H_24": "228", "04A_Tot_24": "412", "0a4A_M_24": "946", "0a4A_H_24": "966", "0a4A_T_24": "1912", "05A_M_24": "214", "05A_H_24": "202", "05A_Tot_24": "416", "06A_M_24": "222", "06A_H_24": "215", "06A_Tot_24": "437", "07A_M_24": "224", "07A_H_24": "231", "07A_Tot_24": "455", "08A_M_24": "249", "08A_H_24": "257", "08A_Tot_24": "506", "09A_M_24": "195", "09A_H_24": "236", "09A_Tot_24": "431", "5a9A_M_24": "1104", "5a9A_H_24": "1141", "5a9A_T_24": "2245", "10A_M_24": "247", "10A_H_24": "240", "10A_Tot_24": "487", "11A_M_24": "227", "11A_H_24": "251", "11A_Tot_24": "478", "12A_M_24": "258", "12A_H_24": "266", "12A_Tot_24": "524", "13A_M_24": "191", "13A_H_24": "243", "13A_Tot_24": "434", "14A_M_24": "214", "14A_H_24": "230", "14A_Tot_24": "444", "10a14_M_24": "1137", "10a14_H_24": "1230", "10a14_T_24": "2367", "15A_M_24": "196", "15A_H_24": "243", "15A_Tot_24": "439", "16A_M_24": "203", "16A_H_24": "223", "16A_Tot_24": "426", "17A_M_24": "191", "17A_H_24": "189", "17A_Tot_24": "380", "18A_M_24": "158", "18A_H_24": "152", "18A_Tot_24": "310", "19A_M_24": "134", "19A_H_24": "142", "19A_Tot_24": "276", "15a19_M_24": "882", "15a19_H_24": "949", "15a19_T_24": "1831", "20A_M_24": "138", "20A_H_24": "172", "20A_Tot_24": "310", "21A_M_24": "123", "21A_H_24": "168", "21A_Tot_24": "291", "22A_M_24": "120", "22A_H_24": "161", "22A_Tot_24": "281", "23A_M_24": "138", "23A_H_24": "164", "23A_Tot_24": "302", "24A_M_24": "134", "24A_H_24": "171", "24A_Tot_24": "305", "25A_M_24": "118", "25A_H_24": "189", "25A_Tot_24": "307", "26A_M_24": "149", "26A_H_24": "163", "26A_Tot_24": "312", "27A_M_24": "131", "27A_H_24": "143", "27A_Tot_24": "274", "28A_M_24": "125", "28A_H_24": "146", "28A_Tot_24": "271", "29A_M_24": "138", "29A_H_24": "155", "29A_Tot_24": "293", "20a29_M_24": "1314", "20a29_H_24": "1632", "20a29_T_24": "2946", "30A_M_24": "124", "30A_H_24": "146", "30A_Tot_24": "270", "31A_M_24": "111", "31A_H_24": "158", "31A_Tot_24": "269", "32A_M_24": "103", "32A_H_24": "122", "32A_Tot_24": "225", "33A_M_24": "121", "33A_H_24": "134", "33A_Tot_24": "255", "34A_M_24": "95", "34A_H_24": "142", "34A_Tot_24": "237", "35A_M_24": "104", "35A_H_24": "146", "35A_Tot_24": "250", "36A_M_24": "111", "36A_H_24": "154", "36A_Tot_24": "265", "37A_M_24": "88", "37A_H_24": "122", "37A_Tot_24": "210", "38A_M_24": "98", "38A_H_24": "135", "38A_Tot_24": "233", "39A_M_24": "133", "39A_H_24": "133", "39A_Tot_24": "266", "30a39_M_24": "1088", "30a39_H_24": "1392", "30a39_T_24": "2480", "40A_M_24": "103", "40A_H_24": "143", "40A_Tot_24": "246", "41A_M_24": "123", "41A_H_24": "151", "41A_Tot_24": "274", "42A_M_24": "104", "42A_H_24": "150", "42A_Tot_24": "254", "43A_M_24": "106", "43A_H_24": "117", "43A_Tot_24": "223", "44A_M_24": "111", "44A_H_24": "127", "44A_Tot_24": "238", "45A_M_24": "104", "45A_H_24": "158", "45A_Tot_24": "262", "46A_M_24": "100", "46A_H_24": "114", "46A_Tot_24": "214", "47A_M_24": "113", "47A_H_24": "121", "47A_Tot_24": "234", "48A_M_24": "90", "48A_H_24": "125", "48A_Tot_24": "215", "49A_M_24": "84", "49A_H_24": "118", "49A_Tot_24": "202", "40a49_M_24": "1038", "40a49_H_24": "1324", "40a49_T_24": "2362", "50A_M_24": "104", "50A_H_24": "134", "50A_Tot_24": "238", "51A_M_24": "98", "51A_H_24": "123", "51A_Tot_24": "221", "52A_M_24": "85", "52A_H_24": "114", "52A_Tot_24": "199", "53A_M_24": "113", "53A_H_24": "117", "53A_Tot_24": "230", "54A_M_24": "93", "54A_H_24": "118", "54A_Tot_24": "211", "55A_M_24": "100", "55A_H_24": "118", "55A_Tot_24": "218", "56A_M_24": "114", "56A_H_24": "116", "56A_Tot_24": "230", "57A_M_24": "106", "57A_H_24": "110", "57A_Tot_24": "216", "58A_M_24": "106", "58A_H_24": "107", "58A_Tot_24": "213", "59A_M_24": "95", "59A_H_24": "115", "59A_Tot_24": "210", "50a59_M_24": "1014", "50a59_H_24": "1172", "50a59_T_24": "2186", "60A_M_24": "78", "60A_H_24": "96", "60A_Tot_24": "174", "61A_M_24": "92", "61A_H_24": "99", "61A_Tot_24": "191", "62A_M_24": "78", "62A_H_24": "85", "62A_Tot_24": "163", "63A_M_24": "97", "63A_H_24": "107", "63A_Tot_24": "204", "64A_M_24": "81", "64A_H_24": "90", "64A_Tot_24": "171", "65A_M_24": "97", "65A_H_24": "103", "65A_Tot_24": "200", "66A_M_24": "94", "66A_H_24": "81", "66A_Tot_24": "175", "67A_M_24": "96", "67A_H_24": "78", "67A_Tot_24": "174", "68A_M_24": "70", "68A_H_24": "86", "68A_Tot_24": "156", "69A_M_24": "69", "69A_H_24": "59", "69A_Tot_24": "128", "60a69_M_24": "852", "60a69_H_24": "884", "60a69_T_24": "1736", "70A_M_24": "71", "70A_H_24": "63", "70A_Tot_24": "134", "71A_M_24": "52", "71A_H_24": "81", "71A_Tot_24": "133", "72A_M_24": "65", "72A_H_24": "75", "72A_Tot_24": "140", "73A_M_24": "53", "73A_H_24": "69", "73A_Tot_24": "122", "74A_M_24": "71", "74A_H_24": "68", "74A_Tot_24": "139", "75A_M_24": "41", "75A_H_24": "42", "75A_Tot_24": "83", "76A_M_24": "46", "76A_H_24": "47", "76A_Tot_24": "93", "77A_M_24": "46", "77A_H_24": "37", "77A_Tot_24": "83", "78A_M_24": "38", "78A_H_24": "48", "78A_Tot_24": "86", "79A_M_24": "49", "79A_H_24": "34", "79A_Tot_24": "83", "70a79_M_24": "532", "70a79_H_24": "564", "70a79_T_24": "1096", "80A_M_24": "30", "80A_H_24": "31", "80A_Tot_24": "61", "81A_M_24": "36", "81A_H_24": "34", "81A_Tot_24": "70", "82A_M_24": "27", "82A_H_24": "23", "82A_Tot_24": "50", "83A_M_24": "39", "83A_H_24": "39", "83A_Tot_24": "78", "84A_M_24": "44", "84A_H_24": "44", "84A_Tot_24": "88", "85A_M_24": "48", "85A_H_24": "34", "85A_Tot_24": "82", "86A_M_24": "18", "86A_H_24": "18", "86A_Tot_24": "36", "87A_M_24": "11", "87A_H_24": "15", "87A_Tot_24": "26", "88A_M_24": "16", "88A_H_24": "14", "88A_Tot_24": "30", "89A_M_24": "16", "89A_H_24": "9", "89A_Tot_24": "25", "80a89_M_24": "285", "80a89_H_24": "261", "80a89_T_24": "546", "90A_M_24": "10", "90A_H_24": "5", "90A_Tot_24": "15", "91A_M_24": "7", "91A_H_24": "2", "91A_Tot_24": "9", "92A_M_24": "10", "92A_H_24": "4", "92A_Tot_24": "14", "93A_M_24": "11", "93A_H_24": "4", "93A_Tot_24": "15", "94A_M_24": "6", "94A_H_24": "3", "94A_Tot_24": "9", "95A_M_24": "9", "95A_H_24": "4", "95A_Tot_24": "13", "96A_M_24": "6", "96A_H_24": "5", "96A_Tot_24": "11", "97A_M_24": "3", "97A_H_24": "3", "97A_Tot_24": "6", "98A_M_24": "2", "98A_H_24": "2", "98A_Tot_24": "4", "99A_M_24": "4", "99A_H_24": "2", "99A_Tot_24": "6", "90a99_M_24": "72", "90a99_H_24": "36", "90a99_T_24": "108", "100A_M_24": "4", "100A_H_24": "2", "100A_T_24": "6", "POB_MUJ_24": "10264", "POB_HOM_24": "11551", "POB_TOT_24": "21815" }, "geometry": null },
{ "type": "Feature", "properties": { "ID": "6", "DEPTO": "Cochabamba", "COD_DEPTO": 30000, "RED_SALUD": "Quillacollo", "COD_REDSAL": 3007, "MUNICIPIO": "Morochata", "COD_MUNI": 30302, "00A_M_24": "98", "00A_H_24": "106", "00A_Tot_24": "204", "01A_M_24": "120", "01A_H_24": "107", "01A_Tot_24": "227", "02A_M_24": "125", "02A_H_24": "115", "02A_Tot_24": "240", "03A_M_24": "106", "03A_H_24": "119", "03A_Tot_24": "225", "04A_M_24": "112", "04A_H_24": "149", "04A_Tot_24": "261", "0a4A_M_24": "561", "0a4A_H_24": "596", "0a4A_T_24": "1157", "05A_M_24": "137", "05A_H_24": "156", "05A_Tot_24": "293", "06A_M_24": "133", "06A_H_24": "143", "06A_Tot_24": "276", "07A_M_24": "156", "07A_H_24": "125", "07A_Tot_24": "281", "08A_M_24": "155", "08A_H_24": "172", "08A_Tot_24": "327", "09A_M_24": "121", "09A_H_24": "162", "09A_Tot_24": "283", "5a9A_M_24": "702", "5a9A_H_24": "758", "5a9A_T_24": "1460", "10A_M_24": "135", "10A_H_24": "158", "10A_Tot_24": "293", "11A_M_24": "121", "11A_H_24": "154", "11A_Tot_24": "275", "12A_M_24": "171", "12A_H_24": "182", "12A_Tot_24": "353", "13A_M_24": "166", "13A_H_24": "159", "13A_Tot_24": "325", "14A_M_24": "160", "14A_H_24": "165", "14A_Tot_24": "325", "10a14_M_24": "753", "10a14_H_24": "818", "10a14_T_24": "1571", "15A_M_24": "162", "15A_H_24": "163", "15A_Tot_24": "325", "16A_M_24": "134", "16A_H_24": "135", "16A_Tot_24": "269", "17A_M_24": "142", "17A_H_24": "106", "17A_Tot_24": "248", "18A_M_24": "101", "18A_H_24": "87", "18A_Tot_24": "188", "19A_M_24": "114", "19A_H_24": "93", "19A_Tot_24": "207", "15a19_M_24": "653", "15a19_H_24": "584", "15a19_T_24": "1237", "20A_M_24": "108", "20A_H_24": "105", "20A_Tot_24": "213", "21A_M_24": "94", "21A_H_24": "137", "21A_Tot_24": "231", "22A_M_24": "95", "22A_H_24": "127", "22A_Tot_24": "222", "23A_M_24": "122", "23A_H_24": "127", "23A_Tot_24": "249", "24A_M_24": "112", "24A_H_24": "118", "24A_Tot_24": "230", "25A_M_24": "99", "25A_H_24": "129", "25A_Tot_24": "228", "26A_M_24": "104", "26A_H_24": "104", "26A_Tot_24": "208", "27A_M_24": "93", "27A_H_24": "98", "27A_Tot_24": "191", "28A_M_24": "82", "28A_H_24": "109", "28A_Tot_24": "191", "29A_M_24": "96", "29A_H_24": "84", "29A_Tot_24": "180", "20a29_M_24": "1005", "20a29_H_24": "1138", "20a29_T_24": "2143", "30A_M_24": "68", "30A_H_24": "84", "30A_Tot_24": "152", "31A_M_24": "88", "31A_H_24": "110", "31A_Tot_24": "198", "32A_M_24": "85", "32A_H_24": "110", "32A_Tot_24": "195", "33A_M_24": "85", "33A_H_24": "97", "33A_Tot_24": "182", "34A_M_24": "67", "34A_H_24": "92", "34A_Tot_24": "159", "35A_M_24": "69", "35A_H_24": "73", "35A_Tot_24": "142", "36A_M_24": "88", "36A_H_24": "95", "36A_Tot_24": "183", "37A_M_24": "55", "37A_H_24": "93", "37A_Tot_24": "148", "38A_M_24": "78", "38A_H_24": "92", "38A_Tot_24": "170", "39A_M_24": "81", "39A_H_24": "84", "39A_Tot_24": "165", "30a39_M_24": "764", "30a39_H_24": "930", "30a39_T_24": "1694", "40A_M_24": "80", "40A_H_24": "91", "40A_Tot_24": "171", "41A_M_24": "91", "41A_H_24": "81", "41A_Tot_24": "172", "42A_M_24": "76", "42A_H_24": "104", "42A_Tot_24": "180", "43A_M_24": "89", "43A_H_24": "89", "43A_Tot_24": "178", "44A_M_24": "91", "44A_H_24": "93", "44A_Tot_24": "184", "45A_M_24": "93", "45A_H_24": "100", "45A_Tot_24": "193", "46A_M_24": "85", "46A_H_24": "81", "46A_Tot_24": "166", "47A_M_24": "81", "47A_H_24": "80", "47A_Tot_24": "161", "48A_M_24": "60", "48A_H_24": "85", "48A_Tot_24": "145", "49A_M_24": "86", "49A_H_24": "76", "49A_Tot_24": "162", "40a49_M_24": "832", "40a49_H_24": "880", "40a49_T_24": "1712", "50A_M_24": "71", "50A_H_24": "66", "50A_Tot_24": "137", "51A_M_24": "66", "51A_H_24": "81", "51A_Tot_24": "147", "52A_M_24": "62", "52A_H_24": "58", "52A_Tot_24": "120", "53A_M_24": "79", "53A_H_24": "68", "53A_Tot_24": "147", "54A_M_24": "59", "54A_H_24": "74", "54A_Tot_24": "133", "55A_M_24": "62", "55A_H_24": "82", "55A_Tot_24": "144", "56A_M_24": "92", "56A_H_24": "55", "56A_Tot_24": "147", "57A_M_24": "78", "57A_H_24": "70", "57A_Tot_24": "148", "58A_M_24": "65", "58A_H_24": "83", "58A_Tot_24": "148", "59A_M_24": "65", "59A_H_24": "58", "59A_Tot_24": "123", "50a59_M_24": "699", "50a59_H_24": "695", "50a59_T_24": "1394", "60A_M_24": "66", "60A_H_24": "83", "60A_Tot_24": "149", "61A_M_24": "71", "61A_H_24": "69", "61A_Tot_24": "140", "62A_M_24": "77", "62A_H_24": "60", "62A_Tot_24": "137", "63A_M_24": "66", "63A_H_24": "55", "63A_Tot_24": "121", "64A_M_24": "50", "64A_H_24": "65", "64A_Tot_24": "115", "65A_M_24": "59", "65A_H_24": "67", "65A_Tot_24": "126", "66A_M_24": "69", "66A_H_24": "72", "66A_Tot_24": "141", "67A_M_24": "58", "67A_H_24": "63", "67A_Tot_24": "121", "68A_M_24": "41", "68A_H_24": "50", "68A_Tot_24": "91", "69A_M_24": "50", "69A_H_24": "49", "69A_Tot_24": "99", "60a69_M_24": "607", "60a69_H_24": "633", "60a69_T_24": "1240", "70A_M_24": "54", "70A_H_24": "45", "70A_Tot_24": "99", "71A_M_24": "47", "71A_H_24": "45", "71A_Tot_24": "92", "72A_M_24": "37", "72A_H_24": "36", "72A_Tot_24": "73", "73A_M_24": "35", "73A_H_24": "55", "73A_Tot_24": "90", "74A_M_24": "52", "74A_H_24": "42", "74A_Tot_24": "94", "75A_M_24": "38", "75A_H_24": "34", "75A_Tot_24": "72", "76A_M_24": "24", "76A_H_24": "25", "76A_Tot_24": "49", "77A_M_24": "23", "77A_H_24": "25", "77A_Tot_24": "48", "78A_M_24": "26", "78A_H_24": "19", "78A_Tot_24": "45", "79A_M_24": "28", "79A_H_24": "17", "79A_Tot_24": "45", "70a79_M_24": "364", "70a79_H_24": "343", "70a79_T_24": "707", "80A_M_24": "23", "80A_H_24": "20", "80A_Tot_24": "43", "81A_M_24": "23", "81A_H_24": "17", "81A_Tot_24": "40", "82A_M_24": "21", "82A_H_24": "17", "82A_Tot_24": "38", "83A_M_24": "25", "83A_H_24": "26", "83A_Tot_24": "51", "84A_M_24": "30", "84A_H_24": "19", "84A_Tot_24": "49", "85A_M_24": "19", "85A_H_24": "11", "85A_Tot_24": "30", "86A_M_24": "13", "86A_H_24": "9", "86A_Tot_24": "22", "87A_M_24": "8", "87A_H_24": "4", "87A_Tot_24": "12", "88A_M_24": "7", "88A_H_24": "13", "88A_Tot_24": "20", "89A_M_24": "10", "89A_H_24": "6", "89A_Tot_24": "16", "80a89_M_24": "179", "80a89_H_24": "142", "80a89_T_24": "321", "90A_M_24": "5", "90A_H_24": "7", "90A_Tot_24": "12", "91A_M_24": "13", "91A_H_24": "4", "91A_Tot_24": "17", "92A_M_24": "3", "92A_H_24": "7", "92A_Tot_24": "10", "93A_M_24": "6", "93A_H_24": "6", "93A_Tot_24": "12", "94A_M_24": "1", "94A_H_24": "3", "94A_Tot_24": "4", "95A_M_24": "3", "95A_H_24": "4", "95A_Tot_24": "7", "96A_M_24": "2", "96A_H_24": "2", "96A_Tot_24": "4", "97A_M_24": "2", "97A_H_24": "0", "97A_Tot_24": "2", "98A_M_24": "1", "98A_H_24": "1", "98A_Tot_24": "2", "99A_M_24": "4", "99A_H_24": "1", "99A_Tot_24": "5", "90a99_M_24": "49", "90a99_H_24": "35", "90a99_T_24": "84", "100A_M_24": "9", "100A_H_24": "0", "100A_T_24": "9", "POB_MUJ_24": "7168", "POB_HOM_24": "7552", "POB_TOT_24": "14720" }, "geometry": null },
{ "type": "Feature", "properties": { "ID": "7", "DEPTO": "Cochabamba", "COD_DEPTO": 30000, "RED_SALUD": "Quillacollo", "COD_REDSAL": 3007, "MUNICIPIO": "Cocapata", "COD_MUNI": 30303, "00A_M_24": "177", "00A_H_24": "177", "00A_Tot_24": "354", "01A_M_24": "200", "01A_H_24": "220", "01A_Tot_24": "420", "02A_M_24": "210", "02A_H_24": "213", "02A_Tot_24": "423", "03A_M_24": "184", "03A_H_24": "217", "03A_Tot_24": "401", "04A_M_24": "185", "04A_H_24": "182", "04A_Tot_24": "367", "0a4A_M_24": "956", "0a4A_H_24": "1009", "0a4A_T_24": "1965", "05A_M_24": "199", "05A_H_24": "212", "05A_Tot_24": "411", "06A_M_24": "187", "06A_H_24": "196", "06A_Tot_24": "383", "07A_M_24": "241", "07A_H_24": "241", "07A_Tot_24": "482", "08A_M_24": "226", "08A_H_24": "208", "08A_Tot_24": "434", "09A_M_24": "207", "09A_H_24": "215", "09A_Tot_24": "422", "5a9A_M_24": "1060", "5a9A_H_24": "1072", "5a9A_T_24": "2132", "10A_M_24": "247", "10A_H_24": "224", "10A_Tot_24": "471", "11A_M_24": "183", "11A_H_24": "208", "11A_Tot_24": "391", "12A_M_24": "178", "12A_H_24": "258", "12A_Tot_24": "436", "13A_M_24": "185", "13A_H_24": "231", "13A_Tot_24": "416", "14A_M_24": "180", "14A_H_24": "194", "14A_Tot_24": "374", "10a14_M_24": "973", "10a14_H_24": "1115", "10a14_T_24": "2088", "15A_M_24": "193", "15A_H_24": "211", "15A_Tot_24": "404", "16A_M_24": "178", "16A_H_24": "215", "16A_Tot_24": "393", "17A_M_24": "174", "17A_H_24": "207", "17A_Tot_24": "381", "18A_M_24": "168", "18A_H_24": "174", "18A_Tot_24": "342", "19A_M_24": "153", "19A_H_24": "175", "19A_Tot_24": "328", "15a19_M_24": "866", "15a19_H_24": "982", "15a19_T_24": "1848", "20A_M_24": "170", "20A_H_24": "175", "20A_Tot_24": "345", "21A_M_24": "144", "21A_H_24": "194", "21A_Tot_24": "338", "22A_M_24": "175", "22A_H_24": "206", "22A_Tot_24": "381", "23A_M_24": "149", "23A_H_24": "245", "23A_Tot_24": "394", "24A_M_24": "169", "24A_H_24": "227", "24A_Tot_24": "396", "25A_M_24": "124", "25A_H_24": "168", "25A_Tot_24": "292", "26A_M_24": "140", "26A_H_24": "187", "26A_Tot_24": "327", "27A_M_24": "142", "27A_H_24": "181", "27A_Tot_24": "323", "28A_M_24": "122", "28A_H_24": "146", "28A_Tot_24": "268", "29A_M_24": "143", "29A_H_24": "194", "29A_Tot_24": "337", "20a29_M_24": "1478", "20a29_H_24": "1923", "20a29_T_24": "3401", "30A_M_24": "127", "30A_H_24": "170", "30A_Tot_24": "297", "31A_M_24": "97", "31A_H_24": "162", "31A_Tot_24": "259", "32A_M_24": "88", "32A_H_24": "154", "32A_Tot_24": "242", "33A_M_24": "98", "33A_H_24": "133", "33A_Tot_24": "231", "34A_M_24": "120", "34A_H_24": "135", "34A_Tot_24": "255", "35A_M_24": "98", "35A_H_24": "132", "35A_Tot_24": "230", "36A_M_24": "114", "36A_H_24": "140", "36A_Tot_24": "254", "37A_M_24": "95", "37A_H_24": "148", "37A_Tot_24": "243", "38A_M_24": "99", "38A_H_24": "119", "38A_Tot_24": "218", "39A_M_24": "85", "39A_H_24": "130", "39A_Tot_24": "215", "30a39_M_24": "1021", "30a39_H_24": "1423", "30a39_T_24": "2444", "40A_M_24": "89", "40A_H_24": "158", "40A_Tot_24": "247", "41A_M_24": "88", "41A_H_24": "127", "41A_Tot_24": "215", "42A_M_24": "98", "42A_H_24": "113", "42A_Tot_24": "211", "43A_M_24": "104", "43A_H_24": "147", "43A_Tot_24": "251", "44A_M_24": "106", "44A_H_24": "122", "44A_Tot_24": "228", "45A_M_24": "95", "45A_H_24": "127", "45A_Tot_24": "222", "46A_M_24": "110", "46A_H_24": "97", "46A_Tot_24": "207", "47A_M_24": "83", "47A_H_24": "116", "47A_Tot_24": "199", "48A_M_24": "84", "48A_H_24": "96", "48A_Tot_24": "180", "49A_M_24": "75", "49A_H_24": "93", "49A_Tot_24": "168", "40a49_M_24": "932", "40a49_H_24": "1196", "40a49_T_24": "2128", "50A_M_24": "98", "50A_H_24": "104", "50A_Tot_24": "202", "51A_M_24": "81", "51A_H_24": "96", "51A_Tot_24": "177", "52A_M_24": "59", "52A_H_24": "93", "52A_Tot_24": "152", "53A_M_24": "69", "53A_H_24": "105", "53A_Tot_24": "174", "54A_M_24": "73", "54A_H_24": "96", "54A_Tot_24": "169", "55A_M_24": "62", "55A_H_24": "119", "55A_Tot_24": "181", "56A_M_24": "72", "56A_H_24": "86", "56A_Tot_24": "158", "57A_M_24": "78", "57A_H_24": "84", "57A_Tot_24": "162", "58A_M_24": "56", "58A_H_24": "83", "58A_Tot_24": "139", "59A_M_24": "65", "59A_H_24": "96", "59A_Tot_24": "161", "50a59_M_24": "713", "50a59_H_24": "962", "50a59_T_24": "1675", "60A_M_24": "66", "60A_H_24": "64", "60A_Tot_24": "130", "61A_M_24": "43", "61A_H_24": "82", "61A_Tot_24": "125", "62A_M_24": "37", "62A_H_24": "59", "62A_Tot_24": "96", "63A_M_24": "65", "63A_H_24": "66", "63A_Tot_24": "131", "64A_M_24": "49", "64A_H_24": "61", "64A_Tot_24": "110", "65A_M_24": "58", "65A_H_24": "52", "65A_Tot_24": "110", "66A_M_24": "39", "66A_H_24": "39", "66A_Tot_24": "78", "67A_M_24": "42", "67A_H_24": "52", "67A_Tot_24": "94", "68A_M_24": "38", "68A_H_24": "49", "68A_Tot_24": "87", "69A_M_24": "49", "69A_H_24": "53", "69A_Tot_24": "102", "60a69_M_24": "486", "60a69_H_24": "577", "60a69_T_24": "1063", "70A_M_24": "37", "70A_H_24": "47", "70A_Tot_24": "84", "71A_M_24": "38", "71A_H_24": "41", "71A_Tot_24": "79", "72A_M_24": "38", "72A_H_24": "39", "72A_Tot_24": "77", "73A_M_24": "31", "73A_H_24": "33", "73A_Tot_24": "64", "74A_M_24": "30", "74A_H_24": "34", "74A_Tot_24": "64", "75A_M_24": "27", "75A_H_24": "28", "75A_Tot_24": "55", "76A_M_24": "19", "76A_H_24": "18", "76A_Tot_24": "37", "77A_M_24": "20", "77A_H_24": "18", "77A_Tot_24": "38", "78A_M_24": "19", "78A_H_24": "22", "78A_Tot_24": "41", "79A_M_24": "19", "79A_H_24": "18", "79A_Tot_24": "37", "70a79_M_24": "278", "70a79_H_24": "298", "70a79_T_24": "576", "80A_M_24": "22", "80A_H_24": "19", "80A_Tot_24": "41", "81A_M_24": "19", "81A_H_24": "20", "81A_Tot_24": "39", "82A_M_24": "12", "82A_H_24": "8", "82A_Tot_24": "20", "83A_M_24": "23", "83A_H_24": "14", "83A_Tot_24": "37", "84A_M_24": "17", "84A_H_24": "10", "84A_Tot_24": "27", "85A_M_24": "11", "85A_H_24": "10", "85A_Tot_24": "21", "86A_M_24": "10", "86A_H_24": "5", "86A_Tot_24": "15", "87A_M_24": "11", "87A_H_24": "6", "87A_Tot_24": "17", "88A_M_24": "7", "88A_H_24": "2", "88A_Tot_24": "9", "89A_M_24": "5", "89A_H_24": "6", "89A_Tot_24": "11", "80a89_M_24": "137", "80a89_H_24": "100", "80a89_T_24": "237", "90A_M_24": "9", "90A_H_24": "5", "90A_Tot_24": "14", "91A_M_24": "2", "91A_H_24": "1", "91A_Tot_24": "3", "92A_M_24": "5", "92A_H_24": "4", "92A_Tot_24": "9", "93A_M_24": "7", "93A_H_24": "0", "93A_Tot_24": "7", "94A_M_24": "3", "94A_H_24": "0", "94A_Tot_24": "3", "95A_M_24": "2", "95A_H_24": "2", "95A_Tot_24": "4", "96A_M_24": "3", "96A_H_24": "0", "96A_Tot_24": "3", "97A_M_24": "0", "97A_H_24": "1", "97A_Tot_24": "1", "98A_M_24": "1", "98A_H_24": "1", "98A_Tot_24": "2", "99A_M_24": "0", "99A_H_24": "0", "99A_Tot_24": "0", "90a99_M_24": "37", "90a99_H_24": "14", "90a99_T_24": "51", "100A_M_24": "5", "100A_H_24": "0", "100A_T_24": "5", "POB_MUJ_24": "8937", "POB_HOM_24": "10671", "POB_TOT_24": "19608" }, "geometry": null },
{ "type": "Feature", "properties": { "ID": "8", "DEPTO": "Cochabamba", "COD_DEPTO": 30000, "RED_SALUD": "Tarata", "COD_REDSAL": 3017, "MUNICIPIO": "Tarata", "COD_MUNI": 30401, "00A_M_24": "54", "00A_H_24": "61", "00A_Tot_24": "115", "01A_M_24": "90", "01A_H_24": "67", "01A_Tot_24": "157", "02A_M_24": "93", "02A_H_24": "87", "02A_Tot_24": "180", "03A_M_24": "85", "03A_H_24": "94", "03A_Tot_24": "179", "04A_M_24": "81", "04A_H_24": "103", "04A_Tot_24": "184", "0a4A_M_24": "403", "0a4A_H_24": "412", "0a4A_T_24": "815", "05A_M_24": "101", "05A_H_24": "89", "05A_Tot_24": "190", "06A_M_24": "116", "06A_H_24": "100", "06A_Tot_24": "216", "07A_M_24": "88", "07A_H_24": "111", "07A_Tot_24": "199", "08A_M_24": "108", "08A_H_24": "105", "08A_Tot_24": "213", "09A_M_24": "107", "09A_H_24": "99", "09A_Tot_24": "206", "5a9A_M_24": "520", "5a9A_H_24": "504", "5a9A_T_24": "1024", "10A_M_24": "99", "10A_H_24": "97", "10A_Tot_24": "196", "11A_M_24": "83", "11A_H_24": "105", "11A_Tot_24": "188", "12A_M_24": "122", "12A_H_24": "101", "12A_Tot_24": "223", "13A_M_24": "102", "13A_H_24": "90", "13A_Tot_24": "192", "14A_M_24": "84", "14A_H_24": "97", "14A_Tot_24": "181", "10a14_M_24": "490", "10a14_H_24": "490", "10a14_T_24": "980", "15A_M_24": "112", "15A_H_24": "97", "15A_Tot_24": "209", "16A_M_24": "78", "16A_H_24": "82", "16A_Tot_24": "160", "17A_M_24": "100", "17A_H_24": "106", "17A_Tot_24": "206", "18A_M_24": "101", "18A_H_24": "145", "18A_Tot_24": "246", "19A_M_24": "103", "19A_H_24": "138", "19A_Tot_24": "241", "15a19_M_24": "494", "15a19_H_24": "568", "15a19_T_24": "1062", "20A_M_24": "118", "20A_H_24": "161", "20A_Tot_24": "279", "21A_M_24": "118", "21A_H_24": "138", "21A_Tot_24": "256", "22A_M_24": "100", "22A_H_24": "156", "22A_Tot_24": "256", "23A_M_24": "109", "23A_H_24": "154", "23A_Tot_24": "263", "24A_M_24": "112", "24A_H_24": "130", "24A_Tot_24": "242", "25A_M_24": "101", "25A_H_24": "88", "25A_Tot_24": "189", "26A_M_24": "100", "26A_H_24": "85", "26A_Tot_24": "185", "27A_M_24": "69", "27A_H_24": "83", "27A_Tot_24": "152", "28A_M_24": "77", "28A_H_24": "75", "28A_Tot_24": "152", "29A_M_24": "82", "29A_H_24": "70", "29A_Tot_24": "152", "20a29_M_24": "986", "20a29_H_24": "1140", "20a29_T_24": "2126", "30A_M_24": "90", "30A_H_24": "82", "30A_Tot_24": "172", "31A_M_24": "77", "31A_H_24": "54", "31A_Tot_24": "131", "32A_M_24": "78", "32A_H_24": "75", "32A_Tot_24": "153", "33A_M_24": "77", "33A_H_24": "75", "33A_Tot_24": "152", "34A_M_24": "67", "34A_H_24": "80", "34A_Tot_24": "147", "35A_M_24": "78", "35A_H_24": "67", "35A_Tot_24": "145", "36A_M_24": "56", "36A_H_24": "76", "36A_Tot_24": "132", "37A_M_24": "62", "37A_H_24": "62", "37A_Tot_24": "124", "38A_M_24": "66", "38A_H_24": "65", "38A_Tot_24": "131", "39A_M_24": "63", "39A_H_24": "70", "39A_Tot_24": "133", "30a39_M_24": "714", "30a39_H_24": "706", "30a39_T_24": "1420", "40A_M_24": "45", "40A_H_24": "52", "40A_Tot_24": "97", "41A_M_24": "66", "41A_H_24": "48", "41A_Tot_24": "114", "42A_M_24": "56", "42A_H_24": "57", "42A_Tot_24": "113", "43A_M_24": "61", "43A_H_24": "64", "43A_Tot_24": "125", "44A_M_24": "66", "44A_H_24": "71", "44A_Tot_24": "137", "45A_M_24": "68", "45A_H_24": "57", "45A_Tot_24": "125", "46A_M_24": "51", "46A_H_24": "52", "46A_Tot_24": "103", "47A_M_24": "68", "47A_H_24": "51", "47A_Tot_24": "119", "48A_M_24": "66", "48A_H_24": "57", "48A_Tot_24": "123", "49A_M_24": "65", "49A_H_24": "46", "49A_Tot_24": "111", "40a49_M_24": "612", "40a49_H_24": "555", "40a49_T_24": "1167", "50A_M_24": "42", "50A_H_24": "63", "50A_Tot_24": "105", "51A_M_24": "48", "51A_H_24": "49", "51A_Tot_24": "97", "52A_M_24": "52", "52A_H_24": "51", "52A_Tot_24": "103", "53A_M_24": "58", "53A_H_24": "40", "53A_Tot_24": "98", "54A_M_24": "54", "54A_H_24": "52", "54A_Tot_24": "106", "55A_M_24": "49", "55A_H_24": "43", "55A_Tot_24": "92", "56A_M_24": "56", "56A_H_24": "36", "56A_Tot_24": "92", "57A_M_24": "44", "57A_H_24": "36", "57A_Tot_24": "80", "58A_M_24": "41", "58A_H_24": "48", "58A_Tot_24": "89", "59A_M_24": "49", "59A_H_24": "44", "59A_Tot_24": "93", "50a59_M_24": "493", "50a59_H_24": "462", "50a59_T_24": "955", "60A_M_24": "49", "60A_H_24": "42", "60A_Tot_24": "91", "61A_M_24": "44", "61A_H_24": "42", "61A_Tot_24": "86", "62A_M_24": "35", "62A_H_24": "42", "62A_Tot_24": "77", "63A_M_24": "44", "63A_H_24": "42", "63A_Tot_24": "86", "64A_M_24": "48", "64A_H_24": "49", "64A_Tot_24": "97", "65A_M_24": "44", "65A_H_24": "42", "65A_Tot_24": "86", "66A_M_24": "37", "66A_H_24": "41", "66A_Tot_24": "78", "67A_M_24": "35", "67A_H_24": "38", "67A_Tot_24": "73", "68A_M_24": "57", "68A_H_24": "42", "68A_Tot_24": "99", "69A_M_24": "33", "69A_H_24": "41", "69A_Tot_24": "74", "60a69_M_24": "426", "60a69_H_24": "421", "60a69_T_24": "847", "70A_M_24": "46", "70A_H_24": "27", "70A_Tot_24": "73", "71A_M_24": "33", "71A_H_24": "30", "71A_Tot_24": "63", "72A_M_24": "32", "72A_H_24": "34", "72A_Tot_24": "66", "73A_M_24": "39", "73A_H_24": "29", "73A_Tot_24": "68", "74A_M_24": "32", "74A_H_24": "25", "74A_Tot_24": "57", "75A_M_24": "22", "75A_H_24": "22", "75A_Tot_24": "44", "76A_M_24": "18", "76A_H_24": "22", "76A_Tot_24": "40", "77A_M_24": "25", "77A_H_24": "19", "77A_Tot_24": "44", "78A_M_24": "26", "78A_H_24": "16", "78A_Tot_24": "42", "79A_M_24": "31", "79A_H_24": "17", "79A_Tot_24": "48", "70a79_M_24": "304", "70a79_H_24": "241", "70a79_T_24": "545", "80A_M_24": "35", "80A_H_24": "20", "80A_Tot_24": "55", "81A_M_24": "17", "81A_H_24": "15", "81A_Tot_24": "32", "82A_M_24": "27", "82A_H_24": "14", "82A_Tot_24": "41", "83A_M_24": "19", "83A_H_24": "16", "83A_Tot_24": "35", "84A_M_24": "21", "84A_H_24": "5", "84A_Tot_24": "26", "85A_M_24": "14", "85A_H_24": "10", "85A_Tot_24": "24", "86A_M_24": "16", "86A_H_24": "12", "86A_Tot_24": "28", "87A_M_24": "13", "87A_H_24": "4", "87A_Tot_24": "17", "88A_M_24": "8", "88A_H_24": "3", "88A_Tot_24": "11", "89A_M_24": "8", "89A_H_24": "3", "89A_Tot_24": "11", "80a89_M_24": "178", "80a89_H_24": "102", "80a89_T_24": "280", "90A_M_24": "4", "90A_H_24": "1", "90A_Tot_24": "5", "91A_M_24": "5", "91A_H_24": "1", "91A_Tot_24": "6", "92A_M_24": "7", "92A_H_24": "3", "92A_Tot_24": "10", "93A_M_24": "4", "93A_H_24": "5", "93A_Tot_24": "9", "94A_M_24": "6", "94A_H_24": "0", "94A_Tot_24": "6", "95A_M_24": "6", "95A_H_24": "2", "95A_Tot_24": "8", "96A_M_24": "2", "96A_H_24": "1", "96A_Tot_24": "3", "97A_M_24": "0", "97A_H_24": "0", "97A_Tot_24": "0", "98A_M_24": "0", "98A_H_24": "2", "98A_Tot_24": "2", "99A_M_24": "0", "99A_H_24": "0", "99A_Tot_24": "0", "90a99_M_24": "36", "90a99_H_24": "16", "90a99_T_24": "52", "100A_M_24": "2", "100A_H_24": "1", "100A_T_24": "3", "POB_MUJ_24": "5656", "POB_HOM_24": "5617", "POB_TOT_24": "11273" }, "geometry": null },
{ "type": "Feature", "properties": { "ID": "9", "DEPTO": "Cochabamba", "COD_DEPTO": 30000, "RED_SALUD": "Tarata", "COD_REDSAL": 3017, "MUNICIPIO": "Anzaldo", "COD_MUNI": 30402, "00A_M_24": "54", "00A_H_24": "38", "00A_Tot_24": "92", "01A_M_24": "55", "01A_H_24": "42", "01A_Tot_24": "97", "02A_M_24": "41", "02A_H_24": "48", "02A_Tot_24": "89", "03A_M_24": "49", "03A_H_24": "48", "03A_Tot_24": "97", "04A_M_24": "42", "04A_H_24": "51", "04A_Tot_24": "93", "0a4A_M_24": "241", "0a4A_H_24": "227", "0a4A_T_24": "468", "05A_M_24": "68", "05A_H_24": "65", "05A_Tot_24": "133", "06A_M_24": "66", "06A_H_24": "54", "06A_Tot_24": "120", "07A_M_24": "72", "07A_H_24": "65", "07A_Tot_24": "137", "08A_M_24": "69", "08A_H_24": "67", "08A_Tot_24": "136", "09A_M_24": "63", "09A_H_24": "66", "09A_Tot_24": "129", "5a9A_M_24": "338", "5a9A_H_24": "317", "5a9A_T_24": "655", "10A_M_24": "80", "10A_H_24": "63", "10A_Tot_24": "143", "11A_M_24": "80", "11A_H_24": "86", "11A_Tot_24": "166", "12A_M_24": "88", "12A_H_24": "80", "12A_Tot_24": "168", "13A_M_24": "83", "13A_H_24": "75", "13A_Tot_24": "158", "14A_M_24": "75", "14A_H_24": "66", "14A_Tot_24": "141", "10a14_M_24": "406", "10a14_H_24": "370", "10a14_T_24": "776", "15A_M_24": "78", "15A_H_24": "67", "15A_Tot_24": "145", "16A_M_24": "75", "16A_H_24": "57", "16A_Tot_24": "132", "17A_M_24": "67", "17A_H_24": "69", "17A_Tot_24": "136", "18A_M_24": "49", "18A_H_24": "49", "18A_Tot_24": "98", "19A_M_24": "48", "19A_H_24": "50", "19A_Tot_24": "98", "15a19_M_24": "317", "15a19_H_24": "292", "15a19_T_24": "609", "20A_M_24": "49", "20A_H_24": "50", "20A_Tot_24": "99", "21A_M_24": "42", "21A_H_24": "44", "21A_Tot_24": "86", "22A_M_24": "55", "22A_H_24": "41", "22A_Tot_24": "96", "23A_M_24": "50", "23A_H_24": "45", "23A_Tot_24": "95", "24A_M_24": "43", "24A_H_24": "45", "24A_Tot_24": "88", "25A_M_24": "42", "25A_H_24": "53", "25A_Tot_24": "95", "26A_M_24": "44", "26A_H_24": "56", "26A_Tot_24": "100", "27A_M_24": "40", "27A_H_24": "44", "27A_Tot_24": "84", "28A_M_24": "37", "28A_H_24": "37", "28A_Tot_24": "74", "29A_M_24": "60", "29A_H_24": "48", "29A_Tot_24": "108", "20a29_M_24": "462", "20a29_H_24": "463", "20a29_T_24": "925", "30A_M_24": "43", "30A_H_24": "54", "30A_Tot_24": "97", "31A_M_24": "39", "31A_H_24": "35", "31A_Tot_24": "74", "32A_M_24": "48", "32A_H_24": "42", "32A_Tot_24": "90", "33A_M_24": "52", "33A_H_24": "46", "33A_Tot_24": "98", "34A_M_24": "33", "34A_H_24": "40", "34A_Tot_24": "73", "35A_M_24": "33", "35A_H_24": "56", "35A_Tot_24": "89", "36A_M_24": "49", "36A_H_24": "55", "36A_Tot_24": "104", "37A_M_24": "40", "37A_H_24": "47", "37A_Tot_24": "87", "38A_M_24": "38", "38A_H_24": "49", "38A_Tot_24": "87", "39A_M_24": "33", "39A_H_24": "38", "39A_Tot_24": "71", "30a39_M_24": "408", "30a39_H_24": "462", "30a39_T_24": "870", "40A_M_24": "35", "40A_H_24": "42", "40A_Tot_24": "77", "41A_M_24": "40", "41A_H_24": "29", "41A_Tot_24": "69", "42A_M_24": "37", "42A_H_24": "51", "42A_Tot_24": "88", "43A_M_24": "51", "43A_H_24": "47", "43A_Tot_24": "98", "44A_M_24": "40", "44A_H_24": "38", "44A_Tot_24": "78", "45A_M_24": "38", "45A_H_24": "38", "45A_Tot_24": "76", "46A_M_24": "44", "46A_H_24": "54", "46A_Tot_24": "98", "47A_M_24": "35", "47A_H_24": "40", "47A_Tot_24": "75", "48A_M_24": "40", "48A_H_24": "41", "48A_Tot_24": "81", "49A_M_24": "28", "49A_H_24": "31", "49A_Tot_24": "59", "40a49_M_24": "388", "40a49_H_24": "411", "40a49_T_24": "799", "50A_M_24": "37", "50A_H_24": "51", "50A_Tot_24": "88", "51A_M_24": "39", "51A_H_24": "38", "51A_Tot_24": "77", "52A_M_24": "33", "52A_H_24": "42", "52A_Tot_24": "75", "53A_M_24": "45", "53A_H_24": "48", "53A_Tot_24": "93", "54A_M_24": "57", "54A_H_24": "44", "54A_Tot_24": "101", "55A_M_24": "42", "55A_H_24": "28", "55A_Tot_24": "70", "56A_M_24": "39", "56A_H_24": "33", "56A_Tot_24": "72", "57A_M_24": "36", "57A_H_24": "35", "57A_Tot_24": "71", "58A_M_24": "33", "58A_H_24": "36", "58A_Tot_24": "69", "59A_M_24": "40", "59A_H_24": "31", "59A_Tot_24": "71", "50a59_M_24": "401", "50a59_H_24": "386", "50a59_T_24": "787", "60A_M_24": "37", "60A_H_24": "35", "60A_Tot_24": "72", "61A_M_24": "22", "61A_H_24": "35", "61A_Tot_24": "57", "62A_M_24": "32", "62A_H_24": "34", "62A_Tot_24": "66", "63A_M_24": "37", "63A_H_24": "35", "63A_Tot_24": "72", "64A_M_24": "42", "64A_H_24": "38", "64A_Tot_24": "80", "65A_M_24": "43", "65A_H_24": "43", "65A_Tot_24": "86", "66A_M_24": "28", "66A_H_24": "26", "66A_Tot_24": "54", "67A_M_24": "30", "67A_H_24": "28", "67A_Tot_24": "58", "68A_M_24": "27", "68A_H_24": "28", "68A_Tot_24": "55", "69A_M_24": "40", "69A_H_24": "45", "69A_Tot_24": "85", "60a69_M_24": "338", "60a69_H_24": "347", "60a69_T_24": "685", "70A_M_24": "35", "70A_H_24": "30", "70A_Tot_24": "65", "71A_M_24": "37", "71A_H_24": "27", "71A_Tot_24": "64", "72A_M_24": "37", "72A_H_24": "27", "72A_Tot_24": "64", "73A_M_24": "32", "73A_H_24": "32", "73A_Tot_24": "64", "74A_M_24": "31", "74A_H_24": "24", "74A_Tot_24": "55", "75A_M_24": "29", "75A_H_24": "25", "75A_Tot_24": "54", "76A_M_24": "21", "76A_H_24": "22", "76A_Tot_24": "43", "77A_M_24": "29", "77A_H_24": "18", "77A_Tot_24": "47", "78A_M_24": "26", "78A_H_24": "17", "78A_Tot_24": "43", "79A_M_24": "23", "79A_H_24": "21", "79A_Tot_24": "44", "70a79_M_24": "300", "70a79_H_24": "243", "70a79_T_24": "543", "80A_M_24": "26", "80A_H_24": "17", "80A_Tot_24": "43", "81A_M_24": "10", "81A_H_24": "11", "81A_Tot_24": "21", "82A_M_24": "6", "82A_H_24": "8", "82A_Tot_24": "14", "83A_M_24": "12", "83A_H_24": "9", "83A_Tot_24": "21", "84A_M_24": "13", "84A_H_24": "7", "84A_Tot_24": "20", "85A_M_24": "12", "85A_H_24": "7", "85A_Tot_24": "19", "86A_M_24": "9", "86A_H_24": "3", "86A_Tot_24": "12", "87A_M_24": "6", "87A_H_24": "6", "87A_Tot_24": "12", "88A_M_24": "6", "88A_H_24": "2", "88A_Tot_24": "8", "89A_M_24": "5", "89A_H_24": "1", "89A_Tot_24": "6", "80a89_M_24": "105", "80a89_H_24": "71", "80a89_T_24": "176", "90A_M_24": "5", "90A_H_24": "0", "90A_Tot_24": "5", "91A_M_24": "4", "91A_H_24": "1", "91A_Tot_24": "5", "92A_M_24": "5", "92A_H_24": "4", "92A_Tot_24": "9", "93A_M_24": "5", "93A_H_24": "3", "93A_Tot_24": "8", "94A_M_24": "2", "94A_H_24": "1", "94A_Tot_24": "3", "95A_M_24": "4", "95A_H_24": "1", "95A_Tot_24": "5", "96A_M_24": "0", "96A_H_24": "2", "96A_Tot_24": "2", "97A_M_24": "1", "97A_H_24": "0", "97A_Tot_24": "1", "98A_M_24": "1", "98A_H_24": "1", "98A_Tot_24": "2", "99A_M_24": "0", "99A_H_24": "1", "99A_Tot_24": "1", "90a99_M_24": "28", "90a99_H_24": "14", "90a99_T_24": "42", "100A_M_24": "1", "100A_H_24": "0", "100A_T_24": "1", "POB_MUJ_24": "3732", "POB_HOM_24": "3603", "POB_TOT_24": "7335" }, "geometry": null },
{ "type": "Feature", "properties": { "ID": "10", "DEPTO": "Cochabamba", "COD_DEPTO": 30000, "RED_SALUD": "Tarata", "COD_REDSAL": 3017, "MUNICIPIO": "Arbieto", "COD_MUNI": 30403, "00A_M_24": "203", "00A_H_24": "229", "00A_Tot_24": "432", "01A_M_24": "235", "01A_H_24": "253", "01A_Tot_24": "488", "02A_M_24": "256", "02A_H_24": "267", "02A_Tot_24": "523", "03A_M_24": "289", "03A_H_24": "287", "03A_Tot_24": "576", "04A_M_24": "277", "04A_H_24": "296", "04A_Tot_24": "573", "0a4A_M_24": "1260", "0a4A_H_24": "1332", "0a4A_T_24": "2592", "05A_M_24": "296", "05A_H_24": "293", "05A_Tot_24": "589", "06A_M_24": "307", "06A_H_24": "320", "06A_Tot_24": "627", "07A_M_24": "334", "07A_H_24": "326", "07A_Tot_24": "660", "08A_M_24": "332", "08A_H_24": "342", "08A_Tot_24": "674", "09A_M_24": "332", "09A_H_24": "366", "09A_Tot_24": "698", "5a9A_M_24": "1601", "5a9A_H_24": "1647", "5a9A_T_24": "3248", "10A_M_24": "291", "10A_H_24": "349", "10A_Tot_24": "640", "11A_M_24": "306", "11A_H_24": "293", "11A_Tot_24": "599", "12A_M_24": "321", "12A_H_24": "301", "12A_Tot_24": "622", "13A_M_24": "293", "13A_H_24": "286", "13A_Tot_24": "579", "14A_M_24": "284", "14A_H_24": "293", "14A_Tot_24": "577", "10a14_M_24": "1495", "10a14_H_24": "1522", "10a14_T_24": "3017", "15A_M_24": "285", "15A_H_24": "273", "15A_Tot_24": "558", "16A_M_24": "242", "16A_H_24": "249", "16A_Tot_24": "491", "17A_M_24": "262", "17A_H_24": "246", "17A_Tot_24": "508", "18A_M_24": "262", "18A_H_24": "238", "18A_Tot_24": "500", "19A_M_24": "256", "19A_H_24": "241", "19A_Tot_24": "497", "15a19_M_24": "1307", "15a19_H_24": "1247", "15a19_T_24": "2554", "20A_M_24": "251", "20A_H_24": "237", "20A_Tot_24": "488", "21A_M_24": "278", "21A_H_24": "255", "21A_Tot_24": "533", "22A_M_24": "268", "22A_H_24": "253", "22A_Tot_24": "521", "23A_M_24": "250", "23A_H_24": "284", "23A_Tot_24": "534", "24A_M_24": "323", "24A_H_24": "303", "24A_Tot_24": "626", "25A_M_24": "283", "25A_H_24": "260", "25A_Tot_24": "543", "26A_M_24": "268", "26A_H_24": "222", "26A_Tot_24": "490", "27A_M_24": "303", "27A_H_24": "255", "27A_Tot_24": "558", "28A_M_24": "253", "28A_H_24": "261", "28A_Tot_24": "514", "29A_M_24": "312", "29A_H_24": "231", "29A_Tot_24": "543", "20a29_M_24": "2789", "20a29_H_24": "2561", "20a29_T_24": "5350", "30A_M_24": "260", "30A_H_24": "270", "30A_Tot_24": "530", "31A_M_24": "242", "31A_H_24": "211", "31A_Tot_24": "453", "32A_M_24": "229", "32A_H_24": "209", "32A_Tot_24": "438", "33A_M_24": "260", "33A_H_24": "217", "33A_Tot_24": "477", "34A_M_24": "247", "34A_H_24": "236", "34A_Tot_24": "483", "35A_M_24": "225", "35A_H_24": "217", "35A_Tot_24": "442", "36A_M_24": "213", "36A_H_24": "220", "36A_Tot_24": "433", "37A_M_24": "224", "37A_H_24": "166", "37A_Tot_24": "390", "38A_M_24": "202", "38A_H_24": "221", "38A_Tot_24": "423", "39A_M_24": "203", "39A_H_24": "173", "39A_Tot_24": "376", "30a39_M_24": "2305", "30a39_H_24": "2140", "30a39_T_24": "4445", "40A_M_24": "190", "40A_H_24": "148", "40A_Tot_24": "338", "41A_M_24": "188", "41A_H_24": "180", "41A_Tot_24": "368", "42A_M_24": "181", "42A_H_24": "182", "42A_Tot_24": "363", "43A_M_24": "165", "43A_H_24": "137", "43A_Tot_24": "302", "44A_M_24": "192", "44A_H_24": "155", "44A_Tot_24": "347", "45A_M_24": "167", "45A_H_24": "159", "45A_Tot_24": "326", "46A_M_24": "159", "46A_H_24": "147", "46A_Tot_24": "306", "47A_M_24": "141", "47A_H_24": "126", "47A_Tot_24": "267", "48A_M_24": "145", "48A_H_24": "134", "48A_Tot_24": "279", "49A_M_24": "101", "49A_H_24": "117", "49A_Tot_24": "218", "40a49_M_24": "1629", "40a49_H_24": "1485", "40a49_T_24": "3114", "50A_M_24": "110", "50A_H_24": "109", "50A_Tot_24": "219", "51A_M_24": "117", "51A_H_24": "80", "51A_Tot_24": "197", "52A_M_24": "128", "52A_H_24": "86", "52A_Tot_24": "214", "53A_M_24": "147", "53A_H_24": "106", "53A_Tot_24": "253", "54A_M_24": "117", "54A_H_24": "101", "54A_Tot_24": "218", "55A_M_24": "88", "55A_H_24": "106", "55A_Tot_24": "194", "56A_M_24": "105", "56A_H_24": "94", "56A_Tot_24": "199", "57A_M_24": "111", "57A_H_24": "83", "57A_Tot_24": "194", "58A_M_24": "87", "58A_H_24": "86", "58A_Tot_24": "173", "59A_M_24": "92", "59A_H_24": "78", "59A_Tot_24": "170", "50a59_M_24": "1102", "50a59_H_24": "929", "50a59_T_24": "2031", "60A_M_24": "118", "60A_H_24": "88", "60A_Tot_24": "206", "61A_M_24": "95", "61A_H_24": "69", "61A_Tot_24": "164", "62A_M_24": "95", "62A_H_24": "76", "62A_Tot_24": "171", "63A_M_24": "107", "63A_H_24": "62", "63A_Tot_24": "169", "64A_M_24": "96", "64A_H_24": "67", "64A_Tot_24": "163", "65A_M_24": "96", "65A_H_24": "77", "65A_Tot_24": "173", "66A_M_24": "86", "66A_H_24": "80", "66A_Tot_24": "166", "67A_M_24": "68", "67A_H_24": "71", "67A_Tot_24": "139", "68A_M_24": "68", "68A_H_24": "74", "68A_Tot_24": "142", "69A_M_24": "69", "69A_H_24": "59", "69A_Tot_24": "128", "60a69_M_24": "898", "60a69_H_24": "723", "60a69_T_24": "1621", "70A_M_24": "76", "70A_H_24": "70", "70A_Tot_24": "146", "71A_M_24": "51", "71A_H_24": "65", "71A_Tot_24": "116", "72A_M_24": "60", "72A_H_24": "50", "72A_Tot_24": "110", "73A_M_24": "57", "73A_H_24": "45", "73A_Tot_24": "102", "74A_M_24": "60", "74A_H_24": "62", "74A_Tot_24": "122", "75A_M_24": "48", "75A_H_24": "44", "75A_Tot_24": "92", "76A_M_24": "50", "76A_H_24": "41", "76A_Tot_24": "91", "77A_M_24": "44", "77A_H_24": "27", "77A_Tot_24": "71", "78A_M_24": "36", "78A_H_24": "29", "78A_Tot_24": "65", "79A_M_24": "42", "79A_H_24": "22", "79A_Tot_24": "64", "70a79_M_24": "524", "70a79_H_24": "455", "70a79_T_24": "979", "80A_M_24": "41", "80A_H_24": "33", "80A_Tot_24": "74", "81A_M_24": "34", "81A_H_24": "22", "81A_Tot_24": "56", "82A_M_24": "29", "82A_H_24": "19", "82A_Tot_24": "48", "83A_M_24": "31", "83A_H_24": "12", "83A_Tot_24": "43", "84A_M_24": "26", "84A_H_24": "11", "84A_Tot_24": "37", "85A_M_24": "18", "85A_H_24": "12", "85A_Tot_24": "30", "86A_M_24": "16", "86A_H_24": "7", "86A_Tot_24": "23", "87A_M_24": "16", "87A_H_24": "4", "87A_Tot_24": "20", "88A_M_24": "13", "88A_H_24": "5", "88A_Tot_24": "18", "89A_M_24": "8", "89A_H_24": "3", "89A_Tot_24": "11", "80a89_M_24": "232", "80a89_H_24": "128", "80a89_T_24": "360", "90A_M_24": "3", "90A_H_24": "2", "90A_Tot_24": "5", "91A_M_24": "7", "91A_H_24": "0", "91A_Tot_24": "7", "92A_M_24": "6", "92A_H_24": "3", "92A_Tot_24": "9", "93A_M_24": "11", "93A_H_24": "5", "93A_Tot_24": "16", "94A_M_24": "4", "94A_H_24": "2", "94A_Tot_24": "6", "95A_M_24": "7", "95A_H_24": "2", "95A_Tot_24": "9", "96A_M_24": "3", "96A_H_24": "1", "96A_Tot_24": "4", "97A_M_24": "1", "97A_H_24": "0", "97A_Tot_24": "1", "98A_M_24": "1", "98A_H_24": "1", "98A_Tot_24": "2", "99A_M_24": "1", "99A_H_24": "0", "99A_Tot_24": "1", "90a99_M_24": "46", "90a99_H_24": "18", "90a99_T_24": "64", "100A_M_24": "2", "100A_H_24": "2", "100A_T_24": "4", "POB_MUJ_24": "15188", "POB_HOM_24": "14187", "POB_TOT_24": "29375" }, "geometry": null },
{ "type": "Feature", "properties": { "ID": "11", "DEPTO": "Cochabamba", "COD_DEPTO": 30000, "RED_SALUD": "Tarata", "COD_REDSAL": 3017, "MUNICIPIO": "Sacabamba", "COD_MUNI": 30404, "00A_M_24": "24", "00A_H_24": "24", "00A_Tot_24": "48", "01A_M_24": "31", "01A_H_24": "25", "01A_Tot_24": "56", "02A_M_24": "38", "02A_H_24": "26", "02A_Tot_24": "64", "03A_M_24": "33", "03A_H_24": "36", "03A_Tot_24": "69", "04A_M_24": "33", "04A_H_24": "41", "04A_Tot_24": "74", "0a4A_M_24": "159", "0a4A_H_24": "152", "0a4A_T_24": "311", "05A_M_24": "32", "05A_H_24": "46", "05A_Tot_24": "78", "06A_M_24": "42", "06A_H_24": "53", "06A_Tot_24": "95", "07A_M_24": "39", "07A_H_24": "43", "07A_Tot_24": "82", "08A_M_24": "52", "08A_H_24": "50", "08A_Tot_24": "102", "09A_M_24": "56", "09A_H_24": "45", "09A_Tot_24": "101", "5a9A_M_24": "221", "5a9A_H_24": "237", "5a9A_T_24": "458", "10A_M_24": "50", "10A_H_24": "56", "10A_Tot_24": "106", "11A_M_24": "42", "11A_H_24": "51", "11A_Tot_24": "93", "12A_M_24": "43", "12A_H_24": "60", "12A_Tot_24": "103", "13A_M_24": "52", "13A_H_24": "53", "13A_Tot_24": "105", "14A_M_24": "39", "14A_H_24": "44", "14A_Tot_24": "83", "10a14_M_24": "226", "10a14_H_24": "264", "10a14_T_24": "490", "15A_M_24": "38", "15A_H_24": "42", "15A_Tot_24": "80", "16A_M_24": "47", "16A_H_24": "55", "16A_Tot_24": "102", "17A_M_24": "40", "17A_H_24": "46", "17A_Tot_24": "86", "18A_M_24": "46", "18A_H_24": "53", "18A_Tot_24": "99", "19A_M_24": "33", "19A_H_24": "34", "19A_Tot_24": "67", "15a19_M_24": "204", "15a19_H_24": "230", "15a19_T_24": "434", "20A_M_24": "29", "20A_H_24": "40", "20A_Tot_24": "69", "21A_M_24": "35", "21A_H_24": "35", "21A_Tot_24": "70", "22A_M_24": "34", "22A_H_24": "45", "22A_Tot_24": "79", "23A_M_24": "41", "23A_H_24": "54", "23A_Tot_24": "95", "24A_M_24": "46", "24A_H_24": "40", "24A_Tot_24": "86", "25A_M_24": "37", "25A_H_24": "33", "25A_Tot_24": "70", "26A_M_24": "43", "26A_H_24": "42", "26A_Tot_24": "85", "27A_M_24": "40", "27A_H_24": "26", "27A_Tot_24": "66", "28A_M_24": "29", "28A_H_24": "40", "28A_Tot_24": "69", "29A_M_24": "38", "29A_H_24": "25", "29A_Tot_24": "63", "20a29_M_24": "372", "20a29_H_24": "380", "20a29_T_24": "752", "30A_M_24": "31", "30A_H_24": "31", "30A_Tot_24": "62", "31A_M_24": "25", "31A_H_24": "38", "31A_Tot_24": "63", "32A_M_24": "33", "32A_H_24": "35", "32A_Tot_24": "68", "33A_M_24": "37", "33A_H_24": "37", "33A_Tot_24": "74", "34A_M_24": "24", "34A_H_24": "31", "34A_Tot_24": "55", "35A_M_24": "29", "35A_H_24": "38", "35A_Tot_24": "67", "36A_M_24": "32", "36A_H_24": "34", "36A_Tot_24": "66", "37A_M_24": "42", "37A_H_24": "29", "37A_Tot_24": "71", "38A_M_24": "28", "38A_H_24": "29", "38A_Tot_24": "57", "39A_M_24": "26", "39A_H_24": "34", "39A_Tot_24": "60", "30a39_M_24": "307", "30a39_H_24": "336", "30a39_T_24": "643", "40A_M_24": "28", "40A_H_24": "34", "40A_Tot_24": "62", "41A_M_24": "41", "41A_H_24": "35", "41A_Tot_24": "76", "42A_M_24": "33", "42A_H_24": "42", "42A_Tot_24": "75", "43A_M_24": "41", "43A_H_24": "37", "43A_Tot_24": "78", "44A_M_24": "26", "44A_H_24": "26", "44A_Tot_24": "52", "45A_M_24": "25", "45A_H_24": "31", "45A_Tot_24": "56", "46A_M_24": "25", "46A_H_24": "36", "46A_Tot_24": "61", "47A_M_24": "33", "47A_H_24": "22", "47A_Tot_24": "55", "48A_M_24": "21", "48A_H_24": "19", "48A_Tot_24": "40", "49A_M_24": "24", "49A_H_24": "23", "49A_Tot_24": "47", "40a49_M_24": "297", "40a49_H_24": "305", "40a49_T_24": "602", "50A_M_24": "28", "50A_H_24": "28", "50A_Tot_24": "56", "51A_M_24": "16", "51A_H_24": "29", "51A_Tot_24": "45", "52A_M_24": "24", "52A_H_24": "20", "52A_Tot_24": "44", "53A_M_24": "32", "53A_H_24": "27", "53A_Tot_24": "59", "54A_M_24": "22", "54A_H_24": "29", "54A_Tot_24": "51", "55A_M_24": "24", "55A_H_24": "30", "55A_Tot_24": "54", "56A_M_24": "14", "56A_H_24": "19", "56A_Tot_24": "33", "57A_M_24": "35", "57A_H_24": "29", "57A_Tot_24": "64", "58A_M_24": "21", "58A_H_24": "28", "58A_Tot_24": "49", "59A_M_24": "18", "59A_H_24": "29", "59A_Tot_24": "47", "50a59_M_24": "234", "50a59_H_24": "268", "50a59_T_24": "502", "60A_M_24": "28", "60A_H_24": "23", "60A_Tot_24": "51", "61A_M_24": "20", "61A_H_24": "15", "61A_Tot_24": "35", "62A_M_24": "20", "62A_H_24": "16", "62A_Tot_24": "36", "63A_M_24": "26", "63A_H_24": "20", "63A_Tot_24": "46", "64A_M_24": "22", "64A_H_24": "21", "64A_Tot_24": "43", "65A_M_24": "23", "65A_H_24": "21", "65A_Tot_24": "44", "66A_M_24": "30", "66A_H_24": "19", "66A_Tot_24": "49", "67A_M_24": "25", "67A_H_24": "22", "67A_Tot_24": "47", "68A_M_24": "17", "68A_H_24": "29", "68A_Tot_24": "46", "69A_M_24": "18", "69A_H_24": "12", "69A_Tot_24": "30", "60a69_M_24": "229", "60a69_H_24": "198", "60a69_T_24": "427", "70A_M_24": "19", "70A_H_24": "14", "70A_Tot_24": "33", "71A_M_24": "18", "71A_H_24": "17", "71A_Tot_24": "35", "72A_M_24": "15", "72A_H_24": "17", "72A_Tot_24": "32", "73A_M_24": "16", "73A_H_24": "16", "73A_Tot_24": "32", "74A_M_24": "16", "74A_H_24": "13", "74A_Tot_24": "29", "75A_M_24": "19", "75A_H_24": "10", "75A_Tot_24": "29", "76A_M_24": "15", "76A_H_24": "7", "76A_Tot_24": "22", "77A_M_24": "12", "77A_H_24": "10", "77A_Tot_24": "22", "78A_M_24": "9", "78A_H_24": "6", "78A_Tot_24": "15", "79A_M_24": "19", "79A_H_24": "6", "79A_Tot_24": "25", "70a79_M_24": "158", "70a79_H_24": "116", "70a79_T_24": "274", "80A_M_24": "6", "80A_H_24": "5", "80A_Tot_24": "11", "81A_M_24": "8", "81A_H_24": "4", "81A_Tot_24": "12", "82A_M_24": "7", "82A_H_24": "3", "82A_Tot_24": "10", "83A_M_24": "8", "83A_H_24": "3", "83A_Tot_24": "11", "84A_M_24": "7", "84A_H_24": "2", "84A_Tot_24": "9", "85A_M_24": "5", "85A_H_24": "1", "85A_Tot_24": "6", "86A_M_24": "2", "86A_H_24": "0", "86A_Tot_24": "2", "87A_M_24": "5", "87A_H_24": "5", "87A_Tot_24": "10", "88A_M_24": "3", "88A_H_24": "3", "88A_Tot_24": "6", "89A_M_24": "2", "89A_H_24": "1", "89A_Tot_24": "3", "80a89_M_24": "53", "80a89_H_24": "27", "80a89_T_24": "80", "90A_M_24": "2", "90A_H_24": "1", "90A_Tot_24": "3", "91A_M_24": "2", "91A_H_24": "1", "91A_Tot_24": "3", "92A_M_24": "0", "92A_H_24": "0", "92A_Tot_24": "0", "93A_M_24": "0", "93A_H_24": "1", "93A_Tot_24": "1", "94A_M_24": "2", "94A_H_24": "0", "94A_Tot_24": "2", "95A_M_24": "0", "95A_H_24": "0", "95A_Tot_24": "0", "96A_M_24": "0", "96A_H_24": "0", "96A_Tot_24": "0", "97A_M_24": "1", "97A_H_24": "0", "97A_Tot_24": "1", "98A_M_24": "1", "98A_H_24": "0", "98A_Tot_24": "1", "99A_M_24": "1", "99A_H_24": "0", "99A_Tot_24": "1", "90a99_M_24": "11", "90a99_H_24": "3", "90a99_T_24": "14", "100A_M_24": "2", "100A_H_24": "0", "100A_T_24": "2", "POB_MUJ_24": "2471", "POB_HOM_24": "2516", "POB_TOT_24": "4987" }, "geometry": null },
{ "type": "Feature", "properties": { "ID": "12", "DEPTO": "Cochabamba", "COD_DEPTO": 30000, "RED_SALUD": "Punata", "COD_REDSAL": 3004, "MUNICIPIO": "Arani", "COD_MUNI": 30501, "00A_M_24": "63", "00A_H_24": "59", "00A_Tot_24": "122", "01A_M_24": "63", "01A_H_24": "64", "01A_Tot_24": "127", "02A_M_24": "71", "02A_H_24": "68", "02A_Tot_24": "139", "03A_M_24": "83", "03A_H_24": "92", "03A_Tot_24": "175", "04A_M_24": "90", "04A_H_24": "78", "04A_Tot_24": "168", "0a4A_M_24": "370", "0a4A_H_24": "361", "0a4A_T_24": "731", "05A_M_24": "88", "05A_H_24": "95", "05A_Tot_24": "183", "06A_M_24": "107", "06A_H_24": "106", "06A_Tot_24": "213", "07A_M_24": "94", "07A_H_24": "85", "07A_Tot_24": "179", "08A_M_24": "90", "08A_H_24": "105", "08A_Tot_24": "195", "09A_M_24": "85", "09A_H_24": "91", "09A_Tot_24": "176", "5a9A_M_24": "464", "5a9A_H_24": "482", "5a9A_T_24": "946", "10A_M_24": "103", "10A_H_24": "102", "10A_Tot_24": "205", "11A_M_24": "84", "11A_H_24": "93", "11A_Tot_24": "177", "12A_M_24": "94", "12A_H_24": "91", "12A_Tot_24": "185", "13A_M_24": "113", "13A_H_24": "110", "13A_Tot_24": "223", "14A_M_24": "98", "14A_H_24": "113", "14A_Tot_24": "211", "10a14_M_24": "492", "10a14_H_24": "509", "10a14_T_24": "1001", "15A_M_24": "90", "15A_H_24": "104", "15A_Tot_24": "194", "16A_M_24": "92", "16A_H_24": "87", "16A_Tot_24": "179", "17A_M_24": "71", "17A_H_24": "92", "17A_Tot_24": "163", "18A_M_24": "92", "18A_H_24": "83", "18A_Tot_24": "175", "19A_M_24": "82", "19A_H_24": "92", "19A_Tot_24": "174", "15a19_M_24": "427", "15a19_H_24": "458", "15a19_T_24": "885", "20A_M_24": "105", "20A_H_24": "95", "20A_Tot_24": "200", "21A_M_24": "88", "21A_H_24": "90", "21A_Tot_24": "178", "22A_M_24": "87", "22A_H_24": "84", "22A_Tot_24": "171", "23A_M_24": "99", "23A_H_24": "96", "23A_Tot_24": "195", "24A_M_24": "89", "24A_H_24": "96", "24A_Tot_24": "185", "25A_M_24": "81", "25A_H_24": "72", "25A_Tot_24": "153", "26A_M_24": "94", "26A_H_24": "92", "26A_Tot_24": "186", "27A_M_24": "77", "27A_H_24": "76", "27A_Tot_24": "153", "28A_M_24": "75", "28A_H_24": "90", "28A_Tot_24": "165", "29A_M_24": "75", "29A_H_24": "98", "29A_Tot_24": "173", "20a29_M_24": "870", "20a29_H_24": "889", "20a29_T_24": "1759", "30A_M_24": "78", "30A_H_24": "71", "30A_Tot_24": "149", "31A_M_24": "89", "31A_H_24": "85", "31A_Tot_24": "174", "32A_M_24": "73", "32A_H_24": "84", "32A_Tot_24": "157", "33A_M_24": "84", "33A_H_24": "85", "33A_Tot_24": "169", "34A_M_24": "77", "34A_H_24": "80", "34A_Tot_24": "157", "35A_M_24": "80", "35A_H_24": "80", "35A_Tot_24": "160", "36A_M_24": "72", "36A_H_24": "58", "36A_Tot_24": "130", "37A_M_24": "70", "37A_H_24": "74", "37A_Tot_24": "144", "38A_M_24": "75", "38A_H_24": "66", "38A_Tot_24": "141", "39A_M_24": "56", "39A_H_24": "58", "39A_Tot_24": "114", "30a39_M_24": "754", "30a39_H_24": "741", "30a39_T_24": "1495", "40A_M_24": "58", "40A_H_24": "56", "40A_Tot_24": "114", "41A_M_24": "67", "41A_H_24": "64", "41A_Tot_24": "131", "42A_M_24": "58", "42A_H_24": "63", "42A_Tot_24": "121", "43A_M_24": "59", "43A_H_24": "77", "43A_Tot_24": "136", "44A_M_24": "57", "44A_H_24": "52", "44A_Tot_24": "109", "45A_M_24": "68", "45A_H_24": "60", "45A_Tot_24": "128", "46A_M_24": "66", "46A_H_24": "53", "46A_Tot_24": "119", "47A_M_24": "53", "47A_H_24": "63", "47A_Tot_24": "116", "48A_M_24": "63", "48A_H_24": "47", "48A_Tot_24": "110", "49A_M_24": "51", "49A_H_24": "54", "49A_Tot_24": "105", "40a49_M_24": "600", "40a49_H_24": "589", "40a49_T_24": "1189", "50A_M_24": "48", "50A_H_24": "50", "50A_Tot_24": "98", "51A_M_24": "59", "51A_H_24": "46", "51A_Tot_24": "105", "52A_M_24": "59", "52A_H_24": "44", "52A_Tot_24": "103", "53A_M_24": "66", "53A_H_24": "46", "53A_Tot_24": "112", "54A_M_24": "55", "54A_H_24": "51", "54A_Tot_24": "106", "55A_M_24": "62", "55A_H_24": "54", "55A_Tot_24": "116", "56A_M_24": "50", "56A_H_24": "51", "56A_Tot_24": "101", "57A_M_24": "59", "57A_H_24": "55", "57A_Tot_24": "114", "58A_M_24": "48", "58A_H_24": "62", "58A_Tot_24": "110", "59A_M_24": "46", "59A_H_24": "51", "59A_Tot_24": "97", "50a59_M_24": "552", "50a59_H_24": "510", "50a59_T_24": "1062", "60A_M_24": "56", "60A_H_24": "47", "60A_Tot_24": "103", "61A_M_24": "75", "61A_H_24": "58", "61A_Tot_24": "133", "62A_M_24": "65", "62A_H_24": "51", "62A_Tot_24": "116", "63A_M_24": "50", "63A_H_24": "52", "63A_Tot_24": "102", "64A_M_24": "54", "64A_H_24": "51", "64A_Tot_24": "105", "65A_M_24": "63", "65A_H_24": "47", "65A_Tot_24": "110", "66A_M_24": "51", "66A_H_24": "41", "66A_Tot_24": "92", "67A_M_24": "55", "67A_H_24": "32", "67A_Tot_24": "87", "68A_M_24": "61", "68A_H_24": "46", "68A_Tot_24": "107", "69A_M_24": "50", "69A_H_24": "45", "69A_Tot_24": "95", "60a69_M_24": "580", "60a69_H_24": "470", "60a69_T_24": "1050", "70A_M_24": "66", "70A_H_24": "28", "70A_Tot_24": "94", "71A_M_24": "60", "71A_H_24": "38", "71A_Tot_24": "98", "72A_M_24": "41", "72A_H_24": "30", "72A_Tot_24": "71", "73A_M_24": "43", "73A_H_24": "33", "73A_Tot_24": "76", "74A_M_24": "57", "74A_H_24": "25", "74A_Tot_24": "82", "75A_M_24": "42", "75A_H_24": "33", "75A_Tot_24": "75", "76A_M_24": "41", "76A_H_24": "16", "76A_Tot_24": "57", "77A_M_24": "34", "77A_H_24": "26", "77A_Tot_24": "60", "78A_M_24": "38", "78A_H_24": "13", "78A_Tot_24": "51", "79A_M_24": "36", "79A_H_24": "23", "79A_Tot_24": "59", "70a79_M_24": "458", "70a79_H_24": "265", "70a79_T_24": "723", "80A_M_24": "32", "80A_H_24": "17", "80A_Tot_24": "49", "81A_M_24": "28", "81A_H_24": "10", "81A_Tot_24": "38", "82A_M_24": "16", "82A_H_24": "17", "82A_Tot_24": "33", "83A_M_24": "26", "83A_H_24": "8", "83A_Tot_24": "34", "84A_M_24": "22", "84A_H_24": "14", "84A_Tot_24": "36", "85A_M_24": "18", "85A_H_24": "10", "85A_Tot_24": "28", "86A_M_24": "17", "86A_H_24": "7", "86A_Tot_24": "24", "87A_M_24": "11", "87A_H_24": "11", "87A_Tot_24": "22", "88A_M_24": "8", "88A_H_24": "8", "88A_Tot_24": "16", "89A_M_24": "11", "89A_H_24": "5", "89A_Tot_24": "16", "80a89_M_24": "189", "80a89_H_24": "107", "80a89_T_24": "296", "90A_M_24": "3", "90A_H_24": "1", "90A_Tot_24": "4", "91A_M_24": "8", "91A_H_24": "2", "91A_Tot_24": "10", "92A_M_24": "8", "92A_H_24": "0", "92A_Tot_24": "8", "93A_M_24": "6", "93A_H_24": "2", "93A_Tot_24": "8", "94A_M_24": "2", "94A_H_24": "0", "94A_Tot_24": "2", "95A_M_24": "1", "95A_H_24": "3", "95A_Tot_24": "4", "96A_M_24": "2", "96A_H_24": "1", "96A_Tot_24": "3", "97A_M_24": "1", "97A_H_24": "0", "97A_Tot_24": "1", "98A_M_24": "1", "98A_H_24": "0", "98A_Tot_24": "1", "99A_M_24": "2", "99A_H_24": "1", "99A_Tot_24": "3", "90a99_M_24": "35", "90a99_H_24": "11", "90a99_T_24": "46", "100A_M_24": "1", "100A_H_24": "1", "100A_T_24": "2", "POB_MUJ_24": "5791", "POB_HOM_24": "5392", "POB_TOT_24": "11183" }, "geometry": null },
{ "type": "Feature", "properties": { "ID": "13", "DEPTO": "Cochabamba", "COD_DEPTO": 30000, "RED_SALUD": "Punata", "COD_REDSAL": 3004, "MUNICIPIO": "Vacas", "COD_MUNI": 30502, "00A_M_24": "53", "00A_H_24": "41", "00A_Tot_24": "94", "01A_M_24": "56", "01A_H_24": "57", "01A_Tot_24": "113", "02A_M_24": "51", "02A_H_24": "53", "02A_Tot_24": "104", "03A_M_24": "62", "03A_H_24": "66", "03A_Tot_24": "128", "04A_M_24": "53", "04A_H_24": "43", "04A_Tot_24": "96", "0a4A_M_24": "275", "0a4A_H_24": "260", "0a4A_T_24": "535", "05A_M_24": "56", "05A_H_24": "74", "05A_Tot_24": "130", "06A_M_24": "55", "06A_H_24": "72", "06A_Tot_24": "127", "07A_M_24": "61", "07A_H_24": "87", "07A_Tot_24": "148", "08A_M_24": "70", "08A_H_24": "87", "08A_Tot_24": "157", "09A_M_24": "72", "09A_H_24": "64", "09A_Tot_24": "136", "5a9A_M_24": "314", "5a9A_H_24": "384", "5a9A_T_24": "698", "10A_M_24": "81", "10A_H_24": "89", "10A_Tot_24": "170", "11A_M_24": "77", "11A_H_24": "80", "11A_Tot_24": "157", "12A_M_24": "83", "12A_H_24": "79", "12A_Tot_24": "162", "13A_M_24": "81", "13A_H_24": "85", "13A_Tot_24": "166", "14A_M_24": "72", "14A_H_24": "67", "14A_Tot_24": "139", "10a14_M_24": "394", "10a14_H_24": "400", "10a14_T_24": "794", "15A_M_24": "74", "15A_H_24": "63", "15A_Tot_24": "137", "16A_M_24": "73", "16A_H_24": "73", "16A_Tot_24": "146", "17A_M_24": "66", "17A_H_24": "66", "17A_Tot_24": "132", "18A_M_24": "60", "18A_H_24": "57", "18A_Tot_24": "117", "19A_M_24": "70", "19A_H_24": "65", "19A_Tot_24": "135", "15a19_M_24": "343", "15a19_H_24": "324", "15a19_T_24": "667", "20A_M_24": "81", "20A_H_24": "59", "20A_Tot_24": "140", "21A_M_24": "54", "21A_H_24": "59", "21A_Tot_24": "113", "22A_M_24": "62", "22A_H_24": "77", "22A_Tot_24": "139", "23A_M_24": "73", "23A_H_24": "66", "23A_Tot_24": "139", "24A_M_24": "75", "24A_H_24": "60", "24A_Tot_24": "135", "25A_M_24": "65", "25A_H_24": "46", "25A_Tot_24": "111", "26A_M_24": "34", "26A_H_24": "46", "26A_Tot_24": "80", "27A_M_24": "56", "27A_H_24": "52", "27A_Tot_24": "108", "28A_M_24": "52", "28A_H_24": "51", "28A_Tot_24": "103", "29A_M_24": "46", "29A_H_24": "42", "29A_Tot_24": "88", "20a29_M_24": "598", "20a29_H_24": "558", "20a29_T_24": "1156", "30A_M_24": "31", "30A_H_24": "56", "30A_Tot_24": "87", "31A_M_24": "32", "31A_H_24": "56", "31A_Tot_24": "88", "32A_M_24": "31", "32A_H_24": "58", "32A_Tot_24": "89", "33A_M_24": "27", "33A_H_24": "45", "33A_Tot_24": "72", "34A_M_24": "37", "34A_H_24": "46", "34A_Tot_24": "83", "35A_M_24": "39", "35A_H_24": "43", "35A_Tot_24": "82", "36A_M_24": "41", "36A_H_24": "34", "36A_Tot_24": "75", "37A_M_24": "36", "37A_H_24": "36", "37A_Tot_24": "72", "38A_M_24": "47", "38A_H_24": "54", "38A_Tot_24": "101", "39A_M_24": "51", "39A_H_24": "43", "39A_Tot_24": "94", "30a39_M_24": "372", "30a39_H_24": "471", "30a39_T_24": "843", "40A_M_24": "37", "40A_H_24": "44", "40A_Tot_24": "81", "41A_M_24": "34", "41A_H_24": "50", "41A_Tot_24": "84", "42A_M_24": "49", "42A_H_24": "34", "42A_Tot_24": "83", "43A_M_24": "48", "43A_H_24": "41", "43A_Tot_24": "89", "44A_M_24": "35", "44A_H_24": "31", "44A_Tot_24": "66", "45A_M_24": "38", "45A_H_24": "51", "45A_Tot_24": "89", "46A_M_24": "43", "46A_H_24": "39", "46A_Tot_24": "82", "47A_M_24": "41", "47A_H_24": "51", "47A_Tot_24": "92", "48A_M_24": "39", "48A_H_24": "45", "48A_Tot_24": "84", "49A_M_24": "30", "49A_H_24": "41", "49A_Tot_24": "71", "40a49_M_24": "394", "40a49_H_24": "427", "40a49_T_24": "821", "50A_M_24": "50", "50A_H_24": "40", "50A_Tot_24": "90", "51A_M_24": "54", "51A_H_24": "43", "51A_Tot_24": "97", "52A_M_24": "42", "52A_H_24": "28", "52A_Tot_24": "70", "53A_M_24": "53", "53A_H_24": "41", "53A_Tot_24": "94", "54A_M_24": "48", "54A_H_24": "55", "54A_Tot_24": "103", "55A_M_24": "46", "55A_H_24": "43", "55A_Tot_24": "89", "56A_M_24": "56", "56A_H_24": "57", "56A_Tot_24": "113", "57A_M_24": "53", "57A_H_24": "45", "57A_Tot_24": "98", "58A_M_24": "56", "58A_H_24": "49", "58A_Tot_24": "105", "59A_M_24": "60", "59A_H_24": "42", "59A_Tot_24": "102", "50a59_M_24": "518", "50a59_H_24": "443", "50a59_T_24": "961", "60A_M_24": "44", "60A_H_24": "43", "60A_Tot_24": "87", "61A_M_24": "43", "61A_H_24": "35", "61A_Tot_24": "78", "62A_M_24": "56", "62A_H_24": "35", "62A_Tot_24": "91", "63A_M_24": "51", "63A_H_24": "45", "63A_Tot_24": "96", "64A_M_24": "52", "64A_H_24": "37", "64A_Tot_24": "89", "65A_M_24": "50", "65A_H_24": "53", "65A_Tot_24": "103", "66A_M_24": "64", "66A_H_24": "45", "66A_Tot_24": "109", "67A_M_24": "43", "67A_H_24": "27", "67A_Tot_24": "70", "68A_M_24": "46", "68A_H_24": "44", "68A_Tot_24": "90", "69A_M_24": "49", "69A_H_24": "35", "69A_Tot_24": "84", "60a69_M_24": "498", "60a69_H_24": "399", "60a69_T_24": "897", "70A_M_24": "52", "70A_H_24": "36", "70A_Tot_24": "88", "71A_M_24": "46", "71A_H_24": "31", "71A_Tot_24": "77", "72A_M_24": "35", "72A_H_24": "34", "72A_Tot_24": "69", "73A_M_24": "35", "73A_H_24": "38", "73A_Tot_24": "73", "74A_M_24": "43", "74A_H_24": "38", "74A_Tot_24": "81", "75A_M_24": "33", "75A_H_24": "29", "75A_Tot_24": "62", "76A_M_24": "32", "76A_H_24": "24", "76A_Tot_24": "56", "77A_M_24": "33", "77A_H_24": "23", "77A_Tot_24": "56", "78A_M_24": "25", "78A_H_24": "26", "78A_Tot_24": "51", "79A_M_24": "50", "79A_H_24": "19", "79A_Tot_24": "69", "70a79_M_24": "384", "70a79_H_24": "298", "70a79_T_24": "682", "80A_M_24": "32", "80A_H_24": "21", "80A_Tot_24": "53", "81A_M_24": "16", "81A_H_24": "21", "81A_Tot_24": "37", "82A_M_24": "22", "82A_H_24": "14", "82A_Tot_24": "36", "83A_M_24": "17", "83A_H_24": "19", "83A_Tot_24": "36", "84A_M_24": "22", "84A_H_24": "13", "84A_Tot_24": "35", "85A_M_24": "15", "85A_H_24": "12", "85A_Tot_24": "27", "86A_M_24": "11", "86A_H_24": "5", "86A_Tot_24": "16", "87A_M_24": "10", "87A_H_24": "7", "87A_Tot_24": "17", "88A_M_24": "13", "88A_H_24": "5", "88A_Tot_24": "18", "89A_M_24": "9", "89A_H_24": "6", "89A_Tot_24": "15", "80a89_M_24": "167", "80a89_H_24": "123", "80a89_T_24": "290", "90A_M_24": "10", "90A_H_24": "5", "90A_Tot_24": "15", "91A_M_24": "3", "91A_H_24": "5", "91A_Tot_24": "8", "92A_M_24": "4", "92A_H_24": "3", "92A_Tot_24": "7", "93A_M_24": "6", "93A_H_24": "2", "93A_Tot_24": "8", "94A_M_24": "5", "94A_H_24": "4", "94A_Tot_24": "9", "95A_M_24": "4", "95A_H_24": "4", "95A_Tot_24": "8", "96A_M_24": "1", "96A_H_24": "1", "96A_Tot_24": "2", "97A_M_24": "0", "97A_H_24": "1", "97A_Tot_24": "1", "98A_M_24": "3", "98A_H_24": "1", "98A_Tot_24": "4", "99A_M_24": "1", "99A_H_24": "0", "99A_Tot_24": "1", "90a99_M_24": "38", "90a99_H_24": "27", "90a99_T_24": "65", "100A_M_24": "1", "100A_H_24": "1", "100A_T_24": "2", "POB_MUJ_24": "4295", "POB_HOM_24": "4114", "POB_TOT_24": "8409" }, "geometry": null },
{ "type": "Feature", "properties": { "ID": "14", "DEPTO": "Cochabamba", "COD_DEPTO": 30000, "RED_SALUD": "Capinota", "COD_REDSAL": 3009, "MUNICIPIO": "Arque", "COD_MUNI": 30601, "00A_M_24": "105", "00A_H_24": "130", "00A_Tot_24": "235", "01A_M_24": "87", "01A_H_24": "105", "01A_Tot_24": "192", "02A_M_24": "103", "02A_H_24": "116", "02A_Tot_24": "219", "03A_M_24": "121", "03A_H_24": "145", "03A_Tot_24": "266", "04A_M_24": "102", "04A_H_24": "135", "04A_Tot_24": "237", "0a4A_M_24": "518", "0a4A_H_24": "631", "0a4A_T_24": "1149", "05A_M_24": "125", "05A_H_24": "136", "05A_Tot_24": "261", "06A_M_24": "131", "06A_H_24": "149", "06A_Tot_24": "280", "07A_M_24": "122", "07A_H_24": "129", "07A_Tot_24": "251", "08A_M_24": "117", "08A_H_24": "123", "08A_Tot_24": "240", "09A_M_24": "108", "09A_H_24": "117", "09A_Tot_24": "225", "5a9A_M_24": "603", "5a9A_H_24": "654", "5a9A_T_24": "1257", "10A_M_24": "118", "10A_H_24": "150", "10A_Tot_24": "268", "11A_M_24": "117", "11A_H_24": "109", "11A_Tot_24": "226", "12A_M_24": "130", "12A_H_24": "166", "12A_Tot_24": "296", "13A_M_24": "119", "13A_H_24": "116", "13A_Tot_24": "235", "14A_M_24": "106", "14A_H_24": "132", "14A_Tot_24": "238", "10a14_M_24": "590", "10a14_H_24": "673", "10a14_T_24": "1263", "15A_M_24": "99", "15A_H_24": "95", "15A_Tot_24": "194", "16A_M_24": "90", "16A_H_24": "106", "16A_Tot_24": "196", "17A_M_24": "88", "17A_H_24": "94", "17A_Tot_24": "182", "18A_M_24": "99", "18A_H_24": "90", "18A_Tot_24": "189", "19A_M_24": "93", "19A_H_24": "83", "19A_Tot_24": "176", "15a19_M_24": "469", "15a19_H_24": "468", "15a19_T_24": "937", "20A_M_24": "97", "20A_H_24": "88", "20A_Tot_24": "185", "21A_M_24": "84", "21A_H_24": "86", "21A_Tot_24": "170", "22A_M_24": "81", "22A_H_24": "83", "22A_Tot_24": "164", "23A_M_24": "84", "23A_H_24": "117", "23A_Tot_24": "201", "24A_M_24": "111", "24A_H_24": "109", "24A_Tot_24": "220", "25A_M_24": "78", "25A_H_24": "83", "25A_Tot_24": "161", "26A_M_24": "62", "26A_H_24": "82", "26A_Tot_24": "144", "27A_M_24": "61", "27A_H_24": "82", "27A_Tot_24": "143", "28A_M_24": "58", "28A_H_24": "67", "28A_Tot_24": "125", "29A_M_24": "62", "29A_H_24": "79", "29A_Tot_24": "141", "20a29_M_24": "778", "20a29_H_24": "876", "20a29_T_24": "1654", "30A_M_24": "61", "30A_H_24": "79", "30A_Tot_24": "140", "31A_M_24": "40", "31A_H_24": "58", "31A_Tot_24": "98", "32A_M_24": "65", "32A_H_24": "63", "32A_Tot_24": "128", "33A_M_24": "38", "33A_H_24": "55", "33A_Tot_24": "93", "34A_M_24": "45", "34A_H_24": "64", "34A_Tot_24": "109", "35A_M_24": "43", "35A_H_24": "55", "35A_Tot_24": "98", "36A_M_24": "50", "36A_H_24": "76", "36A_Tot_24": "126", "37A_M_24": "40", "37A_H_24": "41", "37A_Tot_24": "81", "38A_M_24": "40", "38A_H_24": "65", "38A_Tot_24": "105", "39A_M_24": "48", "39A_H_24": "53", "39A_Tot_24": "101", "30a39_M_24": "470", "30a39_H_24": "609", "30a39_T_24": "1079", "40A_M_24": "45", "40A_H_24": "51", "40A_Tot_24": "96", "41A_M_24": "50", "41A_H_24": "42", "41A_Tot_24": "92", "42A_M_24": "45", "42A_H_24": "58", "42A_Tot_24": "103", "43A_M_24": "48", "43A_H_24": "63", "43A_Tot_24": "111", "44A_M_24": "57", "44A_H_24": "63", "44A_Tot_24": "120", "45A_M_24": "64", "45A_H_24": "41", "45A_Tot_24": "105", "46A_M_24": "44", "46A_H_24": "52", "46A_Tot_24": "96", "47A_M_24": "36", "47A_H_24": "70", "47A_Tot_24": "106", "48A_M_24": "43", "48A_H_24": "46", "48A_Tot_24": "89", "49A_M_24": "47", "49A_H_24": "56", "49A_Tot_24": "103", "40a49_M_24": "479", "40a49_H_24": "542", "40a49_T_24": "1021", "50A_M_24": "60", "50A_H_24": "66", "50A_Tot_24": "126", "51A_M_24": "44", "51A_H_24": "58", "51A_Tot_24": "102", "52A_M_24": "54", "52A_H_24": "38", "52A_Tot_24": "92", "53A_M_24": "41", "53A_H_24": "49", "53A_Tot_24": "90", "54A_M_24": "36", "54A_H_24": "44", "54A_Tot_24": "80", "55A_M_24": "47", "55A_H_24": "47", "55A_Tot_24": "94", "56A_M_24": "44", "56A_H_24": "48", "56A_Tot_24": "92", "57A_M_24": "44", "57A_H_24": "38", "57A_Tot_24": "82", "58A_M_24": "29", "58A_H_24": "41", "58A_Tot_24": "70", "59A_M_24": "40", "59A_H_24": "54", "59A_Tot_24": "94", "50a59_M_24": "439", "50a59_H_24": "483", "50a59_T_24": "922", "60A_M_24": "33", "60A_H_24": "33", "60A_Tot_24": "66", "61A_M_24": "43", "61A_H_24": "37", "61A_Tot_24": "80", "62A_M_24": "32", "62A_H_24": "27", "62A_Tot_24": "59", "63A_M_24": "44", "63A_H_24": "42", "63A_Tot_24": "86", "64A_M_24": "29", "64A_H_24": "43", "64A_Tot_24": "72", "65A_M_24": "47", "65A_H_24": "43", "65A_Tot_24": "90", "66A_M_24": "34", "66A_H_24": "30", "66A_Tot_24": "64", "67A_M_24": "34", "67A_H_24": "41", "67A_Tot_24": "75", "68A_M_24": "35", "68A_H_24": "33", "68A_Tot_24": "68", "69A_M_24": "32", "69A_H_24": "32", "69A_Tot_24": "64", "60a69_M_24": "363", "60a69_H_24": "361", "60a69_T_24": "724", "70A_M_24": "36", "70A_H_24": "23", "70A_Tot_24": "59", "71A_M_24": "27", "71A_H_24": "20", "71A_Tot_24": "47", "72A_M_24": "20", "72A_H_24": "34", "72A_Tot_24": "54", "73A_M_24": "35", "73A_H_24": "25", "73A_Tot_24": "60", "74A_M_24": "32", "74A_H_24": "30", "74A_Tot_24": "62", "75A_M_24": "23", "75A_H_24": "14", "75A_Tot_24": "37", "76A_M_24": "18", "76A_H_24": "13", "76A_Tot_24": "31", "77A_M_24": "23", "77A_H_24": "9", "77A_Tot_24": "32", "78A_M_24": "16", "78A_H_24": "17", "78A_Tot_24": "33", "79A_M_24": "11", "79A_H_24": "8", "79A_Tot_24": "19", "70a79_M_24": "241", "70a79_H_24": "193", "70a79_T_24": "434", "80A_M_24": "18", "80A_H_24": "7", "80A_Tot_24": "25", "81A_M_24": "13", "81A_H_24": "13", "81A_Tot_24": "26", "82A_M_24": "6", "82A_H_24": "8", "82A_Tot_24": "14", "83A_M_24": "9", "83A_H_24": "10", "83A_Tot_24": "19", "84A_M_24": "8", "84A_H_24": "4", "84A_Tot_24": "12", "85A_M_24": "8", "85A_H_24": "6", "85A_Tot_24": "14", "86A_M_24": "13", "86A_H_24": "2", "86A_Tot_24": "15", "87A_M_24": "9", "87A_H_24": "4", "87A_Tot_24": "13", "88A_M_24": "4", "88A_H_24": "2", "88A_Tot_24": "6", "89A_M_24": "7", "89A_H_24": "2", "89A_Tot_24": "9", "80a89_M_24": "95", "80a89_H_24": "58", "80a89_T_24": "153", "90A_M_24": "4", "90A_H_24": "0", "90A_Tot_24": "4", "91A_M_24": "1", "91A_H_24": "1", "91A_Tot_24": "2", "92A_M_24": "8", "92A_H_24": "2", "92A_Tot_24": "10", "93A_M_24": "4", "93A_H_24": "6", "93A_Tot_24": "10", "94A_M_24": "4", "94A_H_24": "0", "94A_Tot_24": "4", "95A_M_24": "1", "95A_H_24": "0", "95A_Tot_24": "1", "96A_M_24": "1", "96A_H_24": "1", "96A_Tot_24": "2", "97A_M_24": "3", "97A_H_24": "0", "97A_Tot_24": "3", "98A_M_24": "1", "98A_H_24": "0", "98A_Tot_24": "1", "99A_M_24": "1", "99A_H_24": "0", "99A_Tot_24": "1", "90a99_M_24": "28", "90a99_H_24": "11", "90a99_T_24": "39", "100A_M_24": "0", "100A_H_24": "1", "100A_T_24": "1", "POB_MUJ_24": "5073", "POB_HOM_24": "5559", "POB_TOT_24": "10632" }, "geometry": null },
{ "type": "Feature", "properties": { "ID": "15", "DEPTO": "Cochabamba", "COD_DEPTO": 30000, "RED_SALUD": "Capinota", "COD_REDSAL": 3009, "MUNICIPIO": "Tacopaya", "COD_MUNI": 30602, "00A_M_24": "79", "00A_H_24": "41", "00A_Tot_24": "120", "01A_M_24": "70", "01A_H_24": "65", "01A_Tot_24": "135", "02A_M_24": "84", "02A_H_24": "93", "02A_Tot_24": "177", "03A_M_24": "82", "03A_H_24": "104", "03A_Tot_24": "186", "04A_M_24": "109", "04A_H_24": "92", "04A_Tot_24": "201", "0a4A_M_24": "424", "0a4A_H_24": "395", "0a4A_T_24": "819", "05A_M_24": "87", "05A_H_24": "96", "05A_Tot_24": "183", "06A_M_24": "116", "06A_H_24": "121", "06A_Tot_24": "237", "07A_M_24": "118", "07A_H_24": "88", "07A_Tot_24": "206", "08A_M_24": "112", "08A_H_24": "129", "08A_Tot_24": "241", "09A_M_24": "106", "09A_H_24": "127", "09A_Tot_24": "233", "5a9A_M_24": "539", "5a9A_H_24": "561", "5a9A_T_24": "1100", "10A_M_24": "125", "10A_H_24": "109", "10A_Tot_24": "234", "11A_M_24": "95", "11A_H_24": "112", "11A_Tot_24": "207", "12A_M_24": "104", "12A_H_24": "123", "12A_Tot_24": "227", "13A_M_24": "108", "13A_H_24": "125", "13A_Tot_24": "233", "14A_M_24": "80", "14A_H_24": "125", "14A_Tot_24": "205", "10a14_M_24": "512", "10a14_H_24": "594", "10a14_T_24": "1106", "15A_M_24": "99", "15A_H_24": "117", "15A_Tot_24": "216", "16A_M_24": "98", "16A_H_24": "110", "16A_Tot_24": "208", "17A_M_24": "74", "17A_H_24": "97", "17A_Tot_24": "171", "18A_M_24": "85", "18A_H_24": "91", "18A_Tot_24": "176", "19A_M_24": "86", "19A_H_24": "80", "19A_Tot_24": "166", "15a19_M_24": "442", "15a19_H_24": "495", "15a19_T_24": "937", "20A_M_24": "77", "20A_H_24": "104", "20A_Tot_24": "181", "21A_M_24": "90", "21A_H_24": "92", "21A_Tot_24": "182", "22A_M_24": "80", "22A_H_24": "85", "22A_Tot_24": "165", "23A_M_24": "79", "23A_H_24": "127", "23A_Tot_24": "206", "24A_M_24": "83", "24A_H_24": "99", "24A_Tot_24": "182", "25A_M_24": "58", "25A_H_24": "99", "25A_Tot_24": "157", "26A_M_24": "71", "26A_H_24": "78", "26A_Tot_24": "149", "27A_M_24": "72", "27A_H_24": "76", "27A_Tot_24": "148", "28A_M_24": "60", "28A_H_24": "99", "28A_Tot_24": "159", "29A_M_24": "57", "29A_H_24": "77", "29A_Tot_24": "134", "20a29_M_24": "727", "20a29_H_24": "936", "20a29_T_24": "1663", "30A_M_24": "49", "30A_H_24": "73", "30A_Tot_24": "122", "31A_M_24": "53", "31A_H_24": "83", "31A_Tot_24": "136", "32A_M_24": "32", "32A_H_24": "66", "32A_Tot_24": "98", "33A_M_24": "34", "33A_H_24": "61", "33A_Tot_24": "95", "34A_M_24": "42", "34A_H_24": "79", "34A_Tot_24": "121", "35A_M_24": "46", "35A_H_24": "75", "35A_Tot_24": "121", "36A_M_24": "51", "36A_H_24": "68", "36A_Tot_24": "119", "37A_M_24": "46", "37A_H_24": "47", "37A_Tot_24": "93", "38A_M_24": "51", "38A_H_24": "66", "38A_Tot_24": "117", "39A_M_24": "42", "39A_H_24": "56", "39A_Tot_24": "98", "30a39_M_24": "446", "30a39_H_24": "674", "30a39_T_24": "1120", "40A_M_24": "37", "40A_H_24": "71", "40A_Tot_24": "108", "41A_M_24": "52", "41A_H_24": "71", "41A_Tot_24": "123", "42A_M_24": "43", "42A_H_24": "73", "42A_Tot_24": "116", "43A_M_24": "52", "43A_H_24": "67", "43A_Tot_24": "119", "44A_M_24": "62", "44A_H_24": "68", "44A_Tot_24": "130", "45A_M_24": "51", "45A_H_24": "60", "45A_Tot_24": "111", "46A_M_24": "55", "46A_H_24": "52", "46A_Tot_24": "107", "47A_M_24": "46", "47A_H_24": "60", "47A_Tot_24": "106", "48A_M_24": "50", "48A_H_24": "61", "48A_Tot_24": "111", "49A_M_24": "53", "49A_H_24": "61", "49A_Tot_24": "114", "40a49_M_24": "501", "40a49_H_24": "644", "40a49_T_24": "1145", "50A_M_24": "38", "50A_H_24": "55", "50A_Tot_24": "93", "51A_M_24": "46", "51A_H_24": "52", "51A_Tot_24": "98", "52A_M_24": "54", "52A_H_24": "52", "52A_Tot_24": "106", "53A_M_24": "52", "53A_H_24": "57", "53A_Tot_24": "109", "54A_M_24": "52", "54A_H_24": "45", "54A_Tot_24": "97", "55A_M_24": "54", "55A_H_24": "57", "55A_Tot_24": "111", "56A_M_24": "45", "56A_H_24": "58", "56A_Tot_24": "103", "57A_M_24": "53", "57A_H_24": "58", "57A_Tot_24": "111", "58A_M_24": "49", "58A_H_24": "57", "58A_Tot_24": "106", "59A_M_24": "75", "59A_H_24": "52", "59A_Tot_24": "127", "50a59_M_24": "518", "50a59_H_24": "543", "50a59_T_24": "1061", "60A_M_24": "40", "60A_H_24": "61", "60A_Tot_24": "101", "61A_M_24": "43", "61A_H_24": "62", "61A_Tot_24": "105", "62A_M_24": "36", "62A_H_24": "44", "62A_Tot_24": "80", "63A_M_24": "52", "63A_H_24": "44", "63A_Tot_24": "96", "64A_M_24": "60", "64A_H_24": "52", "64A_Tot_24": "112", "65A_M_24": "60", "65A_H_24": "51", "65A_Tot_24": "111", "66A_M_24": "49", "66A_H_24": "42", "66A_Tot_24": "91", "67A_M_24": "44", "67A_H_24": "51", "67A_Tot_24": "95", "68A_M_24": "36", "68A_H_24": "37", "68A_Tot_24": "73", "69A_M_24": "36", "69A_H_24": "38", "69A_Tot_24": "74", "60a69_M_24": "456", "60a69_H_24": "482", "60a69_T_24": "938", "70A_M_24": "39", "70A_H_24": "28", "70A_Tot_24": "67", "71A_M_24": "30", "71A_H_24": "37", "71A_Tot_24": "67", "72A_M_24": "36", "72A_H_24": "30", "72A_Tot_24": "66", "73A_M_24": "30", "73A_H_24": "37", "73A_Tot_24": "67", "74A_M_24": "42", "74A_H_24": "31", "74A_Tot_24": "73", "75A_M_24": "28", "75A_H_24": "35", "75A_Tot_24": "63", "76A_M_24": "33", "76A_H_24": "19", "76A_Tot_24": "52", "77A_M_24": "26", "77A_H_24": "26", "77A_Tot_24": "52", "78A_M_24": "28", "78A_H_24": "26", "78A_Tot_24": "54", "79A_M_24": "31", "79A_H_24": "13", "79A_Tot_24": "44", "70a79_M_24": "323", "70a79_H_24": "282", "70a79_T_24": "605", "80A_M_24": "17", "80A_H_24": "25", "80A_Tot_24": "42", "81A_M_24": "12", "81A_H_24": "13", "81A_Tot_24": "25", "82A_M_24": "11", "82A_H_24": "17", "82A_Tot_24": "28", "83A_M_24": "16", "83A_H_24": "12", "83A_Tot_24": "28", "84A_M_24": "9", "84A_H_24": "14", "84A_Tot_24": "23", "85A_M_24": "7", "85A_H_24": "9", "85A_Tot_24": "16", "86A_M_24": "13", "86A_H_24": "4", "86A_Tot_24": "17", "87A_M_24": "9", "87A_H_24": "2", "87A_Tot_24": "11", "88A_M_24": "2", "88A_H_24": "5", "88A_Tot_24": "7", "89A_M_24": "6", "89A_H_24": "4", "89A_Tot_24": "10", "80a89_M_24": "102", "80a89_H_24": "105", "80a89_T_24": "207", "90A_M_24": "4", "90A_H_24": "1", "90A_Tot_24": "5", "91A_M_24": "10", "91A_H_24": "2", "91A_Tot_24": "12", "92A_M_24": "8", "92A_H_24": "4", "92A_Tot_24": "12", "93A_M_24": "8", "93A_H_24": "1", "93A_Tot_24": "9", "94A_M_24": "0", "94A_H_24": "2", "94A_Tot_24": "2", "95A_M_24": "0", "95A_H_24": "1", "95A_Tot_24": "1", "96A_M_24": "0", "96A_H_24": "1", "96A_Tot_24": "1", "97A_M_24": "0", "97A_H_24": "0", "97A_Tot_24": "0", "98A_M_24": "1", "98A_H_24": "1", "98A_Tot_24": "2", "99A_M_24": "1", "99A_H_24": "1", "99A_Tot_24": "2", "90a99_M_24": "34", "90a99_H_24": "15", "90a99_T_24": "49", "100A_M_24": "2", "100A_H_24": "1", "100A_T_24": "3", "POB_MUJ_24": "5024", "POB_HOM_24": "5726", "POB_TOT_24": "10750" }, "geometry": null },
{ "type": "Feature", "properties": { "ID": "16", "DEPTO": "Cochabamba", "COD_DEPTO": 30000, "RED_SALUD": "Capinota", "COD_REDSAL": 3009, "MUNICIPIO": "Capinota", "COD_MUNI": 30701, "00A_M_24": "155", "00A_H_24": "135", "00A_Tot_24": "290", "01A_M_24": "142", "01A_H_24": "132", "01A_Tot_24": "274", "02A_M_24": "166", "02A_H_24": "141", "02A_Tot_24": "307", "03A_M_24": "170", "03A_H_24": "151", "03A_Tot_24": "321", "04A_M_24": "176", "04A_H_24": "182", "04A_Tot_24": "358", "0a4A_M_24": "809", "0a4A_H_24": "741", "0a4A_T_24": "1550", "05A_M_24": "161", "05A_H_24": "179", "05A_Tot_24": "340", "06A_M_24": "188", "06A_H_24": "211", "06A_Tot_24": "399", "07A_M_24": "183", "07A_H_24": "206", "07A_Tot_24": "389", "08A_M_24": "224", "08A_H_24": "205", "08A_Tot_24": "429", "09A_M_24": "203", "09A_H_24": "158", "09A_Tot_24": "361", "5a9A_M_24": "959", "5a9A_H_24": "959", "5a9A_T_24": "1918", "10A_M_24": "199", "10A_H_24": "209", "10A_Tot_24": "408", "11A_M_24": "179", "11A_H_24": "211", "11A_Tot_24": "390", "12A_M_24": "219", "12A_H_24": "191", "12A_Tot_24": "410", "13A_M_24": "233", "13A_H_24": "236", "13A_Tot_24": "469", "14A_M_24": "200", "14A_H_24": "195", "14A_Tot_24": "395", "10a14_M_24": "1030", "10a14_H_24": "1042", "10a14_T_24": "2072", "15A_M_24": "197", "15A_H_24": "224", "15A_Tot_24": "421", "16A_M_24": "202", "16A_H_24": "205", "16A_Tot_24": "407", "17A_M_24": "198", "17A_H_24": "191", "17A_Tot_24": "389", "18A_M_24": "168", "18A_H_24": "143", "18A_Tot_24": "311", "19A_M_24": "180", "19A_H_24": "137", "19A_Tot_24": "317", "15a19_M_24": "945", "15a19_H_24": "900", "15a19_T_24": "1845", "20A_M_24": "141", "20A_H_24": "149", "20A_Tot_24": "290", "21A_M_24": "146", "21A_H_24": "138", "21A_Tot_24": "284", "22A_M_24": "137", "22A_H_24": "149", "22A_Tot_24": "286", "23A_M_24": "185", "23A_H_24": "146", "23A_Tot_24": "331", "24A_M_24": "168", "24A_H_24": "156", "24A_Tot_24": "324", "25A_M_24": "162", "25A_H_24": "163", "25A_Tot_24": "325", "26A_M_24": "160", "26A_H_24": "133", "26A_Tot_24": "293", "27A_M_24": "156", "27A_H_24": "144", "27A_Tot_24": "300", "28A_M_24": "131", "28A_H_24": "129", "28A_Tot_24": "260", "29A_M_24": "153", "29A_H_24": "131", "29A_Tot_24": "284", "20a29_M_24": "1539", "20a29_H_24": "1438", "20a29_T_24": "2977", "30A_M_24": "135", "30A_H_24": "144", "30A_Tot_24": "279", "31A_M_24": "150", "31A_H_24": "128", "31A_Tot_24": "278", "32A_M_24": "119", "32A_H_24": "116", "32A_Tot_24": "235", "33A_M_24": "151", "33A_H_24": "129", "33A_Tot_24": "280", "34A_M_24": "148", "34A_H_24": "125", "34A_Tot_24": "273", "35A_M_24": "139", "35A_H_24": "113", "35A_Tot_24": "252", "36A_M_24": "128", "36A_H_24": "137", "36A_Tot_24": "265", "37A_M_24": "114", "37A_H_24": "131", "37A_Tot_24": "245", "38A_M_24": "119", "38A_H_24": "109", "38A_Tot_24": "228", "39A_M_24": "108", "39A_H_24": "122", "39A_Tot_24": "230", "30a39_M_24": "1311", "30a39_H_24": "1254", "30a39_T_24": "2565", "40A_M_24": "118", "40A_H_24": "88", "40A_Tot_24": "206", "41A_M_24": "119", "41A_H_24": "116", "41A_Tot_24": "235", "42A_M_24": "113", "42A_H_24": "110", "42A_Tot_24": "223", "43A_M_24": "132", "43A_H_24": "111", "43A_Tot_24": "243", "44A_M_24": "93", "44A_H_24": "114", "44A_Tot_24": "207", "45A_M_24": "92", "45A_H_24": "99", "45A_Tot_24": "191", "46A_M_24": "115", "46A_H_24": "104", "46A_Tot_24": "219", "47A_M_24": "90", "47A_H_24": "110", "47A_Tot_24": "200", "48A_M_24": "105", "48A_H_24": "70", "48A_Tot_24": "175", "49A_M_24": "102", "49A_H_24": "75", "49A_Tot_24": "177", "40a49_M_24": "1079", "40a49_H_24": "997", "40a49_T_24": "2076", "50A_M_24": "103", "50A_H_24": "76", "50A_Tot_24": "179", "51A_M_24": "97", "51A_H_24": "86", "51A_Tot_24": "183", "52A_M_24": "85", "52A_H_24": "71", "52A_Tot_24": "156", "53A_M_24": "86", "53A_H_24": "92", "53A_Tot_24": "178", "54A_M_24": "76", "54A_H_24": "107", "54A_Tot_24": "183", "55A_M_24": "83", "55A_H_24": "68", "55A_Tot_24": "151", "56A_M_24": "66", "56A_H_24": "72", "56A_Tot_24": "138", "57A_M_24": "87", "57A_H_24": "88", "57A_Tot_24": "175", "58A_M_24": "83", "58A_H_24": "81", "58A_Tot_24": "164", "59A_M_24": "85", "59A_H_24": "72", "59A_Tot_24": "157", "50a59_M_24": "851", "50a59_H_24": "813", "50a59_T_24": "1664", "60A_M_24": "98", "60A_H_24": "66", "60A_Tot_24": "164", "61A_M_24": "76", "61A_H_24": "50", "61A_Tot_24": "126", "62A_M_24": "63", "62A_H_24": "45", "62A_Tot_24": "108", "63A_M_24": "92", "63A_H_24": "89", "63A_Tot_24": "181", "64A_M_24": "80", "64A_H_24": "78", "64A_Tot_24": "158", "65A_M_24": "92", "65A_H_24": "81", "65A_Tot_24": "173", "66A_M_24": "74", "66A_H_24": "67", "66A_Tot_24": "141", "67A_M_24": "56", "67A_H_24": "50", "67A_Tot_24": "106", "68A_M_24": "80", "68A_H_24": "58", "68A_Tot_24": "138", "69A_M_24": "64", "69A_H_24": "49", "69A_Tot_24": "113", "60a69_M_24": "775", "60a69_H_24": "633", "60a69_T_24": "1408", "70A_M_24": "62", "70A_H_24": "56", "70A_Tot_24": "118", "71A_M_24": "42", "71A_H_24": "42", "71A_Tot_24": "84", "72A_M_24": "48", "72A_H_24": "41", "72A_Tot_24": "89", "73A_M_24": "58", "73A_H_24": "48", "73A_Tot_24": "106", "74A_M_24": "64", "74A_H_24": "58", "74A_Tot_24": "122", "75A_M_24": "50", "75A_H_24": "46", "75A_Tot_24": "96", "76A_M_24": "41", "76A_H_24": "25", "76A_Tot_24": "66", "77A_M_24": "49", "77A_H_24": "35", "77A_Tot_24": "84", "78A_M_24": "55", "78A_H_24": "42", "78A_Tot_24": "97", "79A_M_24": "36", "79A_H_24": "27", "79A_Tot_24": "63", "70a79_M_24": "505", "70a79_H_24": "420", "70a79_T_24": "925", "80A_M_24": "41", "80A_H_24": "18", "80A_Tot_24": "59", "81A_M_24": "31", "81A_H_24": "25", "81A_Tot_24": "56", "82A_M_24": "23", "82A_H_24": "21", "82A_Tot_24": "44", "83A_M_24": "20", "83A_H_24": "26", "83A_Tot_24": "46", "84A_M_24": "22", "84A_H_24": "21", "84A_Tot_24": "43", "85A_M_24": "22", "85A_H_24": "12", "85A_Tot_24": "34", "86A_M_24": "15", "86A_H_24": "7", "86A_Tot_24": "22", "87A_M_24": "13", "87A_H_24": "5", "87A_Tot_24": "18", "88A_M_24": "9", "88A_H_24": "4", "88A_Tot_24": "13", "89A_M_24": "11", "89A_H_24": "1", "89A_Tot_24": "12", "80a89_M_24": "207", "80a89_H_24": "140", "80a89_T_24": "347", "90A_M_24": "8", "90A_H_24": "5", "90A_Tot_24": "13", "91A_M_24": "6", "91A_H_24": "6", "91A_Tot_24": "12", "92A_M_24": "8", "92A_H_24": "5", "92A_Tot_24": "13", "93A_M_24": "7", "93A_H_24": "3", "93A_Tot_24": "10", "94A_M_24": "7", "94A_H_24": "3", "94A_Tot_24": "10", "95A_M_24": "7", "95A_H_24": "2", "95A_Tot_24": "9", "96A_M_24": "1", "96A_H_24": "1", "96A_Tot_24": "2", "97A_M_24": "3", "97A_H_24": "0", "97A_Tot_24": "3", "98A_M_24": "1", "98A_H_24": "1", "98A_Tot_24": "2", "99A_M_24": "1", "99A_H_24": "1", "99A_Tot_24": "2", "90a99_M_24": "52", "90a99_H_24": "28", "90a99_T_24": "80", "100A_M_24": "3", "100A_H_24": "1", "100A_T_24": "4", "POB_MUJ_24": "10062", "POB_HOM_24": "9365", "POB_TOT_24": "19427" }, "geometry": null },
{ "type": "Feature", "properties": { "ID": "17", "DEPTO": "Cochabamba", "COD_DEPTO": 30000, "RED_SALUD": "Capinota", "COD_REDSAL": 3009, "MUNICIPIO": "Santibañez", "COD_MUNI": 30702, "00A_M_24": "54", "00A_H_24": "43", "00A_Tot_24": "97", "01A_M_24": "53", "01A_H_24": "58", "01A_Tot_24": "111", "02A_M_24": "52", "02A_H_24": "66", "02A_Tot_24": "118", "03A_M_24": "59", "03A_H_24": "46", "03A_Tot_24": "105", "04A_M_24": "72", "04A_H_24": "64", "04A_Tot_24": "136", "0a4A_M_24": "290", "0a4A_H_24": "277", "0a4A_T_24": "567", "05A_M_24": "68", "05A_H_24": "77", "05A_Tot_24": "145", "06A_M_24": "69", "06A_H_24": "70", "06A_Tot_24": "139", "07A_M_24": "79", "07A_H_24": "68", "07A_Tot_24": "147", "08A_M_24": "77", "08A_H_24": "78", "08A_Tot_24": "155", "09A_M_24": "72", "09A_H_24": "72", "09A_Tot_24": "144", "5a9A_M_24": "365", "5a9A_H_24": "365", "5a9A_T_24": "730", "10A_M_24": "73", "10A_H_24": "79", "10A_Tot_24": "152", "11A_M_24": "63", "11A_H_24": "65", "11A_Tot_24": "128", "12A_M_24": "64", "12A_H_24": "75", "12A_Tot_24": "139", "13A_M_24": "53", "13A_H_24": "71", "13A_Tot_24": "124", "14A_M_24": "72", "14A_H_24": "60", "14A_Tot_24": "132", "10a14_M_24": "325", "10a14_H_24": "350", "10a14_T_24": "675", "15A_M_24": "54", "15A_H_24": "58", "15A_Tot_24": "112", "16A_M_24": "61", "16A_H_24": "53", "16A_Tot_24": "114", "17A_M_24": "44", "17A_H_24": "64", "17A_Tot_24": "108", "18A_M_24": "56", "18A_H_24": "109", "18A_Tot_24": "165", "19A_M_24": "49", "19A_H_24": "83", "19A_Tot_24": "132", "15a19_M_24": "264", "15a19_H_24": "367", "15a19_T_24": "631", "20A_M_24": "58", "20A_H_24": "85", "20A_Tot_24": "143", "21A_M_24": "47", "21A_H_24": "42", "21A_Tot_24": "89", "22A_M_24": "66", "22A_H_24": "69", "22A_Tot_24": "135", "23A_M_24": "61", "23A_H_24": "67", "23A_Tot_24": "128", "24A_M_24": "51", "24A_H_24": "55", "24A_Tot_24": "106", "25A_M_24": "62", "25A_H_24": "57", "25A_Tot_24": "119", "26A_M_24": "56", "26A_H_24": "56", "26A_Tot_24": "112", "27A_M_24": "63", "27A_H_24": "65", "27A_Tot_24": "128", "28A_M_24": "55", "28A_H_24": "57", "28A_Tot_24": "112", "29A_M_24": "53", "29A_H_24": "59", "29A_Tot_24": "112", "20a29_M_24": "572", "20a29_H_24": "612", "20a29_T_24": "1184", "30A_M_24": "63", "30A_H_24": "65", "30A_Tot_24": "128", "31A_M_24": "58", "31A_H_24": "46", "31A_Tot_24": "104", "32A_M_24": "70", "32A_H_24": "68", "32A_Tot_24": "138", "33A_M_24": "64", "33A_H_24": "57", "33A_Tot_24": "121", "34A_M_24": "60", "34A_H_24": "64", "34A_Tot_24": "124", "35A_M_24": "44", "35A_H_24": "55", "35A_Tot_24": "99", "36A_M_24": "50", "36A_H_24": "61", "36A_Tot_24": "111", "37A_M_24": "38", "37A_H_24": "65", "37A_Tot_24": "103", "38A_M_24": "56", "38A_H_24": "48", "38A_Tot_24": "104", "39A_M_24": "47", "39A_H_24": "55", "39A_Tot_24": "102", "30a39_M_24": "550", "30a39_H_24": "584", "30a39_T_24": "1134", "40A_M_24": "48", "40A_H_24": "35", "40A_Tot_24": "83", "41A_M_24": "46", "41A_H_24": "44", "41A_Tot_24": "90", "42A_M_24": "42", "42A_H_24": "55", "42A_Tot_24": "97", "43A_M_24": "51", "43A_H_24": "43", "43A_Tot_24": "94", "44A_M_24": "42", "44A_H_24": "39", "44A_Tot_24": "81", "45A_M_24": "50", "45A_H_24": "39", "45A_Tot_24": "89", "46A_M_24": "37", "46A_H_24": "33", "46A_Tot_24": "70", "47A_M_24": "36", "47A_H_24": "46", "47A_Tot_24": "82", "48A_M_24": "38", "48A_H_24": "38", "48A_Tot_24": "76", "49A_M_24": "30", "49A_H_24": "40", "49A_Tot_24": "70", "40a49_M_24": "420", "40a49_H_24": "412", "40a49_T_24": "832", "50A_M_24": "24", "50A_H_24": "28", "50A_Tot_24": "52", "51A_M_24": "23", "51A_H_24": "42", "51A_Tot_24": "65", "52A_M_24": "31", "52A_H_24": "35", "52A_Tot_24": "66", "53A_M_24": "34", "53A_H_24": "34", "53A_Tot_24": "68", "54A_M_24": "40", "54A_H_24": "32", "54A_Tot_24": "72", "55A_M_24": "44", "55A_H_24": "29", "55A_Tot_24": "73", "56A_M_24": "38", "56A_H_24": "36", "56A_Tot_24": "74", "57A_M_24": "43", "57A_H_24": "34", "57A_Tot_24": "77", "58A_M_24": "31", "58A_H_24": "35", "58A_Tot_24": "66", "59A_M_24": "31", "59A_H_24": "32", "59A_Tot_24": "63", "50a59_M_24": "339", "50a59_H_24": "337", "50a59_T_24": "676", "60A_M_24": "47", "60A_H_24": "40", "60A_Tot_24": "87", "61A_M_24": "45", "61A_H_24": "32", "61A_Tot_24": "77", "62A_M_24": "33", "62A_H_24": "31", "62A_Tot_24": "64", "63A_M_24": "38", "63A_H_24": "34", "63A_Tot_24": "72", "64A_M_24": "43", "64A_H_24": "36", "64A_Tot_24": "79", "65A_M_24": "32", "65A_H_24": "46", "65A_Tot_24": "78", "66A_M_24": "44", "66A_H_24": "34", "66A_Tot_24": "78", "67A_M_24": "37", "67A_H_24": "34", "67A_Tot_24": "71", "68A_M_24": "45", "68A_H_24": "22", "68A_Tot_24": "67", "69A_M_24": "38", "69A_H_24": "29", "69A_Tot_24": "67", "60a69_M_24": "402", "60a69_H_24": "338", "60a69_T_24": "740", "70A_M_24": "32", "70A_H_24": "28", "70A_Tot_24": "60", "71A_M_24": "28", "71A_H_24": "33", "71A_Tot_24": "61", "72A_M_24": "26", "72A_H_24": "19", "72A_Tot_24": "45", "73A_M_24": "30", "73A_H_24": "34", "73A_Tot_24": "64", "74A_M_24": "34", "74A_H_24": "26", "74A_Tot_24": "60", "75A_M_24": "35", "75A_H_24": "34", "75A_Tot_24": "69", "76A_M_24": "32", "76A_H_24": "25", "76A_Tot_24": "57", "77A_M_24": "25", "77A_H_24": "15", "77A_Tot_24": "40", "78A_M_24": "21", "78A_H_24": "16", "78A_Tot_24": "37", "79A_M_24": "26", "79A_H_24": "13", "79A_Tot_24": "39", "70a79_M_24": "289", "70a79_H_24": "243", "70a79_T_24": "532", "80A_M_24": "17", "80A_H_24": "11", "80A_Tot_24": "28", "81A_M_24": "16", "81A_H_24": "9", "81A_Tot_24": "25", "82A_M_24": "14", "82A_H_24": "7", "82A_Tot_24": "21", "83A_M_24": "22", "83A_H_24": "8", "83A_Tot_24": "30", "84A_M_24": "17", "84A_H_24": "9", "84A_Tot_24": "26", "85A_M_24": "9", "85A_H_24": "9", "85A_Tot_24": "18", "86A_M_24": "13", "86A_H_24": "5", "86A_Tot_24": "18", "87A_M_24": "10", "87A_H_24": "4", "87A_Tot_24": "14", "88A_M_24": "6", "88A_H_24": "1", "88A_Tot_24": "7", "89A_M_24": "6", "89A_H_24": "3", "89A_Tot_24": "9", "80a89_M_24": "130", "80a89_H_24": "66", "80a89_T_24": "196", "90A_M_24": "6", "90A_H_24": "6", "90A_Tot_24": "12", "91A_M_24": "3", "91A_H_24": "1", "91A_Tot_24": "4", "92A_M_24": "1", "92A_H_24": "1", "92A_Tot_24": "2", "93A_M_24": "5", "93A_H_24": "1", "93A_Tot_24": "6", "94A_M_24": "4", "94A_H_24": "0", "94A_Tot_24": "4", "95A_M_24": "3", "95A_H_24": "2", "95A_Tot_24": "5", "96A_M_24": "0", "96A_H_24": "1", "96A_Tot_24": "1", "97A_M_24": "1", "97A_H_24": "1", "97A_Tot_24": "2", "98A_M_24": "2", "98A_H_24": "0", "98A_Tot_24": "2", "99A_M_24": "1", "99A_H_24": "2", "99A_Tot_24": "3", "90a99_M_24": "28", "90a99_H_24": "15", "90a99_T_24": "43", "100A_M_24": "2", "100A_H_24": "0", "100A_T_24": "2", "POB_MUJ_24": "3974", "POB_HOM_24": "3966", "POB_TOT_24": "7940" }, "geometry": null },
{ "type": "Feature", "properties": { "ID": "18", "DEPTO": "Cochabamba", "COD_DEPTO": 30000, "RED_SALUD": "Capinota", "COD_REDSAL": 3009, "MUNICIPIO": "Sicaya", "COD_MUNI": 30703, "00A_M_24": "35", "00A_H_24": "30", "00A_Tot_24": "65", "01A_M_24": "35", "01A_H_24": "38", "01A_Tot_24": "73", "02A_M_24": "27", "02A_H_24": "26", "02A_Tot_24": "53", "03A_M_24": "29", "03A_H_24": "44", "03A_Tot_24": "73", "04A_M_24": "36", "04A_H_24": "36", "04A_Tot_24": "72", "0a4A_M_24": "162", "0a4A_H_24": "174", "0a4A_T_24": "336", "05A_M_24": "37", "05A_H_24": "43", "05A_Tot_24": "80", "06A_M_24": "36", "06A_H_24": "32", "06A_Tot_24": "68", "07A_M_24": "36", "07A_H_24": "49", "07A_Tot_24": "85", "08A_M_24": "47", "08A_H_24": "43", "08A_Tot_24": "90", "09A_M_24": "45", "09A_H_24": "47", "09A_Tot_24": "92", "5a9A_M_24": "201", "5a9A_H_24": "214", "5a9A_T_24": "415", "10A_M_24": "51", "10A_H_24": "43", "10A_Tot_24": "94", "11A_M_24": "45", "11A_H_24": "39", "11A_Tot_24": "84", "12A_M_24": "46", "12A_H_24": "52", "12A_Tot_24": "98", "13A_M_24": "46", "13A_H_24": "70", "13A_Tot_24": "116", "14A_M_24": "24", "14A_H_24": "45", "14A_Tot_24": "69", "10a14_M_24": "212", "10a14_H_24": "249", "10a14_T_24": "461", "15A_M_24": "35", "15A_H_24": "38", "15A_Tot_24": "73", "16A_M_24": "38", "16A_H_24": "43", "16A_Tot_24": "81", "17A_M_24": "36", "17A_H_24": "39", "17A_Tot_24": "75", "18A_M_24": "32", "18A_H_24": "34", "18A_Tot_24": "66", "19A_M_24": "29", "19A_H_24": "40", "19A_Tot_24": "69", "15a19_M_24": "170", "15a19_H_24": "194", "15a19_T_24": "364", "20A_M_24": "30", "20A_H_24": "29", "20A_Tot_24": "59", "21A_M_24": "31", "21A_H_24": "30", "21A_Tot_24": "61", "22A_M_24": "30", "22A_H_24": "30", "22A_Tot_24": "60", "23A_M_24": "46", "23A_H_24": "37", "23A_Tot_24": "83", "24A_M_24": "28", "24A_H_24": "48", "24A_Tot_24": "76", "25A_M_24": "29", "25A_H_24": "33", "25A_Tot_24": "62", "26A_M_24": "20", "26A_H_24": "33", "26A_Tot_24": "53", "27A_M_24": "31", "27A_H_24": "38", "27A_Tot_24": "69", "28A_M_24": "32", "28A_H_24": "26", "28A_Tot_24": "58", "29A_M_24": "35", "29A_H_24": "28", "29A_Tot_24": "63", "20a29_M_24": "312", "20a29_H_24": "332", "20a29_T_24": "644", "30A_M_24": "36", "30A_H_24": "28", "30A_Tot_24": "64", "31A_M_24": "25", "31A_H_24": "23", "31A_Tot_24": "48", "32A_M_24": "34", "32A_H_24": "33", "32A_Tot_24": "67", "33A_M_24": "30", "33A_H_24": "28", "33A_Tot_24": "58", "34A_M_24": "21", "34A_H_24": "41", "34A_Tot_24": "62", "35A_M_24": "27", "35A_H_24": "21", "35A_Tot_24": "48", "36A_M_24": "16", "36A_H_24": "23", "36A_Tot_24": "39", "37A_M_24": "18", "37A_H_24": "34", "37A_Tot_24": "52", "38A_M_24": "26", "38A_H_24": "30", "38A_Tot_24": "56", "39A_M_24": "21", "39A_H_24": "31", "39A_Tot_24": "52", "30a39_M_24": "254", "30a39_H_24": "292", "30a39_T_24": "546", "40A_M_24": "21", "40A_H_24": "32", "40A_Tot_24": "53", "41A_M_24": "17", "41A_H_24": "24", "41A_Tot_24": "41", "42A_M_24": "19", "42A_H_24": "22", "42A_Tot_24": "41", "43A_M_24": "20", "43A_H_24": "17", "43A_Tot_24": "37", "44A_M_24": "20", "44A_H_24": "18", "44A_Tot_24": "38", "45A_M_24": "21", "45A_H_24": "22", "45A_Tot_24": "43", "46A_M_24": "15", "46A_H_24": "23", "46A_Tot_24": "38", "47A_M_24": "15", "47A_H_24": "15", "47A_Tot_24": "30", "48A_M_24": "21", "48A_H_24": "21", "48A_Tot_24": "42", "49A_M_24": "15", "49A_H_24": "16", "49A_Tot_24": "31", "40a49_M_24": "184", "40a49_H_24": "210", "40a49_T_24": "394", "50A_M_24": "18", "50A_H_24": "17", "50A_Tot_24": "35", "51A_M_24": "12", "51A_H_24": "24", "51A_Tot_24": "36", "52A_M_24": "15", "52A_H_24": "18", "52A_Tot_24": "33", "53A_M_24": "16", "53A_H_24": "14", "53A_Tot_24": "30", "54A_M_24": "16", "54A_H_24": "20", "54A_Tot_24": "36", "55A_M_24": "15", "55A_H_24": "16", "55A_Tot_24": "31", "56A_M_24": "16", "56A_H_24": "15", "56A_Tot_24": "31", "57A_M_24": "21", "57A_H_24": "17", "57A_Tot_24": "38", "58A_M_24": "16", "58A_H_24": "13", "58A_Tot_24": "29", "59A_M_24": "19", "59A_H_24": "19", "59A_Tot_24": "38", "50a59_M_24": "164", "50a59_H_24": "173", "50a59_T_24": "337", "60A_M_24": "15", "60A_H_24": "15", "60A_Tot_24": "30", "61A_M_24": "19", "61A_H_24": "17", "61A_Tot_24": "36", "62A_M_24": "12", "62A_H_24": "18", "62A_Tot_24": "30", "63A_M_24": "13", "63A_H_24": "17", "63A_Tot_24": "30", "64A_M_24": "10", "64A_H_24": "8", "64A_Tot_24": "18", "65A_M_24": "13", "65A_H_24": "10", "65A_Tot_24": "23", "66A_M_24": "14", "66A_H_24": "17", "66A_Tot_24": "31", "67A_M_24": "7", "67A_H_24": "12", "67A_Tot_24": "19", "68A_M_24": "11", "68A_H_24": "6", "68A_Tot_24": "17", "69A_M_24": "13", "69A_H_24": "12", "69A_Tot_24": "25", "60a69_M_24": "127", "60a69_H_24": "132", "60a69_T_24": "259", "70A_M_24": "10", "70A_H_24": "10", "70A_Tot_24": "20", "71A_M_24": "6", "71A_H_24": "8", "71A_Tot_24": "14", "72A_M_24": "11", "72A_H_24": "8", "72A_Tot_24": "19", "73A_M_24": "10", "73A_H_24": "12", "73A_Tot_24": "22", "74A_M_24": "9", "74A_H_24": "12", "74A_Tot_24": "21", "75A_M_24": "7", "75A_H_24": "4", "75A_Tot_24": "11", "76A_M_24": "9", "76A_H_24": "4", "76A_Tot_24": "13", "77A_M_24": "5", "77A_H_24": "3", "77A_Tot_24": "8", "78A_M_24": "8", "78A_H_24": "8", "78A_Tot_24": "16", "79A_M_24": "4", "79A_H_24": "4", "79A_Tot_24": "8", "70a79_M_24": "79", "70a79_H_24": "73", "70a79_T_24": "152", "80A_M_24": "6", "80A_H_24": "4", "80A_Tot_24": "10", "81A_M_24": "7", "81A_H_24": "5", "81A_Tot_24": "12", "82A_M_24": "2", "82A_H_24": "4", "82A_Tot_24": "6", "83A_M_24": "4", "83A_H_24": "3", "83A_Tot_24": "7", "84A_M_24": "3", "84A_H_24": "2", "84A_Tot_24": "5", "85A_M_24": "2", "85A_H_24": "3", "85A_Tot_24": "5", "86A_M_24": "1", "86A_H_24": "2", "86A_Tot_24": "3", "87A_M_24": "3", "87A_H_24": "1", "87A_Tot_24": "4", "88A_M_24": "3", "88A_H_24": "0", "88A_Tot_24": "3", "89A_M_24": "4", "89A_H_24": "1", "89A_Tot_24": "5", "80a89_M_24": "35", "80a89_H_24": "25", "80a89_T_24": "60", "90A_M_24": "0", "90A_H_24": "1", "90A_Tot_24": "1", "91A_M_24": "2", "91A_H_24": "0", "91A_Tot_24": "2", "92A_M_24": "3", "92A_H_24": "0", "92A_Tot_24": "3", "93A_M_24": "1", "93A_H_24": "0", "93A_Tot_24": "1", "94A_M_24": "0", "94A_H_24": "0", "94A_Tot_24": "0", "95A_M_24": "1", "95A_H_24": "1", "95A_Tot_24": "2", "96A_M_24": "1", "96A_H_24": "0", "96A_Tot_24": "1", "97A_M_24": "0", "97A_H_24": "1", "97A_Tot_24": "1", "98A_M_24": "1", "98A_H_24": "0", "98A_Tot_24": "1", "99A_M_24": "0", "99A_H_24": "0", "99A_Tot_24": "0", "90a99_M_24": "9", "90a99_H_24": "3", "90a99_T_24": "12", "100A_M_24": "0", "100A_H_24": "0", "100A_T_24": "0", "POB_MUJ_24": "1909", "POB_HOM_24": "2071", "POB_TOT_24": "3980" }, "geometry": null },
{ "type": "Feature", "properties": { "ID": "19", "DEPTO": "Cochabamba", "COD_DEPTO": 30000, "RED_SALUD": "Tarata", "COD_REDSAL": 3017, "MUNICIPIO": "Cliza", "COD_MUNI": 30801, "00A_M_24": "144", "00A_H_24": "161", "00A_Tot_24": "305", "01A_M_24": "134", "01A_H_24": "163", "01A_Tot_24": "297", "02A_M_24": "143", "02A_H_24": "169", "02A_Tot_24": "312", "03A_M_24": "138", "03A_H_24": "182", "03A_Tot_24": "320", "04A_M_24": "161", "04A_H_24": "199", "04A_Tot_24": "360", "0a4A_M_24": "720", "0a4A_H_24": "874", "0a4A_T_24": "1594", "05A_M_24": "129", "05A_H_24": "187", "05A_Tot_24": "316", "06A_M_24": "167", "06A_H_24": "174", "06A_Tot_24": "341", "07A_M_24": "185", "07A_H_24": "221", "07A_Tot_24": "406", "08A_M_24": "185", "08A_H_24": "197", "08A_Tot_24": "382", "09A_M_24": "175", "09A_H_24": "222", "09A_Tot_24": "397", "5a9A_M_24": "841", "5a9A_H_24": "1001", "5a9A_T_24": "1842", "10A_M_24": "194", "10A_H_24": "222", "10A_Tot_24": "416", "11A_M_24": "177", "11A_H_24": "166", "11A_Tot_24": "343", "12A_M_24": "182", "12A_H_24": "210", "12A_Tot_24": "392", "13A_M_24": "181", "13A_H_24": "193", "13A_Tot_24": "374", "14A_M_24": "197", "14A_H_24": "211", "14A_Tot_24": "408", "10a14_M_24": "931", "10a14_H_24": "1002", "10a14_T_24": "1933", "15A_M_24": "188", "15A_H_24": "198", "15A_Tot_24": "386", "16A_M_24": "179", "16A_H_24": "157", "16A_Tot_24": "336", "17A_M_24": "158", "17A_H_24": "200", "17A_Tot_24": "358", "18A_M_24": "181", "18A_H_24": "168", "18A_Tot_24": "349", "19A_M_24": "162", "19A_H_24": "168", "19A_Tot_24": "330", "15a19_M_24": "868", "15a19_H_24": "891", "15a19_T_24": "1759", "20A_M_24": "163", "20A_H_24": "162", "20A_Tot_24": "325", "21A_M_24": "177", "21A_H_24": "183", "21A_Tot_24": "360", "22A_M_24": "186", "22A_H_24": "149", "22A_Tot_24": "335", "23A_M_24": "204", "23A_H_24": "178", "23A_Tot_24": "382", "24A_M_24": "180", "24A_H_24": "185", "24A_Tot_24": "365", "25A_M_24": "154", "25A_H_24": "191", "25A_Tot_24": "345", "26A_M_24": "154", "26A_H_24": "197", "26A_Tot_24": "351", "27A_M_24": "153", "27A_H_24": "150", "27A_Tot_24": "303", "28A_M_24": "177", "28A_H_24": "145", "28A_Tot_24": "322", "29A_M_24": "188", "29A_H_24": "151", "29A_Tot_24": "339", "20a29_M_24": "1736", "20a29_H_24": "1691", "20a29_T_24": "3427", "30A_M_24": "151", "30A_H_24": "152", "30A_Tot_24": "303", "31A_M_24": "131", "31A_H_24": "123", "31A_Tot_24": "254", "32A_M_24": "154", "32A_H_24": "151", "32A_Tot_24": "305", "33A_M_24": "137", "33A_H_24": "168", "33A_Tot_24": "305", "34A_M_24": "177", "34A_H_24": "135", "34A_Tot_24": "312", "35A_M_24": "144", "35A_H_24": "154", "35A_Tot_24": "298", "36A_M_24": "142", "36A_H_24": "126", "36A_Tot_24": "268", "37A_M_24": "138", "37A_H_24": "134", "37A_Tot_24": "272", "38A_M_24": "170", "38A_H_24": "160", "38A_Tot_24": "330", "39A_M_24": "141", "39A_H_24": "138", "39A_Tot_24": "279", "30a39_M_24": "1485", "30a39_H_24": "1441", "30a39_T_24": "2926", "40A_M_24": "124", "40A_H_24": "130", "40A_Tot_24": "254", "41A_M_24": "125", "41A_H_24": "103", "41A_Tot_24": "228", "42A_M_24": "125", "42A_H_24": "102", "42A_Tot_24": "227", "43A_M_24": "122", "43A_H_24": "136", "43A_Tot_24": "258", "44A_M_24": "121", "44A_H_24": "128", "44A_Tot_24": "249", "45A_M_24": "162", "45A_H_24": "127", "45A_Tot_24": "289", "46A_M_24": "103", "46A_H_24": "106", "46A_Tot_24": "209", "47A_M_24": "113", "47A_H_24": "112", "47A_Tot_24": "225", "48A_M_24": "118", "48A_H_24": "101", "48A_Tot_24": "219", "49A_M_24": "110", "49A_H_24": "90", "49A_Tot_24": "200", "40a49_M_24": "1223", "40a49_H_24": "1135", "40a49_T_24": "2358", "50A_M_24": "89", "50A_H_24": "114", "50A_Tot_24": "203", "51A_M_24": "99", "51A_H_24": "94", "51A_Tot_24": "193", "52A_M_24": "93", "52A_H_24": "67", "52A_Tot_24": "160", "53A_M_24": "98", "53A_H_24": "94", "53A_Tot_24": "192", "54A_M_24": "101", "54A_H_24": "79", "54A_Tot_24": "180", "55A_M_24": "87", "55A_H_24": "71", "55A_Tot_24": "158", "56A_M_24": "91", "56A_H_24": "71", "56A_Tot_24": "162", "57A_M_24": "76", "57A_H_24": "68", "57A_Tot_24": "144", "58A_M_24": "98", "58A_H_24": "90", "58A_Tot_24": "188", "59A_M_24": "95", "59A_H_24": "86", "59A_Tot_24": "181", "50a59_M_24": "927", "50a59_H_24": "834", "50a59_T_24": "1761", "60A_M_24": "100", "60A_H_24": "89", "60A_Tot_24": "189", "61A_M_24": "96", "61A_H_24": "73", "61A_Tot_24": "169", "62A_M_24": "89", "62A_H_24": "74", "62A_Tot_24": "163", "63A_M_24": "89", "63A_H_24": "88", "63A_Tot_24": "177", "64A_M_24": "124", "64A_H_24": "104", "64A_Tot_24": "228", "65A_M_24": "104", "65A_H_24": "79", "65A_Tot_24": "183", "66A_M_24": "102", "66A_H_24": "96", "66A_Tot_24": "198", "67A_M_24": "91", "67A_H_24": "68", "67A_Tot_24": "159", "68A_M_24": "85", "68A_H_24": "81", "68A_Tot_24": "166", "69A_M_24": "88", "69A_H_24": "60", "69A_Tot_24": "148", "60a69_M_24": "968", "60a69_H_24": "812", "60a69_T_24": "1780", "70A_M_24": "84", "70A_H_24": "67", "70A_Tot_24": "151", "71A_M_24": "86", "71A_H_24": "44", "71A_Tot_24": "130", "72A_M_24": "54", "72A_H_24": "52", "72A_Tot_24": "106", "73A_M_24": "104", "73A_H_24": "64", "73A_Tot_24": "168", "74A_M_24": "76", "74A_H_24": "58", "74A_Tot_24": "134", "75A_M_24": "63", "75A_H_24": "60", "75A_Tot_24": "123", "76A_M_24": "44", "76A_H_24": "39", "76A_Tot_24": "83", "77A_M_24": "52", "77A_H_24": "34", "77A_Tot_24": "86", "78A_M_24": "55", "78A_H_24": "35", "78A_Tot_24": "90", "79A_M_24": "61", "79A_H_24": "28", "79A_Tot_24": "89", "70a79_M_24": "679", "70a79_H_24": "481", "70a79_T_24": "1160", "80A_M_24": "49", "80A_H_24": "29", "80A_Tot_24": "78", "81A_M_24": "31", "81A_H_24": "21", "81A_Tot_24": "52", "82A_M_24": "41", "82A_H_24": "26", "82A_Tot_24": "67", "83A_M_24": "41", "83A_H_24": "19", "83A_Tot_24": "60", "84A_M_24": "42", "84A_H_24": "18", "84A_Tot_24": "60", "85A_M_24": "28", "85A_H_24": "22", "85A_Tot_24": "50", "86A_M_24": "25", "86A_H_24": "10", "86A_Tot_24": "35", "87A_M_24": "19", "87A_H_24": "20", "87A_Tot_24": "39", "88A_M_24": "18", "88A_H_24": "13", "88A_Tot_24": "31", "89A_M_24": "20", "89A_H_24": "5", "89A_Tot_24": "25", "80a89_M_24": "314", "80a89_H_24": "183", "80a89_T_24": "497", "90A_M_24": "16", "90A_H_24": "8", "90A_Tot_24": "24", "91A_M_24": "14", "91A_H_24": "9", "91A_Tot_24": "23", "92A_M_24": "14", "92A_H_24": "3", "92A_Tot_24": "17", "93A_M_24": "15", "93A_H_24": "2", "93A_Tot_24": "17", "94A_M_24": "8", "94A_H_24": "0", "94A_Tot_24": "8", "95A_M_24": "4", "95A_H_24": "3", "95A_Tot_24": "7", "96A_M_24": "10", "96A_H_24": "1", "96A_Tot_24": "11", "97A_M_24": "3", "97A_H_24": "1", "97A_Tot_24": "4", "98A_M_24": "3", "98A_H_24": "0", "98A_Tot_24": "3", "99A_M_24": "0", "99A_H_24": "1", "99A_Tot_24": "1", "90a99_M_24": "90", "90a99_H_24": "28", "90a99_T_24": "118", "100A_M_24": "3", "100A_H_24": "0", "100A_T_24": "3", "POB_MUJ_24": "10782", "POB_HOM_24": "10373", "POB_TOT_24": "21155" }, "geometry": null },
{ "type": "Feature", "properties": { "ID": "20", "DEPTO": "Cochabamba", "COD_DEPTO": 30000, "RED_SALUD": "Tarata", "COD_REDSAL": 3017, "MUNICIPIO": "Toco", "COD_MUNI": 30802, "00A_M_24": "40", "00A_H_24": "52", "00A_Tot_24": "92", "01A_M_24": "44", "01A_H_24": "52", "01A_Tot_24": "96", "02A_M_24": "43", "02A_H_24": "54", "02A_Tot_24": "97", "03A_M_24": "55", "03A_H_24": "57", "03A_Tot_24": "112", "04A_M_24": "44", "04A_H_24": "54", "04A_Tot_24": "98", "0a4A_M_24": "226", "0a4A_H_24": "269", "0a4A_T_24": "495", "05A_M_24": "67", "05A_H_24": "65", "05A_Tot_24": "132", "06A_M_24": "62", "06A_H_24": "67", "06A_Tot_24": "129", "07A_M_24": "66", "07A_H_24": "66", "07A_Tot_24": "132", "08A_M_24": "58", "08A_H_24": "51", "08A_Tot_24": "109", "09A_M_24": "58", "09A_H_24": "79", "09A_Tot_24": "137", "5a9A_M_24": "311", "5a9A_H_24": "328", "5a9A_T_24": "639", "10A_M_24": "63", "10A_H_24": "72", "10A_Tot_24": "135", "11A_M_24": "49", "11A_H_24": "62", "11A_Tot_24": "111", "12A_M_24": "66", "12A_H_24": "59", "12A_Tot_24": "125", "13A_M_24": "74", "13A_H_24": "54", "13A_Tot_24": "128", "14A_M_24": "54", "14A_H_24": "59", "14A_Tot_24": "113", "10a14_M_24": "306", "10a14_H_24": "306", "10a14_T_24": "612", "15A_M_24": "51", "15A_H_24": "74", "15A_Tot_24": "125", "16A_M_24": "43", "16A_H_24": "70", "16A_Tot_24": "113", "17A_M_24": "51", "17A_H_24": "50", "17A_Tot_24": "101", "18A_M_24": "51", "18A_H_24": "64", "18A_Tot_24": "115", "19A_M_24": "49", "19A_H_24": "47", "19A_Tot_24": "96", "15a19_M_24": "245", "15a19_H_24": "305", "15a19_T_24": "550", "20A_M_24": "48", "20A_H_24": "56", "20A_Tot_24": "104", "21A_M_24": "61", "21A_H_24": "66", "21A_Tot_24": "127", "22A_M_24": "53", "22A_H_24": "47", "22A_Tot_24": "100", "23A_M_24": "67", "23A_H_24": "56", "23A_Tot_24": "123", "24A_M_24": "54", "24A_H_24": "60", "24A_Tot_24": "114", "25A_M_24": "51", "25A_H_24": "53", "25A_Tot_24": "104", "26A_M_24": "55", "26A_H_24": "60", "26A_Tot_24": "115", "27A_M_24": "51", "27A_H_24": "59", "27A_Tot_24": "110", "28A_M_24": "52", "28A_H_24": "57", "28A_Tot_24": "109", "29A_M_24": "51", "29A_H_24": "57", "29A_Tot_24": "108", "20a29_M_24": "543", "20a29_H_24": "571", "20a29_T_24": "1114", "30A_M_24": "55", "30A_H_24": "65", "30A_Tot_24": "120", "31A_M_24": "39", "31A_H_24": "48", "31A_Tot_24": "87", "32A_M_24": "39", "32A_H_24": "52", "32A_Tot_24": "91", "33A_M_24": "45", "33A_H_24": "46", "33A_Tot_24": "91", "34A_M_24": "52", "34A_H_24": "52", "34A_Tot_24": "104", "35A_M_24": "54", "35A_H_24": "54", "35A_Tot_24": "108", "36A_M_24": "36", "36A_H_24": "49", "36A_Tot_24": "85", "37A_M_24": "45", "37A_H_24": "36", "37A_Tot_24": "81", "38A_M_24": "39", "38A_H_24": "65", "38A_Tot_24": "104", "39A_M_24": "46", "39A_H_24": "46", "39A_Tot_24": "92", "30a39_M_24": "450", "30a39_H_24": "513", "30a39_T_24": "963", "40A_M_24": "36", "40A_H_24": "62", "40A_Tot_24": "98", "41A_M_24": "36", "41A_H_24": "42", "41A_Tot_24": "78", "42A_M_24": "36", "42A_H_24": "42", "42A_Tot_24": "78", "43A_M_24": "42", "43A_H_24": "61", "43A_Tot_24": "103", "44A_M_24": "31", "44A_H_24": "41", "44A_Tot_24": "72", "45A_M_24": "40", "45A_H_24": "57", "45A_Tot_24": "97", "46A_M_24": "27", "46A_H_24": "39", "46A_Tot_24": "66", "47A_M_24": "32", "47A_H_24": "39", "47A_Tot_24": "71", "48A_M_24": "56", "48A_H_24": "30", "48A_Tot_24": "86", "49A_M_24": "30", "49A_H_24": "34", "49A_Tot_24": "64", "40a49_M_24": "366", "40a49_H_24": "447", "40a49_T_24": "813", "50A_M_24": "35", "50A_H_24": "39", "50A_Tot_24": "74", "51A_M_24": "30", "51A_H_24": "35", "51A_Tot_24": "65", "52A_M_24": "28", "52A_H_24": "32", "52A_Tot_24": "60", "53A_M_24": "42", "53A_H_24": "29", "53A_Tot_24": "71", "54A_M_24": "41", "54A_H_24": "40", "54A_Tot_24": "81", "55A_M_24": "31", "55A_H_24": "45", "55A_Tot_24": "76", "56A_M_24": "41", "56A_H_24": "33", "56A_Tot_24": "74", "57A_M_24": "32", "57A_H_24": "29", "57A_Tot_24": "61", "58A_M_24": "39", "58A_H_24": "30", "58A_Tot_24": "69", "59A_M_24": "33", "59A_H_24": "33", "59A_Tot_24": "66", "50a59_M_24": "352", "50a59_H_24": "345", "50a59_T_24": "697", "60A_M_24": "53", "60A_H_24": "39", "60A_Tot_24": "92", "61A_M_24": "34", "61A_H_24": "32", "61A_Tot_24": "66", "62A_M_24": "55", "62A_H_24": "38", "62A_Tot_24": "93", "63A_M_24": "40", "63A_H_24": "33", "63A_Tot_24": "73", "64A_M_24": "49", "64A_H_24": "50", "64A_Tot_24": "99", "65A_M_24": "41", "65A_H_24": "39", "65A_Tot_24": "80", "66A_M_24": "42", "66A_H_24": "31", "66A_Tot_24": "73", "67A_M_24": "26", "67A_H_24": "35", "67A_Tot_24": "61", "68A_M_24": "34", "68A_H_24": "34", "68A_Tot_24": "68", "69A_M_24": "35", "69A_H_24": "29", "69A_Tot_24": "64", "60a69_M_24": "409", "60a69_H_24": "360", "60a69_T_24": "769", "70A_M_24": "39", "70A_H_24": "28", "70A_Tot_24": "67", "71A_M_24": "30", "71A_H_24": "32", "71A_Tot_24": "62", "72A_M_24": "22", "72A_H_24": "20", "72A_Tot_24": "42", "73A_M_24": "30", "73A_H_24": "17", "73A_Tot_24": "47", "74A_M_24": "35", "74A_H_24": "25", "74A_Tot_24": "60", "75A_M_24": "31", "75A_H_24": "19", "75A_Tot_24": "50", "76A_M_24": "28", "76A_H_24": "16", "76A_Tot_24": "44", "77A_M_24": "27", "77A_H_24": "24", "77A_Tot_24": "51", "78A_M_24": "28", "78A_H_24": "13", "78A_Tot_24": "41", "79A_M_24": "24", "79A_H_24": "11", "79A_Tot_24": "35", "70a79_M_24": "294", "70a79_H_24": "205", "70a79_T_24": "499", "80A_M_24": "12", "80A_H_24": "18", "80A_Tot_24": "30", "81A_M_24": "18", "81A_H_24": "10", "81A_Tot_24": "28", "82A_M_24": "15", "82A_H_24": "7", "82A_Tot_24": "22", "83A_M_24": "16", "83A_H_24": "6", "83A_Tot_24": "22", "84A_M_24": "18", "84A_H_24": "8", "84A_Tot_24": "26", "85A_M_24": "10", "85A_H_24": "4", "85A_Tot_24": "14", "86A_M_24": "6", "86A_H_24": "4", "86A_Tot_24": "10", "87A_M_24": "5", "87A_H_24": "2", "87A_Tot_24": "7", "88A_M_24": "7", "88A_H_24": "5", "88A_Tot_24": "12", "89A_M_24": "4", "89A_H_24": "9", "89A_Tot_24": "13", "80a89_M_24": "111", "80a89_H_24": "73", "80a89_T_24": "184", "90A_M_24": "5", "90A_H_24": "3", "90A_Tot_24": "8", "91A_M_24": "9", "91A_H_24": "4", "91A_Tot_24": "13", "92A_M_24": "4", "92A_H_24": "0", "92A_Tot_24": "4", "93A_M_24": "4", "93A_H_24": "4", "93A_Tot_24": "8", "94A_M_24": "3", "94A_H_24": "1", "94A_Tot_24": "4", "95A_M_24": "0", "95A_H_24": "1", "95A_Tot_24": "1", "96A_M_24": "1", "96A_H_24": "2", "96A_Tot_24": "3", "97A_M_24": "1", "97A_H_24": "2", "97A_Tot_24": "3", "98A_M_24": "0", "98A_H_24": "0", "98A_Tot_24": "0", "99A_M_24": "1", "99A_H_24": "0", "99A_Tot_24": "1", "90a99_M_24": "29", "90a99_H_24": "18", "90a99_T_24": "47", "100A_M_24": "1", "100A_H_24": "1", "100A_T_24": "2", "POB_MUJ_24": "3642", "POB_HOM_24": "3740", "POB_TOT_24": "7382" }, "geometry": null },
{ "type": "Feature", "properties": { "ID": "21", "DEPTO": "Cochabamba", "COD_DEPTO": 30000, "RED_SALUD": "Tarata", "COD_REDSAL": 3017, "MUNICIPIO": "Tolata", "COD_MUNI": 30803, "00A_M_24": "56", "00A_H_24": "31", "00A_Tot_24": "87", "01A_M_24": "53", "01A_H_24": "66", "01A_Tot_24": "119", "02A_M_24": "63", "02A_H_24": "55", "02A_Tot_24": "118", "03A_M_24": "62", "03A_H_24": "70", "03A_Tot_24": "132", "04A_M_24": "65", "04A_H_24": "60", "04A_Tot_24": "125", "0a4A_M_24": "299", "0a4A_H_24": "282", "0a4A_T_24": "581", "05A_M_24": "56", "05A_H_24": "62", "05A_Tot_24": "118", "06A_M_24": "69", "06A_H_24": "59", "06A_Tot_24": "128", "07A_M_24": "71", "07A_H_24": "77", "07A_Tot_24": "148", "08A_M_24": "74", "08A_H_24": "82", "08A_Tot_24": "156", "09A_M_24": "77", "09A_H_24": "71", "09A_Tot_24": "148", "5a9A_M_24": "347", "5a9A_H_24": "351", "5a9A_T_24": "698", "10A_M_24": "74", "10A_H_24": "83", "10A_Tot_24": "157", "11A_M_24": "52", "11A_H_24": "63", "11A_Tot_24": "115", "12A_M_24": "68", "12A_H_24": "61", "12A_Tot_24": "129", "13A_M_24": "75", "13A_H_24": "71", "13A_Tot_24": "146", "14A_M_24": "55", "14A_H_24": "73", "14A_Tot_24": "128", "10a14_M_24": "324", "10a14_H_24": "351", "10a14_T_24": "675", "15A_M_24": "76", "15A_H_24": "65", "15A_Tot_24": "141", "16A_M_24": "51", "16A_H_24": "59", "16A_Tot_24": "110", "17A_M_24": "72", "17A_H_24": "141", "17A_Tot_24": "213", "18A_M_24": "78", "18A_H_24": "346", "18A_Tot_24": "424", "19A_M_24": "71", "19A_H_24": "211", "19A_Tot_24": "282", "15a19_M_24": "348", "15a19_H_24": "822", "15a19_T_24": "1170", "20A_M_24": "71", "20A_H_24": "146", "20A_Tot_24": "217", "21A_M_24": "69", "21A_H_24": "108", "21A_Tot_24": "177", "22A_M_24": "72", "22A_H_24": "127", "22A_Tot_24": "199", "23A_M_24": "81", "23A_H_24": "102", "23A_Tot_24": "183", "24A_M_24": "73", "24A_H_24": "79", "24A_Tot_24": "152", "25A_M_24": "77", "25A_H_24": "79", "25A_Tot_24": "156", "26A_M_24": "81", "26A_H_24": "62", "26A_Tot_24": "143", "27A_M_24": "65", "27A_H_24": "73", "27A_Tot_24": "138", "28A_M_24": "73", "28A_H_24": "67", "28A_Tot_24": "140", "29A_M_24": "72", "29A_H_24": "67", "29A_Tot_24": "139", "20a29_M_24": "734", "20a29_H_24": "910", "20a29_T_24": "1644", "30A_M_24": "53", "30A_H_24": "51", "30A_Tot_24": "104", "31A_M_24": "87", "31A_H_24": "60", "31A_Tot_24": "147", "32A_M_24": "69", "32A_H_24": "67", "32A_Tot_24": "136", "33A_M_24": "78", "33A_H_24": "79", "33A_Tot_24": "157", "34A_M_24": "83", "34A_H_24": "76", "34A_Tot_24": "159", "35A_M_24": "67", "35A_H_24": "59", "35A_Tot_24": "126", "36A_M_24": "65", "36A_H_24": "66", "36A_Tot_24": "131", "37A_M_24": "55", "37A_H_24": "62", "37A_Tot_24": "117", "38A_M_24": "53", "38A_H_24": "69", "38A_Tot_24": "122", "39A_M_24": "54", "39A_H_24": "45", "39A_Tot_24": "99", "30a39_M_24": "664", "30a39_H_24": "634", "30a39_T_24": "1298", "40A_M_24": "44", "40A_H_24": "64", "40A_Tot_24": "108", "41A_M_24": "40", "41A_H_24": "48", "41A_Tot_24": "88", "42A_M_24": "50", "42A_H_24": "52", "42A_Tot_24": "102", "43A_M_24": "45", "43A_H_24": "57", "43A_Tot_24": "102", "44A_M_24": "50", "44A_H_24": "50", "44A_Tot_24": "100", "45A_M_24": "48", "45A_H_24": "34", "45A_Tot_24": "82", "46A_M_24": "48", "46A_H_24": "36", "46A_Tot_24": "84", "47A_M_24": "27", "47A_H_24": "33", "47A_Tot_24": "60", "48A_M_24": "27", "48A_H_24": "40", "48A_Tot_24": "67", "49A_M_24": "38", "49A_H_24": "35", "49A_Tot_24": "73", "40a49_M_24": "417", "40a49_H_24": "449", "40a49_T_24": "866", "50A_M_24": "34", "50A_H_24": "31", "50A_Tot_24": "65", "51A_M_24": "37", "51A_H_24": "51", "51A_Tot_24": "88", "52A_M_24": "38", "52A_H_24": "26", "52A_Tot_24": "64", "53A_M_24": "45", "53A_H_24": "37", "53A_Tot_24": "82", "54A_M_24": "30", "54A_H_24": "32", "54A_Tot_24": "62", "55A_M_24": "43", "55A_H_24": "25", "55A_Tot_24": "68", "56A_M_24": "36", "56A_H_24": "27", "56A_Tot_24": "63", "57A_M_24": "42", "57A_H_24": "38", "57A_Tot_24": "80", "58A_M_24": "29", "58A_H_24": "30", "58A_Tot_24": "59", "59A_M_24": "47", "59A_H_24": "32", "59A_Tot_24": "79", "50a59_M_24": "381", "50a59_H_24": "329", "50a59_T_24": "710", "60A_M_24": "34", "60A_H_24": "24", "60A_Tot_24": "58", "61A_M_24": "27", "61A_H_24": "23", "61A_Tot_24": "50", "62A_M_24": "30", "62A_H_24": "29", "62A_Tot_24": "59", "63A_M_24": "32", "63A_H_24": "32", "63A_Tot_24": "64", "64A_M_24": "25", "64A_H_24": "21", "64A_Tot_24": "46", "65A_M_24": "33", "65A_H_24": "27", "65A_Tot_24": "60", "66A_M_24": "26", "66A_H_24": "36", "66A_Tot_24": "62", "67A_M_24": "29", "67A_H_24": "27", "67A_Tot_24": "56", "68A_M_24": "24", "68A_H_24": "20", "68A_Tot_24": "44", "69A_M_24": "33", "69A_H_24": "20", "69A_Tot_24": "53", "60a69_M_24": "293", "60a69_H_24": "259", "60a69_T_24": "552", "70A_M_24": "25", "70A_H_24": "20", "70A_Tot_24": "45", "71A_M_24": "16", "71A_H_24": "19", "71A_Tot_24": "35", "72A_M_24": "22", "72A_H_24": "22", "72A_Tot_24": "44", "73A_M_24": "14", "73A_H_24": "13", "73A_Tot_24": "27", "74A_M_24": "22", "74A_H_24": "22", "74A_Tot_24": "44", "75A_M_24": "21", "75A_H_24": "19", "75A_Tot_24": "40", "76A_M_24": "18", "76A_H_24": "13", "76A_Tot_24": "31", "77A_M_24": "22", "77A_H_24": "13", "77A_Tot_24": "35", "78A_M_24": "23", "78A_H_24": "11", "78A_Tot_24": "34", "79A_M_24": "17", "79A_H_24": "9", "79A_Tot_24": "26", "70a79_M_24": "200", "70a79_H_24": "161", "70a79_T_24": "361", "80A_M_24": "6", "80A_H_24": "8", "80A_Tot_24": "14", "81A_M_24": "9", "81A_H_24": "8", "81A_Tot_24": "17", "82A_M_24": "12", "82A_H_24": "3", "82A_Tot_24": "15", "83A_M_24": "10", "83A_H_24": "9", "83A_Tot_24": "19", "84A_M_24": "9", "84A_H_24": "6", "84A_Tot_24": "15", "85A_M_24": "4", "85A_H_24": "5", "85A_Tot_24": "9", "86A_M_24": "2", "86A_H_24": "2", "86A_Tot_24": "4", "87A_M_24": "2", "87A_H_24": "3", "87A_Tot_24": "5", "88A_M_24": "5", "88A_H_24": "0", "88A_Tot_24": "5", "89A_M_24": "5", "89A_H_24": "0", "89A_Tot_24": "5", "80a89_M_24": "64", "80a89_H_24": "44", "80a89_T_24": "108", "90A_M_24": "3", "90A_H_24": "2", "90A_Tot_24": "5", "91A_M_24": "2", "91A_H_24": "1", "91A_Tot_24": "3", "92A_M_24": "2", "92A_H_24": "0", "92A_Tot_24": "2", "93A_M_24": "5", "93A_H_24": "2", "93A_Tot_24": "7", "94A_M_24": "1", "94A_H_24": "0", "94A_Tot_24": "1", "95A_M_24": "0", "95A_H_24": "1", "95A_Tot_24": "1", "96A_M_24": "0", "96A_H_24": "0", "96A_Tot_24": "0", "97A_M_24": "1", "97A_H_24": "0", "97A_Tot_24": "1", "98A_M_24": "1", "98A_H_24": "0", "98A_Tot_24": "1", "99A_M_24": "0", "99A_H_24": "0", "99A_Tot_24": "0", "90a99_M_24": "18", "90a99_H_24": "6", "90a99_T_24": "24", "100A_M_24": "3", "100A_H_24": "0", "100A_T_24": "3", "POB_MUJ_24": "4089", "POB_HOM_24": "4598", "POB_TOT_24": "8687" }, "geometry": null },
{ "type": "Feature", "properties": { "ID": "22", "DEPTO": "Cochabamba", "COD_DEPTO": 30000, "RED_SALUD": "Quillacollo", "COD_REDSAL": 3007, "MUNICIPIO": "Quillacollo", "COD_MUNI": 30901, "00A_M_24": "1116", "00A_H_24": "1141", "00A_Tot_24": "2257", "01A_M_24": "1136", "01A_H_24": "1175", "01A_Tot_24": "2311", "02A_M_24": "1106", "02A_H_24": "1269", "02A_Tot_24": "2375", "03A_M_24": "1198", "03A_H_24": "1280", "03A_Tot_24": "2478", "04A_M_24": "1387", "04A_H_24": "1341", "04A_Tot_24": "2728", "0a4A_M_24": "5943", "0a4A_H_24": "6206", "0a4A_T_24": "12149", "05A_M_24": "1471", "05A_H_24": "1440", "05A_Tot_24": "2911", "06A_M_24": "1503", "06A_H_24": "1572", "06A_Tot_24": "3075", "07A_M_24": "1626", "07A_H_24": "1557", "07A_Tot_24": "3183", "08A_M_24": "1656", "08A_H_24": "1716", "08A_Tot_24": "3372", "09A_M_24": "1641", "09A_H_24": "1660", "09A_Tot_24": "3301", "5a9A_M_24": "7897", "5a9A_H_24": "7945", "5a9A_T_24": "15842", "10A_M_24": "1602", "10A_H_24": "1584", "10A_Tot_24": "3186", "11A_M_24": "1521", "11A_H_24": "1726", "11A_Tot_24": "3247", "12A_M_24": "1626", "12A_H_24": "1710", "12A_Tot_24": "3336", "13A_M_24": "1619", "13A_H_24": "1675", "13A_Tot_24": "3294", "14A_M_24": "1603", "14A_H_24": "1676", "14A_Tot_24": "3279", "10a14_M_24": "7971", "10a14_H_24": "8371", "10a14_T_24": "16342", "15A_M_24": "1553", "15A_H_24": "1580", "15A_Tot_24": "3133", "16A_M_24": "1559", "16A_H_24": "1565", "16A_Tot_24": "3124", "17A_M_24": "1597", "17A_H_24": "1508", "17A_Tot_24": "3105", "18A_M_24": "1521", "18A_H_24": "1664", "18A_Tot_24": "3185", "19A_M_24": "1580", "19A_H_24": "1574", "19A_Tot_24": "3154", "15a19_M_24": "7810", "15a19_H_24": "7891", "15a19_T_24": "15701", "20A_M_24": "1565", "20A_H_24": "1471", "20A_Tot_24": "3036", "21A_M_24": "1610", "21A_H_24": "1514", "21A_Tot_24": "3124", "22A_M_24": "1542", "22A_H_24": "1423", "22A_Tot_24": "2965", "23A_M_24": "1678", "23A_H_24": "1615", "23A_Tot_24": "3293", "24A_M_24": "1740", "24A_H_24": "1579", "24A_Tot_24": "3319", "25A_M_24": "1600", "25A_H_24": "1422", "25A_Tot_24": "3022", "26A_M_24": "1560", "26A_H_24": "1439", "26A_Tot_24": "2999", "27A_M_24": "1487", "27A_H_24": "1424", "27A_Tot_24": "2911", "28A_M_24": "1518", "28A_H_24": "1354", "28A_Tot_24": "2872", "29A_M_24": "1560", "29A_H_24": "1324", "29A_Tot_24": "2884", "20a29_M_24": "15860", "20a29_H_24": "14565", "20a29_T_24": "30425", "30A_M_24": "1461", "30A_H_24": "1354", "30A_Tot_24": "2815", "31A_M_24": "1325", "31A_H_24": "1233", "31A_Tot_24": "2558", "32A_M_24": "1298", "32A_H_24": "1175", "32A_Tot_24": "2473", "33A_M_24": "1367", "33A_H_24": "1340", "33A_Tot_24": "2707", "34A_M_24": "1502", "34A_H_24": "1286", "34A_Tot_24": "2788", "35A_M_24": "1397", "35A_H_24": "1224", "35A_Tot_24": "2621", "36A_M_24": "1349", "36A_H_24": "1112", "36A_Tot_24": "2461", "37A_M_24": "1182", "37A_H_24": "1138", "37A_Tot_24": "2320", "38A_M_24": "1251", "38A_H_24": "1052", "38A_Tot_24": "2303", "39A_M_24": "1181", "39A_H_24": "995", "39A_Tot_24": "2176", "30a39_M_24": "13313", "30a39_H_24": "11909", "30a39_T_24": "25222", "40A_M_24": "1141", "40A_H_24": "1031", "40A_Tot_24": "2172", "41A_M_24": "1209", "41A_H_24": "1054", "41A_Tot_24": "2263", "42A_M_24": "1166", "42A_H_24": "991", "42A_Tot_24": "2157", "43A_M_24": "1157", "43A_H_24": "1010", "43A_Tot_24": "2167", "44A_M_24": "1108", "44A_H_24": "980", "44A_Tot_24": "2088", "45A_M_24": "1047", "45A_H_24": "965", "45A_Tot_24": "2012", "46A_M_24": "960", "46A_H_24": "889", "46A_Tot_24": "1849", "47A_M_24": "882", "47A_H_24": "823", "47A_Tot_24": "1705", "48A_M_24": "846", "48A_H_24": "750", "48A_Tot_24": "1596", "49A_M_24": "842", "49A_H_24": "762", "49A_Tot_24": "1604", "40a49_M_24": "10358", "40a49_H_24": "9255", "40a49_T_24": "19613", "50A_M_24": "860", "50A_H_24": "721", "50A_Tot_24": "1581", "51A_M_24": "788", "51A_H_24": "681", "51A_Tot_24": "1469", "52A_M_24": "715", "52A_H_24": "624", "52A_Tot_24": "1339", "53A_M_24": "737", "53A_H_24": "690", "53A_Tot_24": "1427", "54A_M_24": "727", "54A_H_24": "647", "54A_Tot_24": "1374", "55A_M_24": "670", "55A_H_24": "569", "55A_Tot_24": "1239", "56A_M_24": "644", "56A_H_24": "566", "56A_Tot_24": "1210", "57A_M_24": "670", "57A_H_24": "559", "57A_Tot_24": "1229", "58A_M_24": "618", "58A_H_24": "518", "58A_Tot_24": "1136", "59A_M_24": "612", "59A_H_24": "501", "59A_Tot_24": "1113", "50a59_M_24": "7041", "50a59_H_24": "6076", "50a59_T_24": "13117", "60A_M_24": "684", "60A_H_24": "540", "60A_Tot_24": "1224", "61A_M_24": "544", "61A_H_24": "499", "61A_Tot_24": "1043", "62A_M_24": "537", "62A_H_24": "482", "62A_Tot_24": "1019", "63A_M_24": "596", "63A_H_24": "511", "63A_Tot_24": "1107", "64A_M_24": "575", "64A_H_24": "473", "64A_Tot_24": "1048", "65A_M_24": "604", "65A_H_24": "461", "65A_Tot_24": "1065", "66A_M_24": "476", "66A_H_24": "392", "66A_Tot_24": "868", "67A_M_24": "493", "67A_H_24": "416", "67A_Tot_24": "909", "68A_M_24": "436", "68A_H_24": "327", "68A_Tot_24": "763", "69A_M_24": "423", "69A_H_24": "347", "69A_Tot_24": "770", "60a69_M_24": "5368", "60a69_H_24": "4448", "60a69_T_24": "9816", "70A_M_24": "392", "70A_H_24": "354", "70A_Tot_24": "746", "71A_M_24": "378", "71A_H_24": "339", "71A_Tot_24": "717", "72A_M_24": "358", "72A_H_24": "253", "72A_Tot_24": "611", "73A_M_24": "384", "73A_H_24": "316", "73A_Tot_24": "700", "74A_M_24": "344", "74A_H_24": "329", "74A_Tot_24": "673", "75A_M_24": "330", "75A_H_24": "262", "75A_Tot_24": "592", "76A_M_24": "284", "76A_H_24": "226", "76A_Tot_24": "510", "77A_M_24": "254", "77A_H_24": "184", "77A_Tot_24": "438", "78A_M_24": "262", "78A_H_24": "220", "78A_Tot_24": "482", "79A_M_24": "215", "79A_H_24": "194", "79A_Tot_24": "409", "70a79_M_24": "3201", "70a79_H_24": "2677", "70a79_T_24": "5878", "80A_M_24": "211", "80A_H_24": "141", "80A_Tot_24": "352", "81A_M_24": "165", "81A_H_24": "151", "81A_Tot_24": "316", "82A_M_24": "148", "82A_H_24": "102", "82A_Tot_24": "250", "83A_M_24": "157", "83A_H_24": "104", "83A_Tot_24": "261", "84A_M_24": "142", "84A_H_24": "94", "84A_Tot_24": "236", "85A_M_24": "134", "85A_H_24": "74", "85A_Tot_24": "208", "86A_M_24": "93", "86A_H_24": "71", "86A_Tot_24": "164", "87A_M_24": "103", "87A_H_24": "53", "87A_Tot_24": "156", "88A_M_24": "72", "88A_H_24": "45", "88A_Tot_24": "117", "89A_M_24": "80", "89A_H_24": "37", "89A_Tot_24": "117", "80a89_M_24": "1305", "80a89_H_24": "872", "80a89_T_24": "2177", "90A_M_24": "52", "90A_H_24": "38", "90A_Tot_24": "90", "91A_M_24": "49", "91A_H_24": "20", "91A_Tot_24": "69", "92A_M_24": "53", "92A_H_24": "27", "92A_Tot_24": "80", "93A_M_24": "55", "93A_H_24": "28", "93A_Tot_24": "83", "94A_M_24": "29", "94A_H_24": "14", "94A_Tot_24": "43", "95A_M_24": "10", "95A_H_24": "12", "95A_Tot_24": "22", "96A_M_24": "9", "96A_H_24": "7", "96A_Tot_24": "16", "97A_M_24": "15", "97A_H_24": "11", "97A_Tot_24": "26", "98A_M_24": "9", "98A_H_24": "5", "98A_Tot_24": "14", "99A_M_24": "5", "99A_H_24": "4", "99A_Tot_24": "9", "90a99_M_24": "291", "90a99_H_24": "168", "90a99_T_24": "459", "100A_M_24": "5", "100A_H_24": "2", "100A_T_24": "7", "POB_MUJ_24": "86358", "POB_HOM_24": "80383", "POB_TOT_24": "166741" }, "geometry": null },
{ "type": "Feature", "properties": { "ID": "23", "DEPTO": "Cochabamba", "COD_DEPTO": 30000, "RED_SALUD": "Quillacollo", "COD_REDSAL": 3007, "MUNICIPIO": "Sipesipe", "COD_MUNI": 30902, "00A_M_24": "464", "00A_H_24": "457", "00A_Tot_24": "921", "01A_M_24": "498", "01A_H_24": "509", "01A_Tot_24": "1007", "02A_M_24": "471", "02A_H_24": "538", "02A_Tot_24": "1009", "03A_M_24": "541", "03A_H_24": "547", "03A_Tot_24": "1088", "04A_M_24": "527", "04A_H_24": "564", "04A_Tot_24": "1091", "0a4A_M_24": "2501", "0a4A_H_24": "2615", "0a4A_T_24": "5116", "05A_M_24": "554", "05A_H_24": "600", "05A_Tot_24": "1154", "06A_M_24": "619", "06A_H_24": "643", "06A_Tot_24": "1262", "07A_M_24": "561", "07A_H_24": "613", "07A_Tot_24": "1174", "08A_M_24": "621", "08A_H_24": "647", "08A_Tot_24": "1268", "09A_M_24": "595", "09A_H_24": "627", "09A_Tot_24": "1222", "5a9A_M_24": "2950", "5a9A_H_24": "3130", "5a9A_T_24": "6080", "10A_M_24": "596", "10A_H_24": "621", "10A_Tot_24": "1217", "11A_M_24": "628", "11A_H_24": "627", "11A_Tot_24": "1255", "12A_M_24": "636", "12A_H_24": "663", "12A_Tot_24": "1299", "13A_M_24": "592", "13A_H_24": "614", "13A_Tot_24": "1206", "14A_M_24": "589", "14A_H_24": "605", "14A_Tot_24": "1194", "10a14_M_24": "3041", "10a14_H_24": "3130", "10a14_T_24": "6171", "15A_M_24": "561", "15A_H_24": "571", "15A_Tot_24": "1132", "16A_M_24": "553", "16A_H_24": "590", "16A_Tot_24": "1143", "17A_M_24": "577", "17A_H_24": "538", "17A_Tot_24": "1115", "18A_M_24": "590", "18A_H_24": "429", "18A_Tot_24": "1019", "19A_M_24": "540", "19A_H_24": "396", "19A_Tot_24": "936", "15a19_M_24": "2821", "15a19_H_24": "2524", "15a19_T_24": "5345", "20A_M_24": "535", "20A_H_24": "481", "20A_Tot_24": "1016", "21A_M_24": "580", "21A_H_24": "446", "21A_Tot_24": "1026", "22A_M_24": "522", "22A_H_24": "504", "22A_Tot_24": "1026", "23A_M_24": "587", "23A_H_24": "572", "23A_Tot_24": "1159", "24A_M_24": "558", "24A_H_24": "498", "24A_Tot_24": "1056", "25A_M_24": "557", "25A_H_24": "480", "25A_Tot_24": "1037", "26A_M_24": "503", "26A_H_24": "427", "26A_Tot_24": "930", "27A_M_24": "515", "27A_H_24": "451", "27A_Tot_24": "966", "28A_M_24": "556", "28A_H_24": "423", "28A_Tot_24": "979", "29A_M_24": "509", "29A_H_24": "402", "29A_Tot_24": "911", "20a29_M_24": "5422", "20a29_H_24": "4684", "20a29_T_24": "10106", "30A_M_24": "466", "30A_H_24": "425", "30A_Tot_24": "891", "31A_M_24": "467", "31A_H_24": "389", "31A_Tot_24": "856", "32A_M_24": "439", "32A_H_24": "375", "32A_Tot_24": "814", "33A_M_24": "475", "33A_H_24": "378", "33A_Tot_24": "853", "34A_M_24": "459", "34A_H_24": "408", "34A_Tot_24": "867", "35A_M_24": "446", "35A_H_24": "379", "35A_Tot_24": "825", "36A_M_24": "400", "36A_H_24": "353", "36A_Tot_24": "753", "37A_M_24": "366", "37A_H_24": "324", "37A_Tot_24": "690", "38A_M_24": "368", "38A_H_24": "315", "38A_Tot_24": "683", "39A_M_24": "388", "39A_H_24": "292", "39A_Tot_24": "680", "30a39_M_24": "4274", "30a39_H_24": "3638", "30a39_T_24": "7912", "40A_M_24": "358", "40A_H_24": "270", "40A_Tot_24": "628", "41A_M_24": "314", "41A_H_24": "286", "41A_Tot_24": "600", "42A_M_24": "325", "42A_H_24": "273", "42A_Tot_24": "598", "43A_M_24": "289", "43A_H_24": "287", "43A_Tot_24": "576", "44A_M_24": "346", "44A_H_24": "269", "44A_Tot_24": "615", "45A_M_24": "303", "45A_H_24": "242", "45A_Tot_24": "545", "46A_M_24": "266", "46A_H_24": "247", "46A_Tot_24": "513", "47A_M_24": "232", "47A_H_24": "215", "47A_Tot_24": "447", "48A_M_24": "237", "48A_H_24": "232", "48A_Tot_24": "469", "49A_M_24": "231", "49A_H_24": "206", "49A_Tot_24": "437", "40a49_M_24": "2901", "40a49_H_24": "2527", "40a49_T_24": "5428", "50A_M_24": "233", "50A_H_24": "209", "50A_Tot_24": "442", "51A_M_24": "203", "51A_H_24": "206", "51A_Tot_24": "409", "52A_M_24": "212", "52A_H_24": "197", "52A_Tot_24": "409", "53A_M_24": "218", "53A_H_24": "206", "53A_Tot_24": "424", "54A_M_24": "186", "54A_H_24": "159", "54A_Tot_24": "345", "55A_M_24": "172", "55A_H_24": "199", "55A_Tot_24": "371", "56A_M_24": "178", "56A_H_24": "177", "56A_Tot_24": "355", "57A_M_24": "206", "57A_H_24": "166", "57A_Tot_24": "372", "58A_M_24": "206", "58A_H_24": "168", "58A_Tot_24": "374", "59A_M_24": "209", "59A_H_24": "175", "59A_Tot_24": "384", "50a59_M_24": "2023", "50a59_H_24": "1862", "50a59_T_24": "3885", "60A_M_24": "200", "60A_H_24": "133", "60A_Tot_24": "333", "61A_M_24": "194", "61A_H_24": "139", "61A_Tot_24": "333", "62A_M_24": "163", "62A_H_24": "142", "62A_Tot_24": "305", "63A_M_24": "189", "63A_H_24": "179", "63A_Tot_24": "368", "64A_M_24": "179", "64A_H_24": "144", "64A_Tot_24": "323", "65A_M_24": "175", "65A_H_24": "150", "65A_Tot_24": "325", "66A_M_24": "152", "66A_H_24": "131", "66A_Tot_24": "283", "67A_M_24": "148", "67A_H_24": "116", "67A_Tot_24": "264", "68A_M_24": "150", "68A_H_24": "116", "68A_Tot_24": "266", "69A_M_24": "144", "69A_H_24": "106", "69A_Tot_24": "250", "60a69_M_24": "1694", "60a69_H_24": "1356", "60a69_T_24": "3050", "70A_M_24": "114", "70A_H_24": "123", "70A_Tot_24": "237", "71A_M_24": "134", "71A_H_24": "99", "71A_Tot_24": "233", "72A_M_24": "108", "72A_H_24": "89", "72A_Tot_24": "197", "73A_M_24": "110", "73A_H_24": "104", "73A_Tot_24": "214", "74A_M_24": "111", "74A_H_24": "85", "74A_Tot_24": "196", "75A_M_24": "100", "75A_H_24": "82", "75A_Tot_24": "182", "76A_M_24": "81", "76A_H_24": "62", "76A_Tot_24": "143", "77A_M_24": "83", "77A_H_24": "79", "77A_Tot_24": "162", "78A_M_24": "89", "78A_H_24": "71", "78A_Tot_24": "160", "79A_M_24": "78", "79A_H_24": "49", "79A_Tot_24": "127", "70a79_M_24": "1008", "70a79_H_24": "843", "70a79_T_24": "1851", "80A_M_24": "72", "80A_H_24": "60", "80A_Tot_24": "132", "81A_M_24": "68", "81A_H_24": "42", "81A_Tot_24": "110", "82A_M_24": "58", "82A_H_24": "33", "82A_Tot_24": "91", "83A_M_24": "47", "83A_H_24": "45", "83A_Tot_24": "92", "84A_M_24": "49", "84A_H_24": "37", "84A_Tot_24": "86", "85A_M_24": "50", "85A_H_24": "30", "85A_Tot_24": "80", "86A_M_24": "38", "86A_H_24": "23", "86A_Tot_24": "61", "87A_M_24": "30", "87A_H_24": "21", "87A_Tot_24": "51", "88A_M_24": "30", "88A_H_24": "23", "88A_Tot_24": "53", "89A_M_24": "27", "89A_H_24": "13", "89A_Tot_24": "40", "80a89_M_24": "469", "80a89_H_24": "327", "80a89_T_24": "796", "90A_M_24": "22", "90A_H_24": "15", "90A_Tot_24": "37", "91A_M_24": "20", "91A_H_24": "7", "91A_Tot_24": "27", "92A_M_24": "18", "92A_H_24": "9", "92A_Tot_24": "27", "93A_M_24": "21", "93A_H_24": "4", "93A_Tot_24": "25", "94A_M_24": "12", "94A_H_24": "6", "94A_Tot_24": "18", "95A_M_24": "6", "95A_H_24": "2", "95A_Tot_24": "8", "96A_M_24": "5", "96A_H_24": "2", "96A_Tot_24": "7", "97A_M_24": "3", "97A_H_24": "1", "97A_Tot_24": "4", "98A_M_24": "5", "98A_H_24": "2", "98A_Tot_24": "7", "99A_M_24": "1", "99A_H_24": "2", "99A_Tot_24": "3", "90a99_M_24": "117", "90a99_H_24": "51", "90a99_T_24": "168", "100A_M_24": "4", "100A_H_24": "1", "100A_T_24": "5", "POB_MUJ_24": "29221", "POB_HOM_24": "26687", "POB_TOT_24": "55908" }, "geometry": null },
{ "type": "Feature", "properties": { "ID": "24", "DEPTO": "Cochabamba", "COD_DEPTO": 30000, "RED_SALUD": "Quillacollo", "COD_REDSAL": 3007, "MUNICIPIO": "Tiquipaya", "COD_MUNI": 30903, "00A_M_24": "393", "00A_H_24": "390", "00A_Tot_24": "783", "01A_M_24": "373", "01A_H_24": "381", "01A_Tot_24": "754", "02A_M_24": "403", "02A_H_24": "427", "02A_Tot_24": "830", "03A_M_24": "414", "03A_H_24": "473", "03A_Tot_24": "887", "04A_M_24": "516", "04A_H_24": "525", "04A_Tot_24": "1041", "0a4A_M_24": "2099", "0a4A_H_24": "2196", "0a4A_T_24": "4295", "05A_M_24": "526", "05A_H_24": "561", "05A_Tot_24": "1087", "06A_M_24": "559", "06A_H_24": "597", "06A_Tot_24": "1156", "07A_M_24": "569", "07A_H_24": "578", "07A_Tot_24": "1147", "08A_M_24": "596", "08A_H_24": "620", "08A_Tot_24": "1216", "09A_M_24": "578", "09A_H_24": "595", "09A_Tot_24": "1173", "5a9A_M_24": "2828", "5a9A_H_24": "2951", "5a9A_T_24": "5779", "10A_M_24": "587", "10A_H_24": "543", "10A_Tot_24": "1130", "11A_M_24": "591", "11A_H_24": "621", "11A_Tot_24": "1212", "12A_M_24": "582", "12A_H_24": "607", "12A_Tot_24": "1189", "13A_M_24": "592", "13A_H_24": "625", "13A_Tot_24": "1217", "14A_M_24": "607", "14A_H_24": "561", "14A_Tot_24": "1168", "10a14_M_24": "2959", "10a14_H_24": "2957", "10a14_T_24": "5916", "15A_M_24": "578", "15A_H_24": "556", "15A_Tot_24": "1134", "16A_M_24": "567", "16A_H_24": "583", "16A_Tot_24": "1150", "17A_M_24": "580", "17A_H_24": "567", "17A_Tot_24": "1147", "18A_M_24": "685", "18A_H_24": "586", "18A_Tot_24": "1271", "19A_M_24": "598", "19A_H_24": "576", "19A_Tot_24": "1174", "15a19_M_24": "3008", "15a19_H_24": "2868", "15a19_T_24": "5876", "20A_M_24": "614", "20A_H_24": "553", "20A_Tot_24": "1167", "21A_M_24": "599", "21A_H_24": "532", "21A_Tot_24": "1131", "22A_M_24": "571", "22A_H_24": "557", "22A_Tot_24": "1128", "23A_M_24": "627", "23A_H_24": "577", "23A_Tot_24": "1204", "24A_M_24": "628", "24A_H_24": "589", "24A_Tot_24": "1217", "25A_M_24": "581", "25A_H_24": "558", "25A_Tot_24": "1139", "26A_M_24": "527", "26A_H_24": "511", "26A_Tot_24": "1038", "27A_M_24": "555", "27A_H_24": "491", "27A_Tot_24": "1046", "28A_M_24": "555", "28A_H_24": "522", "28A_Tot_24": "1077", "29A_M_24": "546", "29A_H_24": "504", "29A_Tot_24": "1050", "20a29_M_24": "5803", "20a29_H_24": "5394", "20a29_T_24": "11197", "30A_M_24": "502", "30A_H_24": "450", "30A_Tot_24": "952", "31A_M_24": "521", "31A_H_24": "460", "31A_Tot_24": "981", "32A_M_24": "505", "32A_H_24": "502", "32A_Tot_24": "1007", "33A_M_24": "559", "33A_H_24": "470", "33A_Tot_24": "1029", "34A_M_24": "519", "34A_H_24": "477", "34A_Tot_24": "996", "35A_M_24": "523", "35A_H_24": "491", "35A_Tot_24": "1014", "36A_M_24": "514", "36A_H_24": "444", "36A_Tot_24": "958", "37A_M_24": "451", "37A_H_24": "427", "37A_Tot_24": "878", "38A_M_24": "480", "38A_H_24": "442", "38A_Tot_24": "922", "39A_M_24": "432", "39A_H_24": "362", "39A_Tot_24": "794", "30a39_M_24": "5006", "30a39_H_24": "4525", "30a39_T_24": "9531", "40A_M_24": "447", "40A_H_24": "431", "40A_Tot_24": "878", "41A_M_24": "446", "41A_H_24": "380", "41A_Tot_24": "826", "42A_M_24": "432", "42A_H_24": "380", "42A_Tot_24": "812", "43A_M_24": "452", "43A_H_24": "391", "43A_Tot_24": "843", "44A_M_24": "437", "44A_H_24": "391", "44A_Tot_24": "828", "45A_M_24": "412", "45A_H_24": "341", "45A_Tot_24": "753", "46A_M_24": "356", "46A_H_24": "335", "46A_Tot_24": "691", "47A_M_24": "387", "47A_H_24": "381", "47A_Tot_24": "768", "48A_M_24": "336", "48A_H_24": "309", "48A_Tot_24": "645", "49A_M_24": "327", "49A_H_24": "294", "49A_Tot_24": "621", "40a49_M_24": "4032", "40a49_H_24": "3633", "40a49_T_24": "7665", "50A_M_24": "330", "50A_H_24": "306", "50A_Tot_24": "636", "51A_M_24": "291", "51A_H_24": "294", "51A_Tot_24": "585", "52A_M_24": "273", "52A_H_24": "264", "52A_Tot_24": "537", "53A_M_24": "292", "53A_H_24": "245", "53A_Tot_24": "537", "54A_M_24": "302", "54A_H_24": "236", "54A_Tot_24": "538", "55A_M_24": "266", "55A_H_24": "201", "55A_Tot_24": "467", "56A_M_24": "246", "56A_H_24": "239", "56A_Tot_24": "485", "57A_M_24": "245", "57A_H_24": "188", "57A_Tot_24": "433", "58A_M_24": "211", "58A_H_24": "198", "58A_Tot_24": "409", "59A_M_24": "244", "59A_H_24": "192", "59A_Tot_24": "436", "50a59_M_24": "2700", "50a59_H_24": "2363", "50a59_T_24": "5063", "60A_M_24": "248", "60A_H_24": "187", "60A_Tot_24": "435", "61A_M_24": "206", "61A_H_24": "182", "61A_Tot_24": "388", "62A_M_24": "199", "62A_H_24": "178", "62A_Tot_24": "377", "63A_M_24": "228", "63A_H_24": "200", "63A_Tot_24": "428", "64A_M_24": "212", "64A_H_24": "167", "64A_Tot_24": "379", "65A_M_24": "173", "65A_H_24": "163", "65A_Tot_24": "336", "66A_M_24": "177", "66A_H_24": "165", "66A_Tot_24": "342", "67A_M_24": "165", "67A_H_24": "139", "67A_Tot_24": "304", "68A_M_24": "172", "68A_H_24": "140", "68A_Tot_24": "312", "69A_M_24": "152", "69A_H_24": "130", "69A_Tot_24": "282", "60a69_M_24": "1932", "60a69_H_24": "1651", "60a69_T_24": "3583", "70A_M_24": "153", "70A_H_24": "127", "70A_Tot_24": "280", "71A_M_24": "119", "71A_H_24": "104", "71A_Tot_24": "223", "72A_M_24": "136", "72A_H_24": "108", "72A_Tot_24": "244", "73A_M_24": "112", "73A_H_24": "94", "73A_Tot_24": "206", "74A_M_24": "127", "74A_H_24": "108", "74A_Tot_24": "235", "75A_M_24": "115", "75A_H_24": "79", "75A_Tot_24": "194", "76A_M_24": "108", "76A_H_24": "102", "76A_Tot_24": "210", "77A_M_24": "94", "77A_H_24": "66", "77A_Tot_24": "160", "78A_M_24": "92", "78A_H_24": "76", "78A_Tot_24": "168", "79A_M_24": "68", "79A_H_24": "58", "79A_Tot_24": "126", "70a79_M_24": "1124", "70a79_H_24": "922", "70a79_T_24": "2046", "80A_M_24": "60", "80A_H_24": "37", "80A_Tot_24": "97", "81A_M_24": "65", "81A_H_24": "45", "81A_Tot_24": "110", "82A_M_24": "34", "82A_H_24": "35", "82A_Tot_24": "69", "83A_M_24": "60", "83A_H_24": "53", "83A_Tot_24": "113", "84A_M_24": "55", "84A_H_24": "34", "84A_Tot_24": "89", "85A_M_24": "42", "85A_H_24": "23", "85A_Tot_24": "65", "86A_M_24": "36", "86A_H_24": "19", "86A_Tot_24": "55", "87A_M_24": "21", "87A_H_24": "15", "87A_Tot_24": "36", "88A_M_24": "32", "88A_H_24": "9", "88A_Tot_24": "41", "89A_M_24": "20", "89A_H_24": "10", "89A_Tot_24": "30", "80a89_M_24": "425", "80a89_H_24": "280", "80a89_T_24": "705", "90A_M_24": "12", "90A_H_24": "14", "90A_Tot_24": "26", "91A_M_24": "19", "91A_H_24": "6", "91A_Tot_24": "25", "92A_M_24": "19", "92A_H_24": "13", "92A_Tot_24": "32", "93A_M_24": "26", "93A_H_24": "11", "93A_Tot_24": "37", "94A_M_24": "9", "94A_H_24": "3", "94A_Tot_24": "12", "95A_M_24": "12", "95A_H_24": "4", "95A_Tot_24": "16", "96A_M_24": "4", "96A_H_24": "4", "96A_Tot_24": "8", "97A_M_24": "6", "97A_H_24": "3", "97A_Tot_24": "9", "98A_M_24": "6", "98A_H_24": "7", "98A_Tot_24": "13", "99A_M_24": "2", "99A_H_24": "0", "99A_Tot_24": "2", "90a99_M_24": "119", "90a99_H_24": "65", "90a99_T_24": "184", "100A_M_24": "4", "100A_H_24": "0", "100A_T_24": "4", "POB_MUJ_24": "32035", "POB_HOM_24": "29805", "POB_TOT_24": "61840" }, "geometry": null },
{ "type": "Feature", "properties": { "ID": "25", "DEPTO": "Cochabamba", "COD_DEPTO": 30000, "RED_SALUD": "Quillacollo", "COD_REDSAL": 3007, "MUNICIPIO": "Vinto", "COD_MUNI": 30904, "00A_M_24": "408", "00A_H_24": "431", "00A_Tot_24": "839", "01A_M_24": "406", "01A_H_24": "452", "01A_Tot_24": "858", "02A_M_24": "429", "02A_H_24": "444", "02A_Tot_24": "873", "03A_M_24": "463", "03A_H_24": "489", "03A_Tot_24": "952", "04A_M_24": "456", "04A_H_24": "503", "04A_Tot_24": "959", "0a4A_M_24": "2162", "0a4A_H_24": "2319", "0a4A_T_24": "4481", "05A_M_24": "492", "05A_H_24": "522", "05A_Tot_24": "1014", "06A_M_24": "555", "06A_H_24": "568", "06A_Tot_24": "1123", "07A_M_24": "562", "07A_H_24": "567", "07A_Tot_24": "1129", "08A_M_24": "590", "08A_H_24": "614", "08A_Tot_24": "1204", "09A_M_24": "597", "09A_H_24": "626", "09A_Tot_24": "1223", "5a9A_M_24": "2796", "5a9A_H_24": "2897", "5a9A_T_24": "5693", "10A_M_24": "571", "10A_H_24": "584", "10A_Tot_24": "1155", "11A_M_24": "632", "11A_H_24": "619", "11A_Tot_24": "1251", "12A_M_24": "583", "12A_H_24": "668", "12A_Tot_24": "1251", "13A_M_24": "561", "13A_H_24": "614", "13A_Tot_24": "1175", "14A_M_24": "604", "14A_H_24": "583", "14A_Tot_24": "1187", "10a14_M_24": "2951", "10a14_H_24": "3068", "10a14_T_24": "6019", "15A_M_24": "553", "15A_H_24": "578", "15A_Tot_24": "1131", "16A_M_24": "527", "16A_H_24": "565", "16A_Tot_24": "1092", "17A_M_24": "592", "17A_H_24": "518", "17A_Tot_24": "1110", "18A_M_24": "582", "18A_H_24": "494", "18A_Tot_24": "1076", "19A_M_24": "544", "19A_H_24": "461", "19A_Tot_24": "1005", "15a19_M_24": "2798", "15a19_H_24": "2616", "15a19_T_24": "5414", "20A_M_24": "589", "20A_H_24": "523", "20A_Tot_24": "1112", "21A_M_24": "553", "21A_H_24": "543", "21A_Tot_24": "1096", "22A_M_24": "554", "22A_H_24": "541", "22A_Tot_24": "1095", "23A_M_24": "636", "23A_H_24": "621", "23A_Tot_24": "1257", "24A_M_24": "582", "24A_H_24": "585", "24A_Tot_24": "1167", "25A_M_24": "546", "25A_H_24": "513", "25A_Tot_24": "1059", "26A_M_24": "562", "26A_H_24": "472", "26A_Tot_24": "1034", "27A_M_24": "527", "27A_H_24": "508", "27A_Tot_24": "1035", "28A_M_24": "573", "28A_H_24": "464", "28A_Tot_24": "1037", "29A_M_24": "518", "29A_H_24": "471", "29A_Tot_24": "989", "20a29_M_24": "5640", "20a29_H_24": "5241", "20a29_T_24": "10881", "30A_M_24": "490", "30A_H_24": "454", "30A_Tot_24": "944", "31A_M_24": "451", "31A_H_24": "415", "31A_Tot_24": "866", "32A_M_24": "473", "32A_H_24": "406", "32A_Tot_24": "879", "33A_M_24": "468", "33A_H_24": "423", "33A_Tot_24": "891", "34A_M_24": "474", "34A_H_24": "397", "34A_Tot_24": "871", "35A_M_24": "426", "35A_H_24": "381", "35A_Tot_24": "807", "36A_M_24": "440", "36A_H_24": "377", "36A_Tot_24": "817", "37A_M_24": "418", "37A_H_24": "299", "37A_Tot_24": "717", "38A_M_24": "396", "38A_H_24": "317", "38A_Tot_24": "713", "39A_M_24": "379", "39A_H_24": "336", "39A_Tot_24": "715", "30a39_M_24": "4415", "30a39_H_24": "3805", "30a39_T_24": "8220", "40A_M_24": "411", "40A_H_24": "328", "40A_Tot_24": "739", "41A_M_24": "350", "41A_H_24": "326", "41A_Tot_24": "676", "42A_M_24": "373", "42A_H_24": "321", "42A_Tot_24": "694", "43A_M_24": "358", "43A_H_24": "331", "43A_Tot_24": "689", "44A_M_24": "370", "44A_H_24": "287", "44A_Tot_24": "657", "45A_M_24": "292", "45A_H_24": "294", "45A_Tot_24": "586", "46A_M_24": "302", "46A_H_24": "237", "46A_Tot_24": "539", "47A_M_24": "302", "47A_H_24": "253", "47A_Tot_24": "555", "48A_M_24": "274", "48A_H_24": "223", "48A_Tot_24": "497", "49A_M_24": "277", "49A_H_24": "200", "49A_Tot_24": "477", "40a49_M_24": "3309", "40a49_H_24": "2800", "40a49_T_24": "6109", "50A_M_24": "250", "50A_H_24": "227", "50A_Tot_24": "477", "51A_M_24": "226", "51A_H_24": "210", "51A_Tot_24": "436", "52A_M_24": "217", "52A_H_24": "199", "52A_Tot_24": "416", "53A_M_24": "236", "53A_H_24": "197", "53A_Tot_24": "433", "54A_M_24": "235", "54A_H_24": "203", "54A_Tot_24": "438", "55A_M_24": "214", "55A_H_24": "148", "55A_Tot_24": "362", "56A_M_24": "196", "56A_H_24": "155", "56A_Tot_24": "351", "57A_M_24": "168", "57A_H_24": "179", "57A_Tot_24": "347", "58A_M_24": "187", "58A_H_24": "174", "58A_Tot_24": "361", "59A_M_24": "149", "59A_H_24": "148", "59A_Tot_24": "297", "50a59_M_24": "2078", "50a59_H_24": "1840", "50a59_T_24": "3918", "60A_M_24": "174", "60A_H_24": "148", "60A_Tot_24": "322", "61A_M_24": "171", "61A_H_24": "159", "61A_Tot_24": "330", "62A_M_24": "170", "62A_H_24": "153", "62A_Tot_24": "323", "63A_M_24": "190", "63A_H_24": "145", "63A_Tot_24": "335", "64A_M_24": "180", "64A_H_24": "156", "64A_Tot_24": "336", "65A_M_24": "156", "65A_H_24": "127", "65A_Tot_24": "283", "66A_M_24": "142", "66A_H_24": "110", "66A_Tot_24": "252", "67A_M_24": "122", "67A_H_24": "107", "67A_Tot_24": "229", "68A_M_24": "135", "68A_H_24": "126", "68A_Tot_24": "261", "69A_M_24": "118", "69A_H_24": "101", "69A_Tot_24": "219", "60a69_M_24": "1558", "60a69_H_24": "1332", "60a69_T_24": "2890", "70A_M_24": "124", "70A_H_24": "101", "70A_Tot_24": "225", "71A_M_24": "117", "71A_H_24": "88", "71A_Tot_24": "205", "72A_M_24": "111", "72A_H_24": "78", "72A_Tot_24": "189", "73A_M_24": "91", "73A_H_24": "83", "73A_Tot_24": "174", "74A_M_24": "100", "74A_H_24": "58", "74A_Tot_24": "158", "75A_M_24": "107", "75A_H_24": "72", "75A_Tot_24": "179", "76A_M_24": "66", "76A_H_24": "57", "76A_Tot_24": "123", "77A_M_24": "75", "77A_H_24": "62", "77A_Tot_24": "137", "78A_M_24": "74", "78A_H_24": "54", "78A_Tot_24": "128", "79A_M_24": "61", "79A_H_24": "52", "79A_Tot_24": "113", "70a79_M_24": "926", "70a79_H_24": "705", "70a79_T_24": "1631", "80A_M_24": "64", "80A_H_24": "45", "80A_Tot_24": "109", "81A_M_24": "46", "81A_H_24": "52", "81A_Tot_24": "98", "82A_M_24": "49", "82A_H_24": "40", "82A_Tot_24": "89", "83A_M_24": "56", "83A_H_24": "36", "83A_Tot_24": "92", "84A_M_24": "38", "84A_H_24": "25", "84A_Tot_24": "63", "85A_M_24": "43", "85A_H_24": "23", "85A_Tot_24": "66", "86A_M_24": "27", "86A_H_24": "17", "86A_Tot_24": "44", "87A_M_24": "31", "87A_H_24": "18", "87A_Tot_24": "49", "88A_M_24": "19", "88A_H_24": "15", "88A_Tot_24": "34", "89A_M_24": "12", "89A_H_24": "9", "89A_Tot_24": "21", "80a89_M_24": "385", "80a89_H_24": "280", "80a89_T_24": "665", "90A_M_24": "14", "90A_H_24": "4", "90A_Tot_24": "18", "91A_M_24": "15", "91A_H_24": "6", "91A_Tot_24": "21", "92A_M_24": "16", "92A_H_24": "9", "92A_Tot_24": "25", "93A_M_24": "20", "93A_H_24": "6", "93A_Tot_24": "26", "94A_M_24": "9", "94A_H_24": "9", "94A_Tot_24": "18", "95A_M_24": "9", "95A_H_24": "2", "95A_Tot_24": "11", "96A_M_24": "4", "96A_H_24": "3", "96A_Tot_24": "7", "97A_M_24": "3", "97A_H_24": "2", "97A_Tot_24": "5", "98A_M_24": "4", "98A_H_24": "1", "98A_Tot_24": "5", "99A_M_24": "3", "99A_H_24": "1", "99A_Tot_24": "4", "90a99_M_24": "99", "90a99_H_24": "44", "90a99_T_24": "143", "100A_M_24": "2", "100A_H_24": "1", "100A_T_24": "3", "POB_MUJ_24": "29117", "POB_HOM_24": "26947", "POB_TOT_24": "56064" }, "geometry": null },
{ "type": "Feature", "properties": { "ID": "26", "DEPTO": "Cochabamba", "COD_DEPTO": 30000, "RED_SALUD": "Quillacollo", "COD_REDSAL": 3007, "MUNICIPIO": "Colcapirhua", "COD_MUNI": 30905, "00A_M_24": "378", "00A_H_24": "381", "00A_Tot_24": "759", "01A_M_24": "405", "01A_H_24": "428", "01A_Tot_24": "833", "02A_M_24": "366", "02A_H_24": "435", "02A_Tot_24": "801", "03A_M_24": "458", "03A_H_24": "431", "03A_Tot_24": "889", "04A_M_24": "481", "04A_H_24": "503", "04A_Tot_24": "984", "0a4A_M_24": "2088", "0a4A_H_24": "2178", "0a4A_T_24": "4266", "05A_M_24": "528", "05A_H_24": "560", "05A_Tot_24": "1088", "06A_M_24": "554", "06A_H_24": "596", "06A_Tot_24": "1150", "07A_M_24": "547", "07A_H_24": "627", "07A_Tot_24": "1174", "08A_M_24": "623", "08A_H_24": "612", "08A_Tot_24": "1235", "09A_M_24": "631", "09A_H_24": "629", "09A_Tot_24": "1260", "5a9A_M_24": "2883", "5a9A_H_24": "3024", "5a9A_T_24": "5907", "10A_M_24": "582", "10A_H_24": "606", "10A_Tot_24": "1188", "11A_M_24": "578", "11A_H_24": "646", "11A_Tot_24": "1224", "12A_M_24": "599", "12A_H_24": "612", "12A_Tot_24": "1211", "13A_M_24": "613", "13A_H_24": "613", "13A_Tot_24": "1226", "14A_M_24": "572", "14A_H_24": "636", "14A_Tot_24": "1208", "10a14_M_24": "2944", "10a14_H_24": "3113", "10a14_T_24": "6057", "15A_M_24": "551", "15A_H_24": "641", "15A_Tot_24": "1192", "16A_M_24": "551", "16A_H_24": "674", "16A_Tot_24": "1225", "17A_M_24": "595", "17A_H_24": "599", "17A_Tot_24": "1194", "18A_M_24": "605", "18A_H_24": "538", "18A_Tot_24": "1143", "19A_M_24": "577", "19A_H_24": "581", "19A_Tot_24": "1158", "15a19_M_24": "2879", "15a19_H_24": "3033", "15a19_T_24": "5912", "20A_M_24": "620", "20A_H_24": "569", "20A_Tot_24": "1189", "21A_M_24": "562", "21A_H_24": "596", "21A_Tot_24": "1158", "22A_M_24": "611", "22A_H_24": "560", "22A_Tot_24": "1171", "23A_M_24": "617", "23A_H_24": "610", "23A_Tot_24": "1227", "24A_M_24": "661", "24A_H_24": "607", "24A_Tot_24": "1268", "25A_M_24": "616", "25A_H_24": "591", "25A_Tot_24": "1207", "26A_M_24": "613", "26A_H_24": "579", "26A_Tot_24": "1192", "27A_M_24": "604", "27A_H_24": "535", "27A_Tot_24": "1139", "28A_M_24": "587", "28A_H_24": "522", "28A_Tot_24": "1109", "29A_M_24": "566", "29A_H_24": "568", "29A_Tot_24": "1134", "20a29_M_24": "6057", "20a29_H_24": "5737", "20a29_T_24": "11794", "30A_M_24": "552", "30A_H_24": "556", "30A_Tot_24": "1108", "31A_M_24": "529", "31A_H_24": "494", "31A_Tot_24": "1023", "32A_M_24": "536", "32A_H_24": "517", "32A_Tot_24": "1053", "33A_M_24": "600", "33A_H_24": "536", "33A_Tot_24": "1136", "34A_M_24": "626", "34A_H_24": "542", "34A_Tot_24": "1168", "35A_M_24": "613", "35A_H_24": "504", "35A_Tot_24": "1117", "36A_M_24": "581", "36A_H_24": "532", "36A_Tot_24": "1113", "37A_M_24": "580", "37A_H_24": "462", "37A_Tot_24": "1042", "38A_M_24": "487", "38A_H_24": "467", "38A_Tot_24": "954", "39A_M_24": "485", "39A_H_24": "419", "39A_Tot_24": "904", "30a39_M_24": "5589", "30a39_H_24": "5029", "30a39_T_24": "10618", "40A_M_24": "520", "40A_H_24": "477", "40A_Tot_24": "997", "41A_M_24": "513", "41A_H_24": "434", "41A_Tot_24": "947", "42A_M_24": "509", "42A_H_24": "495", "42A_Tot_24": "1004", "43A_M_24": "439", "43A_H_24": "440", "43A_Tot_24": "879", "44A_M_24": "483", "44A_H_24": "472", "44A_Tot_24": "955", "45A_M_24": "471", "45A_H_24": "386", "45A_Tot_24": "857", "46A_M_24": "435", "46A_H_24": "389", "46A_Tot_24": "824", "47A_M_24": "376", "47A_H_24": "348", "47A_Tot_24": "724", "48A_M_24": "392", "48A_H_24": "326", "48A_Tot_24": "718", "49A_M_24": "365", "49A_H_24": "349", "49A_Tot_24": "714", "40a49_M_24": "4503", "40a49_H_24": "4116", "40a49_T_24": "8619", "50A_M_24": "370", "50A_H_24": "323", "50A_Tot_24": "693", "51A_M_24": "331", "51A_H_24": "270", "51A_Tot_24": "601", "52A_M_24": "338", "52A_H_24": "257", "52A_Tot_24": "595", "53A_M_24": "321", "53A_H_24": "298", "53A_Tot_24": "619", "54A_M_24": "321", "54A_H_24": "279", "54A_Tot_24": "600", "55A_M_24": "316", "55A_H_24": "287", "55A_Tot_24": "603", "56A_M_24": "275", "56A_H_24": "233", "56A_Tot_24": "508", "57A_M_24": "268", "57A_H_24": "221", "57A_Tot_24": "489", "58A_M_24": "268", "58A_H_24": "229", "58A_Tot_24": "497", "59A_M_24": "300", "59A_H_24": "236", "59A_Tot_24": "536", "50a59_M_24": "3108", "50a59_H_24": "2633", "50a59_T_24": "5741", "60A_M_24": "305", "60A_H_24": "243", "60A_Tot_24": "548", "61A_M_24": "244", "61A_H_24": "224", "61A_Tot_24": "468", "62A_M_24": "269", "62A_H_24": "217", "62A_Tot_24": "486", "63A_M_24": "234", "63A_H_24": "226", "63A_Tot_24": "460", "64A_M_24": "255", "64A_H_24": "212", "64A_Tot_24": "467", "65A_M_24": "246", "65A_H_24": "198", "65A_Tot_24": "444", "66A_M_24": "210", "66A_H_24": "173", "66A_Tot_24": "383", "67A_M_24": "201", "67A_H_24": "178", "67A_Tot_24": "379", "68A_M_24": "184", "68A_H_24": "161", "68A_Tot_24": "345", "69A_M_24": "184", "69A_H_24": "140", "69A_Tot_24": "324", "60a69_M_24": "2332", "60a69_H_24": "1972", "60a69_T_24": "4304", "70A_M_24": "173", "70A_H_24": "136", "70A_Tot_24": "309", "71A_M_24": "165", "71A_H_24": "125", "71A_Tot_24": "290", "72A_M_24": "141", "72A_H_24": "106", "72A_Tot_24": "247", "73A_M_24": "160", "73A_H_24": "106", "73A_Tot_24": "266", "74A_M_24": "117", "74A_H_24": "105", "74A_Tot_24": "222", "75A_M_24": "127", "75A_H_24": "88", "75A_Tot_24": "215", "76A_M_24": "110", "76A_H_24": "91", "76A_Tot_24": "201", "77A_M_24": "99", "77A_H_24": "80", "77A_Tot_24": "179", "78A_M_24": "105", "78A_H_24": "64", "78A_Tot_24": "169", "79A_M_24": "77", "79A_H_24": "46", "79A_Tot_24": "123", "70a79_M_24": "1274", "70a79_H_24": "947", "70a79_T_24": "2221", "80A_M_24": "86", "80A_H_24": "62", "80A_Tot_24": "148", "81A_M_24": "78", "81A_H_24": "44", "81A_Tot_24": "122", "82A_M_24": "66", "82A_H_24": "40", "82A_Tot_24": "106", "83A_M_24": "71", "83A_H_24": "53", "83A_Tot_24": "124", "84A_M_24": "58", "84A_H_24": "36", "84A_Tot_24": "94", "85A_M_24": "48", "85A_H_24": "41", "85A_Tot_24": "89", "86A_M_24": "35", "86A_H_24": "21", "86A_Tot_24": "56", "87A_M_24": "42", "87A_H_24": "33", "87A_Tot_24": "75", "88A_M_24": "39", "88A_H_24": "13", "88A_Tot_24": "52", "89A_M_24": "23", "89A_H_24": "12", "89A_Tot_24": "35", "80a89_M_24": "546", "80a89_H_24": "355", "80a89_T_24": "901", "90A_M_24": "17", "90A_H_24": "15", "90A_Tot_24": "32", "91A_M_24": "26", "91A_H_24": "13", "91A_Tot_24": "39", "92A_M_24": "11", "92A_H_24": "13", "92A_Tot_24": "24", "93A_M_24": "15", "93A_H_24": "5", "93A_Tot_24": "20", "94A_M_24": "6", "94A_H_24": "10", "94A_Tot_24": "16", "95A_M_24": "9", "95A_H_24": "2", "95A_Tot_24": "11", "96A_M_24": "4", "96A_H_24": "2", "96A_Tot_24": "6", "97A_M_24": "3", "97A_H_24": "4", "97A_Tot_24": "7", "98A_M_24": "6", "98A_H_24": "1", "98A_Tot_24": "7", "99A_M_24": "0", "99A_H_24": "1", "99A_Tot_24": "1", "90a99_M_24": "98", "90a99_H_24": "67", "90a99_T_24": "165", "100A_M_24": "1", "100A_H_24": "1", "100A_T_24": "2", "POB_MUJ_24": "34301", "POB_HOM_24": "32204", "POB_TOT_24": "66505" }, "geometry": null },
{ "type": "Feature", "properties": { "ID": "27", "DEPTO": "Cochabamba", "COD_DEPTO": 30000, "RED_SALUD": "Sacaba", "COD_REDSAL": 3008, "MUNICIPIO": "Sacaba", "COD_MUNI": 31001, "00A_M_24": "1357", "00A_H_24": "1324", "00A_Tot_24": "2681", "01A_M_24": "1493", "01A_H_24": "1486", "01A_Tot_24": "2979", "02A_M_24": "1435", "02A_H_24": "1578", "02A_Tot_24": "3013", "03A_M_24": "1578", "03A_H_24": "1671", "03A_Tot_24": "3249", "04A_M_24": "1750", "04A_H_24": "1759", "04A_Tot_24": "3509", "0a4A_M_24": "7613", "0a4A_H_24": "7818", "0a4A_T_24": "15431", "05A_M_24": "1881", "05A_H_24": "1909", "05A_Tot_24": "3790", "06A_M_24": "1973", "06A_H_24": "2105", "06A_Tot_24": "4078", "07A_M_24": "1986", "07A_H_24": "2089", "07A_Tot_24": "4075", "08A_M_24": "2063", "08A_H_24": "2110", "08A_Tot_24": "4173", "09A_M_24": "2055", "09A_H_24": "2139", "09A_Tot_24": "4194", "5a9A_M_24": "9958", "5a9A_H_24": "10352", "5a9A_T_24": "20310", "10A_M_24": "1972", "10A_H_24": "2035", "10A_Tot_24": "4007", "11A_M_24": "2079", "11A_H_24": "2093", "11A_Tot_24": "4172", "12A_M_24": "2139", "12A_H_24": "2120", "12A_Tot_24": "4259", "13A_M_24": "2058", "13A_H_24": "2164", "13A_Tot_24": "4222", "14A_M_24": "2047", "14A_H_24": "2054", "14A_Tot_24": "4101", "10a14_M_24": "10295", "10a14_H_24": "10466", "10a14_T_24": "20761", "15A_M_24": "2002", "15A_H_24": "1940", "15A_Tot_24": "3942", "16A_M_24": "1972", "16A_H_24": "1981", "16A_Tot_24": "3953", "17A_M_24": "2082", "17A_H_24": "2000", "17A_Tot_24": "4082", "18A_M_24": "2226", "18A_H_24": "2048", "18A_Tot_24": "4274", "19A_M_24": "2255", "19A_H_24": "2058", "19A_Tot_24": "4313", "15a19_M_24": "10537", "15a19_H_24": "10027", "15a19_T_24": "20564", "20A_M_24": "2193", "20A_H_24": "2136", "20A_Tot_24": "4329", "21A_M_24": "2241", "21A_H_24": "2178", "21A_Tot_24": "4419", "22A_M_24": "2230", "22A_H_24": "2143", "22A_Tot_24": "4373", "23A_M_24": "2304", "23A_H_24": "2257", "23A_Tot_24": "4561", "24A_M_24": "2328", "24A_H_24": "2201", "24A_Tot_24": "4529", "25A_M_24": "2183", "25A_H_24": "2007", "25A_Tot_24": "4190", "26A_M_24": "2111", "26A_H_24": "2003", "26A_Tot_24": "4114", "27A_M_24": "1986", "27A_H_24": "1916", "27A_Tot_24": "3902", "28A_M_24": "1996", "28A_H_24": "1916", "28A_Tot_24": "3912", "29A_M_24": "1950", "29A_H_24": "1829", "29A_Tot_24": "3779", "20a29_M_24": "21522", "20a29_H_24": "20586", "20a29_T_24": "42108", "30A_M_24": "1967", "30A_H_24": "1848", "30A_Tot_24": "3815", "31A_M_24": "1852", "31A_H_24": "1693", "31A_Tot_24": "3545", "32A_M_24": "1840", "32A_H_24": "1681", "32A_Tot_24": "3521", "33A_M_24": "1822", "33A_H_24": "1725", "33A_Tot_24": "3547", "34A_M_24": "1906", "34A_H_24": "1762", "34A_Tot_24": "3668", "35A_M_24": "1805", "35A_H_24": "1754", "35A_Tot_24": "3559", "36A_M_24": "1797", "36A_H_24": "1622", "36A_Tot_24": "3419", "37A_M_24": "1691", "37A_H_24": "1610", "37A_Tot_24": "3301", "38A_M_24": "1674", "38A_H_24": "1446", "38A_Tot_24": "3120", "39A_M_24": "1480", "39A_H_24": "1371", "39A_Tot_24": "2851", "30a39_M_24": "17834", "30a39_H_24": "16512", "30a39_T_24": "34346", "40A_M_24": "1471", "40A_H_24": "1450", "40A_Tot_24": "2921", "41A_M_24": "1513", "41A_H_24": "1349", "41A_Tot_24": "2862", "42A_M_24": "1457", "42A_H_24": "1440", "42A_Tot_24": "2897", "43A_M_24": "1474", "43A_H_24": "1382", "43A_Tot_24": "2856", "44A_M_24": "1342", "44A_H_24": "1283", "44A_Tot_24": "2625", "45A_M_24": "1305", "45A_H_24": "1203", "45A_Tot_24": "2508", "46A_M_24": "1241", "46A_H_24": "1172", "46A_Tot_24": "2413", "47A_M_24": "1179", "47A_H_24": "1053", "47A_Tot_24": "2232", "48A_M_24": "1157", "48A_H_24": "1016", "48A_Tot_24": "2173", "49A_M_24": "1080", "49A_H_24": "944", "49A_Tot_24": "2024", "40a49_M_24": "13219", "40a49_H_24": "12292", "40a49_T_24": "25511", "50A_M_24": "1068", "50A_H_24": "972", "50A_Tot_24": "2040", "51A_M_24": "997", "51A_H_24": "855", "51A_Tot_24": "1852", "52A_M_24": "954", "52A_H_24": "855", "52A_Tot_24": "1809", "53A_M_24": "970", "53A_H_24": "828", "53A_Tot_24": "1798", "54A_M_24": "980", "54A_H_24": "832", "54A_Tot_24": "1812", "55A_M_24": "878", "55A_H_24": "765", "55A_Tot_24": "1643", "56A_M_24": "838", "56A_H_24": "704", "56A_Tot_24": "1542", "57A_M_24": "825", "57A_H_24": "713", "57A_Tot_24": "1538", "58A_M_24": "774", "58A_H_24": "696", "58A_Tot_24": "1470", "59A_M_24": "858", "59A_H_24": "696", "59A_Tot_24": "1554", "50a59_M_24": "9142", "50a59_H_24": "7916", "50a59_T_24": "17058", "60A_M_24": "795", "60A_H_24": "719", "60A_Tot_24": "1514", "61A_M_24": "740", "61A_H_24": "658", "61A_Tot_24": "1398", "62A_M_24": "696", "62A_H_24": "630", "62A_Tot_24": "1326", "63A_M_24": "790", "63A_H_24": "710", "63A_Tot_24": "1500", "64A_M_24": "746", "64A_H_24": "641", "64A_Tot_24": "1387", "65A_M_24": "754", "65A_H_24": "602", "65A_Tot_24": "1356", "66A_M_24": "636", "66A_H_24": "538", "66A_Tot_24": "1174", "67A_M_24": "558", "67A_H_24": "480", "67A_Tot_24": "1038", "68A_M_24": "601", "68A_H_24": "478", "68A_Tot_24": "1079", "69A_M_24": "562", "69A_H_24": "483", "69A_Tot_24": "1045", "60a69_M_24": "6878", "60a69_H_24": "5939", "60a69_T_24": "12817", "70A_M_24": "564", "70A_H_24": "445", "70A_Tot_24": "1009", "71A_M_24": "498", "71A_H_24": "406", "71A_Tot_24": "904", "72A_M_24": "431", "72A_H_24": "338", "72A_Tot_24": "769", "73A_M_24": "457", "73A_H_24": "342", "73A_Tot_24": "799", "74A_M_24": "364", "74A_H_24": "355", "74A_Tot_24": "719", "75A_M_24": "380", "75A_H_24": "288", "75A_Tot_24": "668", "76A_M_24": "340", "76A_H_24": "252", "76A_Tot_24": "592", "77A_M_24": "295", "77A_H_24": "221", "77A_Tot_24": "516", "78A_M_24": "324", "78A_H_24": "258", "78A_Tot_24": "582", "79A_M_24": "266", "79A_H_24": "193", "79A_Tot_24": "459", "70a79_M_24": "3919", "70a79_H_24": "3098", "70a79_T_24": "7017", "80A_M_24": "222", "80A_H_24": "187", "80A_Tot_24": "409", "81A_M_24": "247", "81A_H_24": "168", "81A_Tot_24": "415", "82A_M_24": "201", "82A_H_24": "138", "82A_Tot_24": "339", "83A_M_24": "211", "83A_H_24": "127", "83A_Tot_24": "338", "84A_M_24": "161", "84A_H_24": "117", "84A_Tot_24": "278", "85A_M_24": "156", "85A_H_24": "85", "85A_Tot_24": "241", "86A_M_24": "107", "86A_H_24": "72", "86A_Tot_24": "179", "87A_M_24": "111", "87A_H_24": "66", "87A_Tot_24": "177", "88A_M_24": "90", "88A_H_24": "36", "88A_Tot_24": "126", "89A_M_24": "92", "89A_H_24": "34", "89A_Tot_24": "126", "80a89_M_24": "1598", "80a89_H_24": "1030", "80a89_T_24": "2628", "90A_M_24": "65", "90A_H_24": "33", "90A_Tot_24": "98", "91A_M_24": "59", "91A_H_24": "25", "91A_Tot_24": "84", "92A_M_24": "71", "92A_H_24": "33", "92A_Tot_24": "104", "93A_M_24": "57", "93A_H_24": "24", "93A_Tot_24": "81", "94A_M_24": "33", "94A_H_24": "11", "94A_Tot_24": "44", "95A_M_24": "23", "95A_H_24": "11", "95A_Tot_24": "34", "96A_M_24": "17", "96A_H_24": "8", "96A_Tot_24": "25", "97A_M_24": "16", "97A_H_24": "5", "97A_Tot_24": "21", "98A_M_24": "16", "98A_H_24": "8", "98A_Tot_24": "24", "99A_M_24": "10", "99A_H_24": "2", "99A_Tot_24": "12", "90a99_M_24": "378", "90a99_H_24": "163", "90a99_T_24": "541", "100A_M_24": "11", "100A_H_24": "3", "100A_T_24": "14", "POB_MUJ_24": "112893", "POB_HOM_24": "106199", "POB_TOT_24": "219092" }, "geometry": null },
{ "type": "Feature", "properties": { "ID": "28", "DEPTO": "Cochabamba", "COD_DEPTO": 30000, "RED_SALUD": "Sacaba", "COD_REDSAL": 3008, "MUNICIPIO": "Colomi", "COD_MUNI": 31002, "00A_M_24": "143", "00A_H_24": "136", "00A_Tot_24": "279", "01A_M_24": "183", "01A_H_24": "168", "01A_Tot_24": "351", "02A_M_24": "166", "02A_H_24": "186", "02A_Tot_24": "352", "03A_M_24": "191", "03A_H_24": "190", "03A_Tot_24": "381", "04A_M_24": "201", "04A_H_24": "219", "04A_Tot_24": "420", "0a4A_M_24": "884", "0a4A_H_24": "899", "0a4A_T_24": "1783", "05A_M_24": "184", "05A_H_24": "199", "05A_Tot_24": "383", "06A_M_24": "214", "06A_H_24": "225", "06A_Tot_24": "439", "07A_M_24": "225", "07A_H_24": "231", "07A_Tot_24": "456", "08A_M_24": "201", "08A_H_24": "256", "08A_Tot_24": "457", "09A_M_24": "239", "09A_H_24": "242", "09A_Tot_24": "481", "5a9A_M_24": "1063", "5a9A_H_24": "1153", "5a9A_T_24": "2216", "10A_M_24": "196", "10A_H_24": "251", "10A_Tot_24": "447", "11A_M_24": "199", "11A_H_24": "236", "11A_Tot_24": "435", "12A_M_24": "256", "12A_H_24": "240", "12A_Tot_24": "496", "13A_M_24": "215", "13A_H_24": "245", "13A_Tot_24": "460", "14A_M_24": "231", "14A_H_24": "245", "14A_Tot_24": "476", "10a14_M_24": "1097", "10a14_H_24": "1217", "10a14_T_24": "2314", "15A_M_24": "209", "15A_H_24": "195", "15A_Tot_24": "404", "16A_M_24": "229", "16A_H_24": "251", "16A_Tot_24": "480", "17A_M_24": "208", "17A_H_24": "213", "17A_Tot_24": "421", "18A_M_24": "221", "18A_H_24": "279", "18A_Tot_24": "500", "19A_M_24": "195", "19A_H_24": "215", "19A_Tot_24": "410", "15a19_M_24": "1062", "15a19_H_24": "1153", "15a19_T_24": "2215", "20A_M_24": "196", "20A_H_24": "210", "20A_Tot_24": "406", "21A_M_24": "194", "21A_H_24": "242", "21A_Tot_24": "436", "22A_M_24": "181", "22A_H_24": "207", "22A_Tot_24": "388", "23A_M_24": "200", "23A_H_24": "238", "23A_Tot_24": "438", "24A_M_24": "214", "24A_H_24": "235", "24A_Tot_24": "449", "25A_M_24": "204", "25A_H_24": "176", "25A_Tot_24": "380", "26A_M_24": "164", "26A_H_24": "191", "26A_Tot_24": "355", "27A_M_24": "179", "27A_H_24": "197", "27A_Tot_24": "376", "28A_M_24": "183", "28A_H_24": "187", "28A_Tot_24": "370", "29A_M_24": "166", "29A_H_24": "151", "29A_Tot_24": "317", "20a29_M_24": "1881", "20a29_H_24": "2034", "20a29_T_24": "3915", "30A_M_24": "158", "30A_H_24": "131", "30A_Tot_24": "289", "31A_M_24": "161", "31A_H_24": "160", "31A_Tot_24": "321", "32A_M_24": "133", "32A_H_24": "156", "32A_Tot_24": "289", "33A_M_24": "167", "33A_H_24": "137", "33A_Tot_24": "304", "34A_M_24": "145", "34A_H_24": "175", "34A_Tot_24": "320", "35A_M_24": "153", "35A_H_24": "147", "35A_Tot_24": "300", "36A_M_24": "137", "36A_H_24": "136", "36A_Tot_24": "273", "37A_M_24": "121", "37A_H_24": "129", "37A_Tot_24": "250", "38A_M_24": "137", "38A_H_24": "153", "38A_Tot_24": "290", "39A_M_24": "116", "39A_H_24": "134", "39A_Tot_24": "250", "30a39_M_24": "1428", "30a39_H_24": "1458", "30a39_T_24": "2886", "40A_M_24": "137", "40A_H_24": "134", "40A_Tot_24": "271", "41A_M_24": "122", "41A_H_24": "134", "41A_Tot_24": "256", "42A_M_24": "126", "42A_H_24": "120", "42A_Tot_24": "246", "43A_M_24": "122", "43A_H_24": "128", "43A_Tot_24": "250", "44A_M_24": "117", "44A_H_24": "118", "44A_Tot_24": "235", "45A_M_24": "97", "45A_H_24": "118", "45A_Tot_24": "215", "46A_M_24": "95", "46A_H_24": "107", "46A_Tot_24": "202", "47A_M_24": "98", "47A_H_24": "106", "47A_Tot_24": "204", "48A_M_24": "94", "48A_H_24": "119", "48A_Tot_24": "213", "49A_M_24": "97", "49A_H_24": "106", "49A_Tot_24": "203", "40a49_M_24": "1105", "40a49_H_24": "1190", "40a49_T_24": "2295", "50A_M_24": "118", "50A_H_24": "101", "50A_Tot_24": "219", "51A_M_24": "97", "51A_H_24": "78", "51A_Tot_24": "175", "52A_M_24": "83", "52A_H_24": "91", "52A_Tot_24": "174", "53A_M_24": "79", "53A_H_24": "98", "53A_Tot_24": "177", "54A_M_24": "100", "54A_H_24": "102", "54A_Tot_24": "202", "55A_M_24": "89", "55A_H_24": "92", "55A_Tot_24": "181", "56A_M_24": "92", "56A_H_24": "87", "56A_Tot_24": "179", "57A_M_24": "92", "57A_H_24": "93", "57A_Tot_24": "185", "58A_M_24": "95", "58A_H_24": "93", "58A_Tot_24": "188", "59A_M_24": "72", "59A_H_24": "71", "59A_Tot_24": "143", "50a59_M_24": "917", "50a59_H_24": "906", "50a59_T_24": "1823", "60A_M_24": "79", "60A_H_24": "72", "60A_Tot_24": "151", "61A_M_24": "70", "61A_H_24": "79", "61A_Tot_24": "149", "62A_M_24": "73", "62A_H_24": "65", "62A_Tot_24": "138", "63A_M_24": "75", "63A_H_24": "94", "63A_Tot_24": "169", "64A_M_24": "74", "64A_H_24": "72", "64A_Tot_24": "146", "65A_M_24": "78", "65A_H_24": "74", "65A_Tot_24": "152", "66A_M_24": "53", "66A_H_24": "46", "66A_Tot_24": "99", "67A_M_24": "50", "67A_H_24": "55", "67A_Tot_24": "105", "68A_M_24": "62", "68A_H_24": "53", "68A_Tot_24": "115", "69A_M_24": "44", "69A_H_24": "35", "69A_Tot_24": "79", "60a69_M_24": "658", "60a69_H_24": "645", "60a69_T_24": "1303", "70A_M_24": "54", "70A_H_24": "54", "70A_Tot_24": "108", "71A_M_24": "43", "71A_H_24": "53", "71A_Tot_24": "96", "72A_M_24": "35", "72A_H_24": "31", "72A_Tot_24": "66", "73A_M_24": "47", "73A_H_24": "29", "73A_Tot_24": "76", "74A_M_24": "43", "74A_H_24": "33", "74A_Tot_24": "76", "75A_M_24": "26", "75A_H_24": "29", "75A_Tot_24": "55", "76A_M_24": "32", "76A_H_24": "26", "76A_Tot_24": "58", "77A_M_24": "34", "77A_H_24": "23", "77A_Tot_24": "57", "78A_M_24": "48", "78A_H_24": "28", "78A_Tot_24": "76", "79A_M_24": "35", "79A_H_24": "33", "79A_Tot_24": "68", "70a79_M_24": "397", "70a79_H_24": "339", "70a79_T_24": "736", "80A_M_24": "39", "80A_H_24": "22", "80A_Tot_24": "61", "81A_M_24": "22", "81A_H_24": "15", "81A_Tot_24": "37", "82A_M_24": "22", "82A_H_24": "22", "82A_Tot_24": "44", "83A_M_24": "20", "83A_H_24": "17", "83A_Tot_24": "37", "84A_M_24": "14", "84A_H_24": "11", "84A_Tot_24": "25", "85A_M_24": "22", "85A_H_24": "21", "85A_Tot_24": "43", "86A_M_24": "10", "86A_H_24": "7", "86A_Tot_24": "17", "87A_M_24": "15", "87A_H_24": "6", "87A_Tot_24": "21", "88A_M_24": "16", "88A_H_24": "5", "88A_Tot_24": "21", "89A_M_24": "10", "89A_H_24": "8", "89A_Tot_24": "18", "80a89_M_24": "190", "80a89_H_24": "134", "80a89_T_24": "324", "90A_M_24": "5", "90A_H_24": "1", "90A_Tot_24": "6", "91A_M_24": "4", "91A_H_24": "0", "91A_Tot_24": "4", "92A_M_24": "3", "92A_H_24": "1", "92A_Tot_24": "4", "93A_M_24": "4", "93A_H_24": "5", "93A_Tot_24": "9", "94A_M_24": "2", "94A_H_24": "1", "94A_Tot_24": "3", "95A_M_24": "0", "95A_H_24": "1", "95A_Tot_24": "1", "96A_M_24": "2", "96A_H_24": "1", "96A_Tot_24": "3", "97A_M_24": "1", "97A_H_24": "0", "97A_Tot_24": "1", "98A_M_24": "1", "98A_H_24": "0", "98A_Tot_24": "1", "99A_M_24": "0", "99A_H_24": "1", "99A_Tot_24": "1", "90a99_M_24": "24", "90a99_H_24": "12", "90a99_T_24": "36", "100A_M_24": "2", "100A_H_24": "1", "100A_T_24": "3", "POB_MUJ_24": "10706", "POB_HOM_24": "11140", "POB_TOT_24": "21846" }, "geometry": null },
{ "type": "Feature", "properties": { "ID": "29", "DEPTO": "Cochabamba", "COD_DEPTO": 30000, "RED_SALUD": "Villa Tunari", "COD_REDSAL": 3005, "MUNICIPIO": "Villa Tunari", "COD_MUNI": 31003, "00A_M_24": "601", "00A_H_24": "679", "00A_Tot_24": "1280", "01A_M_24": "742", "01A_H_24": "854", "01A_Tot_24": "1596", "02A_M_24": "821", "02A_H_24": "834", "02A_Tot_24": "1655", "03A_M_24": "875", "03A_H_24": "857", "03A_Tot_24": "1732", "04A_M_24": "861", "04A_H_24": "868", "04A_Tot_24": "1729", "0a4A_M_24": "3900", "0a4A_H_24": "4092", "0a4A_T_24": "7992", "05A_M_24": "940", "05A_H_24": "964", "05A_Tot_24": "1904", "06A_M_24": "955", "06A_H_24": "1019", "06A_Tot_24": "1974", "07A_M_24": "943", "07A_H_24": "1021", "07A_Tot_24": "1964", "08A_M_24": "984", "08A_H_24": "989", "08A_Tot_24": "1973", "09A_M_24": "997", "09A_H_24": "1034", "09A_Tot_24": "2031", "5a9A_M_24": "4819", "5a9A_H_24": "5027", "5a9A_T_24": "9846", "10A_M_24": "944", "10A_H_24": "1026", "10A_Tot_24": "1970", "11A_M_24": "980", "11A_H_24": "1000", "11A_Tot_24": "1980", "12A_M_24": "1075", "12A_H_24": "1091", "12A_Tot_24": "2166", "13A_M_24": "1042", "13A_H_24": "1076", "13A_Tot_24": "2118", "14A_M_24": "926", "14A_H_24": "1000", "14A_Tot_24": "1926", "10a14_M_24": "4967", "10a14_H_24": "5193", "10a14_T_24": "10160", "15A_M_24": "884", "15A_H_24": "1028", "15A_Tot_24": "1912", "16A_M_24": "791", "16A_H_24": "976", "16A_Tot_24": "1767", "17A_M_24": "809", "17A_H_24": "962", "17A_Tot_24": "1771", "18A_M_24": "746", "18A_H_24": "904", "18A_Tot_24": "1650", "19A_M_24": "767", "19A_H_24": "929", "19A_Tot_24": "1696", "15a19_M_24": "3997", "15a19_H_24": "4799", "15a19_T_24": "8796", "20A_M_24": "718", "20A_H_24": "921", "20A_Tot_24": "1639", "21A_M_24": "792", "21A_H_24": "919", "21A_Tot_24": "1711", "22A_M_24": "809", "22A_H_24": "913", "22A_Tot_24": "1722", "23A_M_24": "928", "23A_H_24": "1070", "23A_Tot_24": "1998", "24A_M_24": "969", "24A_H_24": "1123", "24A_Tot_24": "2092", "25A_M_24": "895", "25A_H_24": "963", "25A_Tot_24": "1858", "26A_M_24": "825", "26A_H_24": "1038", "26A_Tot_24": "1863", "27A_M_24": "834", "27A_H_24": "969", "27A_Tot_24": "1803", "28A_M_24": "851", "28A_H_24": "917", "28A_Tot_24": "1768", "29A_M_24": "846", "29A_H_24": "958", "29A_Tot_24": "1804", "20a29_M_24": "8467", "20a29_H_24": "9791", "20a29_T_24": "18258", "30A_M_24": "800", "30A_H_24": "888", "30A_Tot_24": "1688", "31A_M_24": "778", "31A_H_24": "781", "31A_Tot_24": "1559", "32A_M_24": "765", "32A_H_24": "862", "32A_Tot_24": "1627", "33A_M_24": "687", "33A_H_24": "808", "33A_Tot_24": "1495", "34A_M_24": "716", "34A_H_24": "811", "34A_Tot_24": "1527", "35A_M_24": "712", "35A_H_24": "841", "35A_Tot_24": "1553", "36A_M_24": "591", "36A_H_24": "743", "36A_Tot_24": "1334", "37A_M_24": "611", "37A_H_24": "706", "37A_Tot_24": "1317", "38A_M_24": "637", "38A_H_24": "738", "38A_Tot_24": "1375", "39A_M_24": "528", "39A_H_24": "694", "39A_Tot_24": "1222", "30a39_M_24": "6825", "30a39_H_24": "7872", "30a39_T_24": "14697", "40A_M_24": "513", "40A_H_24": "719", "40A_Tot_24": "1232", "41A_M_24": "510", "41A_H_24": "646", "41A_Tot_24": "1156", "42A_M_24": "499", "42A_H_24": "614", "42A_Tot_24": "1113", "43A_M_24": "493", "43A_H_24": "607", "43A_Tot_24": "1100", "44A_M_24": "488", "44A_H_24": "621", "44A_Tot_24": "1109", "45A_M_24": "510", "45A_H_24": "557", "45A_Tot_24": "1067", "46A_M_24": "415", "46A_H_24": "562", "46A_Tot_24": "977", "47A_M_24": "381", "47A_H_24": "500", "47A_Tot_24": "881", "48A_M_24": "357", "48A_H_24": "506", "48A_Tot_24": "863", "49A_M_24": "391", "49A_H_24": "445", "49A_Tot_24": "836", "40a49_M_24": "4557", "40a49_H_24": "5777", "40a49_T_24": "10334", "50A_M_24": "362", "50A_H_24": "477", "50A_Tot_24": "839", "51A_M_24": "326", "51A_H_24": "401", "51A_Tot_24": "727", "52A_M_24": "333", "52A_H_24": "408", "52A_Tot_24": "741", "53A_M_24": "349", "53A_H_24": "472", "53A_Tot_24": "821", "54A_M_24": "350", "54A_H_24": "421", "54A_Tot_24": "771", "55A_M_24": "287", "55A_H_24": "407", "55A_Tot_24": "694", "56A_M_24": "290", "56A_H_24": "373", "56A_Tot_24": "663", "57A_M_24": "299", "57A_H_24": "416", "57A_Tot_24": "715", "58A_M_24": "280", "58A_H_24": "381", "58A_Tot_24": "661", "59A_M_24": "278", "59A_H_24": "387", "59A_Tot_24": "665", "50a59_M_24": "3154", "50a59_H_24": "4143", "50a59_T_24": "7297", "60A_M_24": "249", "60A_H_24": "348", "60A_Tot_24": "597", "61A_M_24": "230", "61A_H_24": "314", "61A_Tot_24": "544", "62A_M_24": "214", "62A_H_24": "296", "62A_Tot_24": "510", "63A_M_24": "237", "63A_H_24": "310", "63A_Tot_24": "547", "64A_M_24": "206", "64A_H_24": "282", "64A_Tot_24": "488", "65A_M_24": "153", "65A_H_24": "251", "65A_Tot_24": "404", "66A_M_24": "146", "66A_H_24": "188", "66A_Tot_24": "334", "67A_M_24": "120", "67A_H_24": "178", "67A_Tot_24": "298", "68A_M_24": "129", "68A_H_24": "184", "68A_Tot_24": "313", "69A_M_24": "93", "69A_H_24": "165", "69A_Tot_24": "258", "60a69_M_24": "1777", "60a69_H_24": "2516", "60a69_T_24": "4293", "70A_M_24": "102", "70A_H_24": "129", "70A_Tot_24": "231", "71A_M_24": "90", "71A_H_24": "135", "71A_Tot_24": "225", "72A_M_24": "92", "72A_H_24": "102", "72A_Tot_24": "194", "73A_M_24": "77", "73A_H_24": "111", "73A_Tot_24": "188", "74A_M_24": "78", "74A_H_24": "120", "74A_Tot_24": "198", "75A_M_24": "70", "75A_H_24": "70", "75A_Tot_24": "140", "76A_M_24": "49", "76A_H_24": "71", "76A_Tot_24": "120", "77A_M_24": "53", "77A_H_24": "66", "77A_Tot_24": "119", "78A_M_24": "47", "78A_H_24": "50", "78A_Tot_24": "97", "79A_M_24": "25", "79A_H_24": "44", "79A_Tot_24": "69", "70a79_M_24": "683", "70a79_H_24": "898", "70a79_T_24": "1581", "80A_M_24": "34", "80A_H_24": "37", "80A_Tot_24": "71", "81A_M_24": "37", "81A_H_24": "28", "81A_Tot_24": "65", "82A_M_24": "26", "82A_H_24": "34", "82A_Tot_24": "60", "83A_M_24": "30", "83A_H_24": "32", "83A_Tot_24": "62", "84A_M_24": "23", "84A_H_24": "28", "84A_Tot_24": "51", "85A_M_24": "13", "85A_H_24": "22", "85A_Tot_24": "35", "86A_M_24": "15", "86A_H_24": "8", "86A_Tot_24": "23", "87A_M_24": "12", "87A_H_24": "14", "87A_Tot_24": "26", "88A_M_24": "6", "88A_H_24": "7", "88A_Tot_24": "13", "89A_M_24": "5", "89A_H_24": "10", "89A_Tot_24": "15", "80a89_M_24": "201", "80a89_H_24": "220", "80a89_T_24": "421", "90A_M_24": "7", "90A_H_24": "5", "90A_Tot_24": "12", "91A_M_24": "5", "91A_H_24": "4", "91A_Tot_24": "9", "92A_M_24": "9", "92A_H_24": "2", "92A_Tot_24": "11", "93A_M_24": "3", "93A_H_24": "4", "93A_Tot_24": "7", "94A_M_24": "3", "94A_H_24": "6", "94A_Tot_24": "9", "95A_M_24": "2", "95A_H_24": "3", "95A_Tot_24": "5", "96A_M_24": "3", "96A_H_24": "2", "96A_Tot_24": "5", "97A_M_24": "0", "97A_H_24": "1", "97A_Tot_24": "1", "98A_M_24": "3", "98A_H_24": "4", "98A_Tot_24": "7", "99A_M_24": "0", "99A_H_24": "2", "99A_Tot_24": "2", "90a99_M_24": "38", "90a99_H_24": "34", "90a99_T_24": "72", "100A_M_24": "3", "100A_H_24": "1", "100A_T_24": "4", "POB_MUJ_24": "43385", "POB_HOM_24": "50362", "POB_TOT_24": "93747" }, "geometry": null },
{ "type": "Feature", "properties": { "ID": "30", "DEPTO": "Cochabamba", "COD_DEPTO": 30000, "RED_SALUD": "Tapacari", "COD_REDSAL": 3014, "MUNICIPIO": "Tapacari", "COD_MUNI": 31101, "00A_M_24": "175", "00A_H_24": "197", "00A_Tot_24": "372", "01A_M_24": "204", "01A_H_24": "220", "01A_Tot_24": "424", "02A_M_24": "213", "02A_H_24": "210", "02A_Tot_24": "423", "03A_M_24": "238", "03A_H_24": "239", "03A_Tot_24": "477", "04A_M_24": "242", "04A_H_24": "235", "04A_Tot_24": "477", "0a4A_M_24": "1072", "0a4A_H_24": "1101", "0a4A_T_24": "2173", "05A_M_24": "218", "05A_H_24": "246", "05A_Tot_24": "464", "06A_M_24": "281", "06A_H_24": "262", "06A_Tot_24": "543", "07A_M_24": "297", "07A_H_24": "293", "07A_Tot_24": "590", "08A_M_24": "281", "08A_H_24": "297", "08A_Tot_24": "578", "09A_M_24": "273", "09A_H_24": "300", "09A_Tot_24": "573", "5a9A_M_24": "1350", "5a9A_H_24": "1398", "5a9A_T_24": "2748", "10A_M_24": "263", "10A_H_24": "270", "10A_Tot_24": "533", "11A_M_24": "244", "11A_H_24": "294", "11A_Tot_24": "538", "12A_M_24": "257", "12A_H_24": "299", "12A_Tot_24": "556", "13A_M_24": "268", "13A_H_24": "279", "13A_Tot_24": "547", "14A_M_24": "231", "14A_H_24": "264", "14A_Tot_24": "495", "10a14_M_24": "1263", "10a14_H_24": "1406", "10a14_T_24": "2669", "15A_M_24": "231", "15A_H_24": "237", "15A_Tot_24": "468", "16A_M_24": "213", "16A_H_24": "213", "16A_Tot_24": "426", "17A_M_24": "225", "17A_H_24": "229", "17A_Tot_24": "454", "18A_M_24": "234", "18A_H_24": "189", "18A_Tot_24": "423", "19A_M_24": "157", "19A_H_24": "180", "19A_Tot_24": "337", "15a19_M_24": "1060", "15a19_H_24": "1048", "15a19_T_24": "2108", "20A_M_24": "158", "20A_H_24": "194", "20A_Tot_24": "352", "21A_M_24": "179", "21A_H_24": "214", "21A_Tot_24": "393", "22A_M_24": "174", "22A_H_24": "236", "22A_Tot_24": "410", "23A_M_24": "196", "23A_H_24": "230", "23A_Tot_24": "426", "24A_M_24": "189", "24A_H_24": "199", "24A_Tot_24": "388", "25A_M_24": "151", "25A_H_24": "171", "25A_Tot_24": "322", "26A_M_24": "184", "26A_H_24": "206", "26A_Tot_24": "390", "27A_M_24": "196", "27A_H_24": "178", "27A_Tot_24": "374", "28A_M_24": "157", "28A_H_24": "179", "28A_Tot_24": "336", "29A_M_24": "151", "29A_H_24": "199", "29A_Tot_24": "350", "20a29_M_24": "1735", "20a29_H_24": "2006", "20a29_T_24": "3741", "30A_M_24": "143", "30A_H_24": "176", "30A_Tot_24": "319", "31A_M_24": "130", "31A_H_24": "148", "31A_Tot_24": "278", "32A_M_24": "133", "32A_H_24": "169", "32A_Tot_24": "302", "33A_M_24": "104", "33A_H_24": "148", "33A_Tot_24": "252", "34A_M_24": "128", "34A_H_24": "170", "34A_Tot_24": "298", "35A_M_24": "124", "35A_H_24": "179", "35A_Tot_24": "303", "36A_M_24": "106", "36A_H_24": "144", "36A_Tot_24": "250", "37A_M_24": "109", "37A_H_24": "143", "37A_Tot_24": "252", "38A_M_24": "113", "38A_H_24": "185", "38A_Tot_24": "298", "39A_M_24": "109", "39A_H_24": "140", "39A_Tot_24": "249", "30a39_M_24": "1199", "30a39_H_24": "1602", "30a39_T_24": "2801", "40A_M_24": "120", "40A_H_24": "166", "40A_Tot_24": "286", "41A_M_24": "113", "41A_H_24": "154", "41A_Tot_24": "267", "42A_M_24": "121", "42A_H_24": "154", "42A_Tot_24": "275", "43A_M_24": "119", "43A_H_24": "146", "43A_Tot_24": "265", "44A_M_24": "136", "44A_H_24": "152", "44A_Tot_24": "288", "45A_M_24": "127", "45A_H_24": "135", "45A_Tot_24": "262", "46A_M_24": "127", "46A_H_24": "152", "46A_Tot_24": "279", "47A_M_24": "108", "47A_H_24": "140", "47A_Tot_24": "248", "48A_M_24": "110", "48A_H_24": "133", "48A_Tot_24": "243", "49A_M_24": "112", "49A_H_24": "109", "49A_Tot_24": "221", "40a49_M_24": "1193", "40a49_H_24": "1441", "40a49_T_24": "2634", "50A_M_24": "111", "50A_H_24": "142", "50A_Tot_24": "253", "51A_M_24": "121", "51A_H_24": "112", "51A_Tot_24": "233", "52A_M_24": "94", "52A_H_24": "117", "52A_Tot_24": "211", "53A_M_24": "118", "53A_H_24": "130", "53A_Tot_24": "248", "54A_M_24": "110", "54A_H_24": "115", "54A_Tot_24": "225", "55A_M_24": "112", "55A_H_24": "109", "55A_Tot_24": "221", "56A_M_24": "123", "56A_H_24": "83", "56A_Tot_24": "206", "57A_M_24": "111", "57A_H_24": "114", "57A_Tot_24": "225", "58A_M_24": "111", "58A_H_24": "109", "58A_Tot_24": "220", "59A_M_24": "113", "59A_H_24": "124", "59A_Tot_24": "237", "50a59_M_24": "1124", "50a59_H_24": "1155", "50a59_T_24": "2279", "60A_M_24": "98", "60A_H_24": "108", "60A_Tot_24": "206", "61A_M_24": "96", "61A_H_24": "117", "61A_Tot_24": "213", "62A_M_24": "89", "62A_H_24": "105", "62A_Tot_24": "194", "63A_M_24": "105", "63A_H_24": "119", "63A_Tot_24": "224", "64A_M_24": "100", "64A_H_24": "115", "64A_Tot_24": "215", "65A_M_24": "109", "65A_H_24": "110", "65A_Tot_24": "219", "66A_M_24": "84", "66A_H_24": "77", "66A_Tot_24": "161", "67A_M_24": "83", "67A_H_24": "85", "67A_Tot_24": "168", "68A_M_24": "77", "68A_H_24": "78", "68A_Tot_24": "155", "69A_M_24": "50", "69A_H_24": "80", "69A_Tot_24": "130", "60a69_M_24": "891", "60a69_H_24": "994", "60a69_T_24": "1885", "70A_M_24": "83", "70A_H_24": "71", "70A_Tot_24": "154", "71A_M_24": "58", "71A_H_24": "60", "71A_Tot_24": "118", "72A_M_24": "67", "72A_H_24": "60", "72A_Tot_24": "127", "73A_M_24": "51", "73A_H_24": "63", "73A_Tot_24": "114", "74A_M_24": "56", "74A_H_24": "60", "74A_Tot_24": "116", "75A_M_24": "53", "75A_H_24": "59", "75A_Tot_24": "112", "76A_M_24": "47", "76A_H_24": "37", "76A_Tot_24": "84", "77A_M_24": "45", "77A_H_24": "42", "77A_Tot_24": "87", "78A_M_24": "44", "78A_H_24": "39", "78A_Tot_24": "83", "79A_M_24": "47", "79A_H_24": "46", "79A_Tot_24": "93", "70a79_M_24": "551", "70a79_H_24": "537", "70a79_T_24": "1088", "80A_M_24": "42", "80A_H_24": "26", "80A_Tot_24": "68", "81A_M_24": "38", "81A_H_24": "35", "81A_Tot_24": "73", "82A_M_24": "25", "82A_H_24": "26", "82A_Tot_24": "51", "83A_M_24": "25", "83A_H_24": "27", "83A_Tot_24": "52", "84A_M_24": "31", "84A_H_24": "13", "84A_Tot_24": "44", "85A_M_24": "24", "85A_H_24": "16", "85A_Tot_24": "40", "86A_M_24": "18", "86A_H_24": "6", "86A_Tot_24": "24", "87A_M_24": "16", "87A_H_24": "14", "87A_Tot_24": "30", "88A_M_24": "18", "88A_H_24": "4", "88A_Tot_24": "22", "89A_M_24": "6", "89A_H_24": "9", "89A_Tot_24": "15", "80a89_M_24": "243", "80a89_H_24": "176", "80a89_T_24": "419", "90A_M_24": "9", "90A_H_24": "3", "90A_Tot_24": "12", "91A_M_24": "11", "91A_H_24": "7", "91A_Tot_24": "18", "92A_M_24": "30", "92A_H_24": "11", "92A_Tot_24": "41", "93A_M_24": "13", "93A_H_24": "3", "93A_Tot_24": "16", "94A_M_24": "8", "94A_H_24": "2", "94A_Tot_24": "10", "95A_M_24": "5", "95A_H_24": "4", "95A_Tot_24": "9", "96A_M_24": "2", "96A_H_24": "2", "96A_Tot_24": "4", "97A_M_24": "2", "97A_H_24": "1", "97A_Tot_24": "3", "98A_M_24": "1", "98A_H_24": "2", "98A_Tot_24": "3", "99A_M_24": "2", "99A_H_24": "1", "99A_Tot_24": "3", "90a99_M_24": "85", "90a99_H_24": "36", "90a99_T_24": "121", "100A_M_24": "2", "100A_H_24": "0", "100A_T_24": "2", "POB_MUJ_24": "11766", "POB_HOM_24": "12900", "POB_TOT_24": "24666" }, "geometry": null },
{ "type": "Feature", "properties": { "ID": "31", "DEPTO": "Cochabamba", "COD_DEPTO": 30000, "RED_SALUD": "Totora", "COD_REDSAL": 3010, "MUNICIPIO": "Totora", "COD_MUNI": 31201, "00A_M_24": "127", "00A_H_24": "130", "00A_Tot_24": "257", "01A_M_24": "144", "01A_H_24": "156", "01A_Tot_24": "300", "02A_M_24": "161", "02A_H_24": "145", "02A_Tot_24": "306", "03A_M_24": "169", "03A_H_24": "181", "03A_Tot_24": "350", "04A_M_24": "143", "04A_H_24": "162", "04A_Tot_24": "305", "0a4A_M_24": "744", "0a4A_H_24": "774", "0a4A_T_24": "1518", "05A_M_24": "136", "05A_H_24": "158", "05A_Tot_24": "294", "06A_M_24": "158", "06A_H_24": "168", "06A_Tot_24": "326", "07A_M_24": "148", "07A_H_24": "161", "07A_Tot_24": "309", "08A_M_24": "141", "08A_H_24": "158", "08A_Tot_24": "299", "09A_M_24": "149", "09A_H_24": "162", "09A_Tot_24": "311", "5a9A_M_24": "732", "5a9A_H_24": "807", "5a9A_T_24": "1539", "10A_M_24": "152", "10A_H_24": "152", "10A_Tot_24": "304", "11A_M_24": "158", "11A_H_24": "151", "11A_Tot_24": "309", "12A_M_24": "151", "12A_H_24": "192", "12A_Tot_24": "343", "13A_M_24": "143", "13A_H_24": "181", "13A_Tot_24": "324", "14A_M_24": "133", "14A_H_24": "152", "14A_Tot_24": "285", "10a14_M_24": "737", "10a14_H_24": "828", "10a14_T_24": "1565", "15A_M_24": "158", "15A_H_24": "137", "15A_Tot_24": "295", "16A_M_24": "138", "16A_H_24": "130", "16A_Tot_24": "268", "17A_M_24": "147", "17A_H_24": "161", "17A_Tot_24": "308", "18A_M_24": "123", "18A_H_24": "130", "18A_Tot_24": "253", "19A_M_24": "135", "19A_H_24": "145", "19A_Tot_24": "280", "15a19_M_24": "701", "15a19_H_24": "703", "15a19_T_24": "1404", "20A_M_24": "131", "20A_H_24": "151", "20A_Tot_24": "282", "21A_M_24": "136", "21A_H_24": "163", "21A_Tot_24": "299", "22A_M_24": "121", "22A_H_24": "137", "22A_Tot_24": "258", "23A_M_24": "137", "23A_H_24": "186", "23A_Tot_24": "323", "24A_M_24": "156", "24A_H_24": "158", "24A_Tot_24": "314", "25A_M_24": "114", "25A_H_24": "140", "25A_Tot_24": "254", "26A_M_24": "104", "26A_H_24": "141", "26A_Tot_24": "245", "27A_M_24": "116", "27A_H_24": "127", "27A_Tot_24": "243", "28A_M_24": "119", "28A_H_24": "141", "28A_Tot_24": "260", "29A_M_24": "105", "29A_H_24": "116", "29A_Tot_24": "221", "20a29_M_24": "1239", "20a29_H_24": "1460", "20a29_T_24": "2699", "30A_M_24": "101", "30A_H_24": "123", "30A_Tot_24": "224", "31A_M_24": "76", "31A_H_24": "108", "31A_Tot_24": "184", "32A_M_24": "76", "32A_H_24": "88", "32A_Tot_24": "164", "33A_M_24": "111", "33A_H_24": "108", "33A_Tot_24": "219", "34A_M_24": "97", "34A_H_24": "96", "34A_Tot_24": "193", "35A_M_24": "81", "35A_H_24": "109", "35A_Tot_24": "190", "36A_M_24": "71", "36A_H_24": "112", "36A_Tot_24": "183", "37A_M_24": "73", "37A_H_24": "96", "37A_Tot_24": "169", "38A_M_24": "62", "38A_H_24": "90", "38A_Tot_24": "152", "39A_M_24": "84", "39A_H_24": "105", "39A_Tot_24": "189", "30a39_M_24": "832", "30a39_H_24": "1035", "30a39_T_24": "1867", "40A_M_24": "86", "40A_H_24": "100", "40A_Tot_24": "186", "41A_M_24": "79", "41A_H_24": "85", "41A_Tot_24": "164", "42A_M_24": "70", "42A_H_24": "94", "42A_Tot_24": "164", "43A_M_24": "59", "43A_H_24": "85", "43A_Tot_24": "144", "44A_M_24": "74", "44A_H_24": "92", "44A_Tot_24": "166", "45A_M_24": "66", "45A_H_24": "84", "45A_Tot_24": "150", "46A_M_24": "65", "46A_H_24": "81", "46A_Tot_24": "146", "47A_M_24": "50", "47A_H_24": "69", "47A_Tot_24": "119", "48A_M_24": "61", "48A_H_24": "78", "48A_Tot_24": "139", "49A_M_24": "66", "49A_H_24": "64", "49A_Tot_24": "130", "40a49_M_24": "676", "40a49_H_24": "832", "40a49_T_24": "1508", "50A_M_24": "63", "50A_H_24": "67", "50A_Tot_24": "130", "51A_M_24": "69", "51A_H_24": "77", "51A_Tot_24": "146", "52A_M_24": "44", "52A_H_24": "77", "52A_Tot_24": "121", "53A_M_24": "51", "53A_H_24": "58", "53A_Tot_24": "109", "54A_M_24": "52", "54A_H_24": "55", "54A_Tot_24": "107", "55A_M_24": "52", "55A_H_24": "64", "55A_Tot_24": "116", "56A_M_24": "53", "56A_H_24": "70", "56A_Tot_24": "123", "57A_M_24": "53", "57A_H_24": "57", "57A_Tot_24": "110", "58A_M_24": "58", "58A_H_24": "66", "58A_Tot_24": "124", "59A_M_24": "49", "59A_H_24": "43", "59A_Tot_24": "92", "50a59_M_24": "544", "50a59_H_24": "634", "50a59_T_24": "1178", "60A_M_24": "45", "60A_H_24": "61", "60A_Tot_24": "106", "61A_M_24": "47", "61A_H_24": "54", "61A_Tot_24": "101", "62A_M_24": "42", "62A_H_24": "50", "62A_Tot_24": "92", "63A_M_24": "39", "63A_H_24": "40", "63A_Tot_24": "79", "64A_M_24": "43", "64A_H_24": "45", "64A_Tot_24": "88", "65A_M_24": "46", "65A_H_24": "50", "65A_Tot_24": "96", "66A_M_24": "42", "66A_H_24": "35", "66A_Tot_24": "77", "67A_M_24": "37", "67A_H_24": "30", "67A_Tot_24": "67", "68A_M_24": "34", "68A_H_24": "30", "68A_Tot_24": "64", "69A_M_24": "25", "69A_H_24": "32", "69A_Tot_24": "57", "60a69_M_24": "400", "60a69_H_24": "427", "60a69_T_24": "827", "70A_M_24": "40", "70A_H_24": "27", "70A_Tot_24": "67", "71A_M_24": "23", "71A_H_24": "29", "71A_Tot_24": "52", "72A_M_24": "25", "72A_H_24": "27", "72A_Tot_24": "52", "73A_M_24": "26", "73A_H_24": "21", "73A_Tot_24": "47", "74A_M_24": "32", "74A_H_24": "22", "74A_Tot_24": "54", "75A_M_24": "31", "75A_H_24": "19", "75A_Tot_24": "50", "76A_M_24": "16", "76A_H_24": "30", "76A_Tot_24": "46", "77A_M_24": "17", "77A_H_24": "20", "77A_Tot_24": "37", "78A_M_24": "22", "78A_H_24": "17", "78A_Tot_24": "39", "79A_M_24": "22", "79A_H_24": "18", "79A_Tot_24": "40", "70a79_M_24": "254", "70a79_H_24": "230", "70a79_T_24": "484", "80A_M_24": "17", "80A_H_24": "17", "80A_Tot_24": "34", "81A_M_24": "10", "81A_H_24": "7", "81A_Tot_24": "17", "82A_M_24": "15", "82A_H_24": "11", "82A_Tot_24": "26", "83A_M_24": "20", "83A_H_24": "15", "83A_Tot_24": "35", "84A_M_24": "13", "84A_H_24": "5", "84A_Tot_24": "18", "85A_M_24": "15", "85A_H_24": "10", "85A_Tot_24": "25", "86A_M_24": "8", "86A_H_24": "10", "86A_Tot_24": "18", "87A_M_24": "6", "87A_H_24": "3", "87A_Tot_24": "9", "88A_M_24": "7", "88A_H_24": "3", "88A_Tot_24": "10", "89A_M_24": "9", "89A_H_24": "4", "89A_Tot_24": "13", "80a89_M_24": "120", "80a89_H_24": "85", "80a89_T_24": "205", "90A_M_24": "10", "90A_H_24": "1", "90A_Tot_24": "11", "91A_M_24": "1", "91A_H_24": "0", "91A_Tot_24": "1", "92A_M_24": "1", "92A_H_24": "1", "92A_Tot_24": "2", "93A_M_24": "2", "93A_H_24": "1", "93A_Tot_24": "3", "94A_M_24": "1", "94A_H_24": "2", "94A_Tot_24": "3", "95A_M_24": "1", "95A_H_24": "0", "95A_Tot_24": "1", "96A_M_24": "2", "96A_H_24": "1", "96A_Tot_24": "3", "97A_M_24": "0", "97A_H_24": "1", "97A_Tot_24": "1", "98A_M_24": "1", "98A_H_24": "0", "98A_Tot_24": "1", "99A_M_24": "0", "99A_H_24": "0", "99A_Tot_24": "0", "90a99_M_24": "19", "90a99_H_24": "8", "90a99_T_24": "27", "100A_M_24": "0", "100A_H_24": "1", "100A_T_24": "1", "POB_MUJ_24": "6998", "POB_HOM_24": "7823", "POB_TOT_24": "14821" }, "geometry": null },
{ "type": "Feature", "properties": { "ID": "32", "DEPTO": "Cochabamba", "COD_DEPTO": 30000, "RED_SALUD": "Totora", "COD_REDSAL": 3010, "MUNICIPIO": "Pojo", "COD_MUNI": 31202, "00A_M_24": "94", "00A_H_24": "91", "00A_Tot_24": "185", "01A_M_24": "113", "01A_H_24": "121", "01A_Tot_24": "234", "02A_M_24": "115", "02A_H_24": "109", "02A_Tot_24": "224", "03A_M_24": "112", "03A_H_24": "113", "03A_Tot_24": "225", "04A_M_24": "131", "04A_H_24": "105", "04A_Tot_24": "236", "0a4A_M_24": "565", "0a4A_H_24": "539", "0a4A_T_24": "1104", "05A_M_24": "138", "05A_H_24": "114", "05A_Tot_24": "252", "06A_M_24": "131", "06A_H_24": "126", "06A_Tot_24": "257", "07A_M_24": "125", "07A_H_24": "137", "07A_Tot_24": "262", "08A_M_24": "141", "08A_H_24": "138", "08A_Tot_24": "279", "09A_M_24": "110", "09A_H_24": "136", "09A_Tot_24": "246", "5a9A_M_24": "645", "5a9A_H_24": "651", "5a9A_T_24": "1296", "10A_M_24": "148", "10A_H_24": "133", "10A_Tot_24": "281", "11A_M_24": "126", "11A_H_24": "144", "11A_Tot_24": "270", "12A_M_24": "139", "12A_H_24": "147", "12A_Tot_24": "286", "13A_M_24": "142", "13A_H_24": "137", "13A_Tot_24": "279", "14A_M_24": "123", "14A_H_24": "140", "14A_Tot_24": "263", "10a14_M_24": "678", "10a14_H_24": "701", "10a14_T_24": "1379", "15A_M_24": "125", "15A_H_24": "148", "15A_Tot_24": "273", "16A_M_24": "119", "16A_H_24": "151", "16A_Tot_24": "270", "17A_M_24": "109", "17A_H_24": "132", "17A_Tot_24": "241", "18A_M_24": "118", "18A_H_24": "105", "18A_Tot_24": "223", "19A_M_24": "110", "19A_H_24": "122", "19A_Tot_24": "232", "15a19_M_24": "581", "15a19_H_24": "658", "15a19_T_24": "1239", "20A_M_24": "98", "20A_H_24": "118", "20A_Tot_24": "216", "21A_M_24": "111", "21A_H_24": "105", "21A_Tot_24": "216", "22A_M_24": "116", "22A_H_24": "114", "22A_Tot_24": "230", "23A_M_24": "113", "23A_H_24": "133", "23A_Tot_24": "246", "24A_M_24": "125", "24A_H_24": "121", "24A_Tot_24": "246", "25A_M_24": "104", "25A_H_24": "116", "25A_Tot_24": "220", "26A_M_24": "96", "26A_H_24": "105", "26A_Tot_24": "201", "27A_M_24": "102", "27A_H_24": "100", "27A_Tot_24": "202", "28A_M_24": "76", "28A_H_24": "101", "28A_Tot_24": "177", "29A_M_24": "82", "29A_H_24": "116", "29A_Tot_24": "198", "20a29_M_24": "1023", "20a29_H_24": "1129", "20a29_T_24": "2152", "30A_M_24": "74", "30A_H_24": "103", "30A_Tot_24": "177", "31A_M_24": "74", "31A_H_24": "83", "31A_Tot_24": "157", "32A_M_24": "76", "32A_H_24": "75", "32A_Tot_24": "151", "33A_M_24": "69", "33A_H_24": "105", "33A_Tot_24": "174", "34A_M_24": "69", "34A_H_24": "83", "34A_Tot_24": "152", "35A_M_24": "57", "35A_H_24": "67", "35A_Tot_24": "124", "36A_M_24": "62", "36A_H_24": "55", "36A_Tot_24": "117", "37A_M_24": "61", "37A_H_24": "83", "37A_Tot_24": "144", "38A_M_24": "64", "38A_H_24": "73", "38A_Tot_24": "137", "39A_M_24": "61", "39A_H_24": "64", "39A_Tot_24": "125", "30a39_M_24": "667", "30a39_H_24": "791", "30a39_T_24": "1458", "40A_M_24": "64", "40A_H_24": "83", "40A_Tot_24": "147", "41A_M_24": "65", "41A_H_24": "64", "41A_Tot_24": "129", "42A_M_24": "61", "42A_H_24": "76", "42A_Tot_24": "137", "43A_M_24": "58", "43A_H_24": "70", "43A_Tot_24": "128", "44A_M_24": "65", "44A_H_24": "77", "44A_Tot_24": "142", "45A_M_24": "46", "45A_H_24": "65", "45A_Tot_24": "111", "46A_M_24": "57", "46A_H_24": "66", "46A_Tot_24": "123", "47A_M_24": "53", "47A_H_24": "52", "47A_Tot_24": "105", "48A_M_24": "53", "48A_H_24": "54", "48A_Tot_24": "107", "49A_M_24": "36", "49A_H_24": "51", "49A_Tot_24": "87", "40a49_M_24": "558", "40a49_H_24": "658", "40a49_T_24": "1216", "50A_M_24": "45", "50A_H_24": "51", "50A_Tot_24": "96", "51A_M_24": "43", "51A_H_24": "44", "51A_Tot_24": "87", "52A_M_24": "53", "52A_H_24": "48", "52A_Tot_24": "101", "53A_M_24": "35", "53A_H_24": "41", "53A_Tot_24": "76", "54A_M_24": "50", "54A_H_24": "54", "54A_Tot_24": "104", "55A_M_24": "48", "55A_H_24": "55", "55A_Tot_24": "103", "56A_M_24": "43", "56A_H_24": "40", "56A_Tot_24": "83", "57A_M_24": "41", "57A_H_24": "46", "57A_Tot_24": "87", "58A_M_24": "41", "58A_H_24": "54", "58A_Tot_24": "95", "59A_M_24": "33", "59A_H_24": "40", "59A_Tot_24": "73", "50a59_M_24": "432", "50a59_H_24": "473", "50a59_T_24": "905", "60A_M_24": "29", "60A_H_24": "40", "60A_Tot_24": "69", "61A_M_24": "40", "61A_H_24": "41", "61A_Tot_24": "81", "62A_M_24": "37", "62A_H_24": "41", "62A_Tot_24": "78", "63A_M_24": "51", "63A_H_24": "43", "63A_Tot_24": "94", "64A_M_24": "33", "64A_H_24": "42", "64A_Tot_24": "75", "65A_M_24": "31", "65A_H_24": "41", "65A_Tot_24": "72", "66A_M_24": "15", "66A_H_24": "25", "66A_Tot_24": "40", "67A_M_24": "18", "67A_H_24": "32", "67A_Tot_24": "50", "68A_M_24": "18", "68A_H_24": "26", "68A_Tot_24": "44", "69A_M_24": "14", "69A_H_24": "17", "69A_Tot_24": "31", "60a69_M_24": "286", "60a69_H_24": "348", "60a69_T_24": "634", "70A_M_24": "19", "70A_H_24": "27", "70A_Tot_24": "46", "71A_M_24": "20", "71A_H_24": "11", "71A_Tot_24": "31", "72A_M_24": "19", "72A_H_24": "15", "72A_Tot_24": "34", "73A_M_24": "17", "73A_H_24": "14", "73A_Tot_24": "31", "74A_M_24": "27", "74A_H_24": "14", "74A_Tot_24": "41", "75A_M_24": "22", "75A_H_24": "14", "75A_Tot_24": "36", "76A_M_24": "17", "76A_H_24": "18", "76A_Tot_24": "35", "77A_M_24": "16", "77A_H_24": "14", "77A_Tot_24": "30", "78A_M_24": "21", "78A_H_24": "22", "78A_Tot_24": "43", "79A_M_24": "8", "79A_H_24": "9", "79A_Tot_24": "17", "70a79_M_24": "186", "70a79_H_24": "158", "70a79_T_24": "344", "80A_M_24": "8", "80A_H_24": "10", "80A_Tot_24": "18", "81A_M_24": "9", "81A_H_24": "3", "81A_Tot_24": "12", "82A_M_24": "5", "82A_H_24": "8", "82A_Tot_24": "13", "83A_M_24": "11", "83A_H_24": "10", "83A_Tot_24": "21", "84A_M_24": "13", "84A_H_24": "5", "84A_Tot_24": "18", "85A_M_24": "8", "85A_H_24": "3", "85A_Tot_24": "11", "86A_M_24": "4", "86A_H_24": "1", "86A_Tot_24": "5", "87A_M_24": "4", "87A_H_24": "1", "87A_Tot_24": "5", "88A_M_24": "5", "88A_H_24": "2", "88A_Tot_24": "7", "89A_M_24": "3", "89A_H_24": "0", "89A_Tot_24": "3", "80a89_M_24": "70", "80a89_H_24": "43", "80a89_T_24": "113", "90A_M_24": "1", "90A_H_24": "3", "90A_Tot_24": "4", "91A_M_24": "3", "91A_H_24": "0", "91A_Tot_24": "3", "92A_M_24": "1", "92A_H_24": "0", "92A_Tot_24": "1", "93A_M_24": "4", "93A_H_24": "1", "93A_Tot_24": "5", "94A_M_24": "2", "94A_H_24": "0", "94A_Tot_24": "2", "95A_M_24": "2", "95A_H_24": "1", "95A_Tot_24": "3", "96A_M_24": "1", "96A_H_24": "0", "96A_Tot_24": "1", "97A_M_24": "0", "97A_H_24": "2", "97A_Tot_24": "2", "98A_M_24": "0", "98A_H_24": "1", "98A_Tot_24": "1", "99A_M_24": "0", "99A_H_24": "0", "99A_Tot_24": "0", "90a99_M_24": "15", "90a99_H_24": "10", "90a99_T_24": "25", "100A_M_24": "1", "100A_H_24": "2", "100A_T_24": "3", "POB_MUJ_24": "5706", "POB_HOM_24": "6159", "POB_TOT_24": "11865" }, "geometry": null },
{ "type": "Feature", "properties": { "ID": "33", "DEPTO": "Cochabamba", "COD_DEPTO": 30000, "RED_SALUD": "Totora", "COD_REDSAL": 3010, "MUNICIPIO": "Pocona", "COD_MUNI": 31203, "00A_M_24": "65", "00A_H_24": "86", "00A_Tot_24": "151", "01A_M_24": "100", "01A_H_24": "85", "01A_Tot_24": "185", "02A_M_24": "88", "02A_H_24": "109", "02A_Tot_24": "197", "03A_M_24": "97", "03A_H_24": "101", "03A_Tot_24": "198", "04A_M_24": "95", "04A_H_24": "97", "04A_Tot_24": "192", "0a4A_M_24": "445", "0a4A_H_24": "478", "0a4A_T_24": "923", "05A_M_24": "96", "05A_H_24": "113", "05A_Tot_24": "209", "06A_M_24": "102", "06A_H_24": "98", "06A_Tot_24": "200", "07A_M_24": "101", "07A_H_24": "122", "07A_Tot_24": "223", "08A_M_24": "129", "08A_H_24": "130", "08A_Tot_24": "259", "09A_M_24": "112", "09A_H_24": "123", "09A_Tot_24": "235", "5a9A_M_24": "540", "5a9A_H_24": "586", "5a9A_T_24": "1126", "10A_M_24": "143", "10A_H_24": "111", "10A_Tot_24": "254", "11A_M_24": "103", "11A_H_24": "130", "11A_Tot_24": "233", "12A_M_24": "99", "12A_H_24": "135", "12A_Tot_24": "234", "13A_M_24": "116", "13A_H_24": "121", "13A_Tot_24": "237", "14A_M_24": "124", "14A_H_24": "113", "14A_Tot_24": "237", "10a14_M_24": "585", "10a14_H_24": "610", "10a14_T_24": "1195", "15A_M_24": "101", "15A_H_24": "111", "15A_Tot_24": "212", "16A_M_24": "99", "16A_H_24": "110", "16A_Tot_24": "209", "17A_M_24": "97", "17A_H_24": "97", "17A_Tot_24": "194", "18A_M_24": "83", "18A_H_24": "91", "18A_Tot_24": "174", "19A_M_24": "80", "19A_H_24": "86", "19A_Tot_24": "166", "15a19_M_24": "460", "15a19_H_24": "495", "15a19_T_24": "955", "20A_M_24": "85", "20A_H_24": "104", "20A_Tot_24": "189", "21A_M_24": "94", "21A_H_24": "105", "21A_Tot_24": "199", "22A_M_24": "79", "22A_H_24": "97", "22A_Tot_24": "176", "23A_M_24": "90", "23A_H_24": "107", "23A_Tot_24": "197", "24A_M_24": "98", "24A_H_24": "118", "24A_Tot_24": "216", "25A_M_24": "89", "25A_H_24": "81", "25A_Tot_24": "170", "26A_M_24": "68", "26A_H_24": "84", "26A_Tot_24": "152", "27A_M_24": "91", "27A_H_24": "89", "27A_Tot_24": "180", "28A_M_24": "86", "28A_H_24": "73", "28A_Tot_24": "159", "29A_M_24": "74", "29A_H_24": "101", "29A_Tot_24": "175", "20a29_M_24": "854", "20a29_H_24": "959", "20a29_T_24": "1813", "30A_M_24": "68", "30A_H_24": "63", "30A_Tot_24": "131", "31A_M_24": "88", "31A_H_24": "69", "31A_Tot_24": "157", "32A_M_24": "74", "32A_H_24": "79", "32A_Tot_24": "153", "33A_M_24": "64", "33A_H_24": "80", "33A_Tot_24": "144", "34A_M_24": "63", "34A_H_24": "78", "34A_Tot_24": "141", "35A_M_24": "75", "35A_H_24": "67", "35A_Tot_24": "142", "36A_M_24": "57", "36A_H_24": "72", "36A_Tot_24": "129", "37A_M_24": "61", "37A_H_24": "81", "37A_Tot_24": "142", "38A_M_24": "64", "38A_H_24": "85", "38A_Tot_24": "149", "39A_M_24": "63", "39A_H_24": "65", "39A_Tot_24": "128", "30a39_M_24": "677", "30a39_H_24": "739", "30a39_T_24": "1416", "40A_M_24": "76", "40A_H_24": "70", "40A_Tot_24": "146", "41A_M_24": "67", "41A_H_24": "63", "41A_Tot_24": "130", "42A_M_24": "67", "42A_H_24": "72", "42A_Tot_24": "139", "43A_M_24": "60", "43A_H_24": "56", "43A_Tot_24": "116", "44A_M_24": "59", "44A_H_24": "67", "44A_Tot_24": "126", "45A_M_24": "74", "45A_H_24": "72", "45A_Tot_24": "146", "46A_M_24": "85", "46A_H_24": "71", "46A_Tot_24": "156", "47A_M_24": "61", "47A_H_24": "72", "47A_Tot_24": "133", "48A_M_24": "75", "48A_H_24": "85", "48A_Tot_24": "160", "49A_M_24": "71", "49A_H_24": "56", "49A_Tot_24": "127", "40a49_M_24": "695", "40a49_H_24": "684", "40a49_T_24": "1379", "50A_M_24": "59", "50A_H_24": "86", "50A_Tot_24": "145", "51A_M_24": "77", "51A_H_24": "70", "51A_Tot_24": "147", "52A_M_24": "67", "52A_H_24": "69", "52A_Tot_24": "136", "53A_M_24": "71", "53A_H_24": "75", "53A_Tot_24": "146", "54A_M_24": "61", "54A_H_24": "76", "54A_Tot_24": "137", "55A_M_24": "84", "55A_H_24": "68", "55A_Tot_24": "152", "56A_M_24": "69", "56A_H_24": "47", "56A_Tot_24": "116", "57A_M_24": "64", "57A_H_24": "72", "57A_Tot_24": "136", "58A_M_24": "74", "58A_H_24": "68", "58A_Tot_24": "142", "59A_M_24": "84", "59A_H_24": "71", "59A_Tot_24": "155", "50a59_M_24": "710", "50a59_H_24": "702", "50a59_T_24": "1412", "60A_M_24": "46", "60A_H_24": "65", "60A_Tot_24": "111", "61A_M_24": "52", "61A_H_24": "73", "61A_Tot_24": "125", "62A_M_24": "59", "62A_H_24": "60", "62A_Tot_24": "119", "63A_M_24": "55", "63A_H_24": "47", "63A_Tot_24": "102", "64A_M_24": "71", "64A_H_24": "60", "64A_Tot_24": "131", "65A_M_24": "50", "65A_H_24": "56", "65A_Tot_24": "106", "66A_M_24": "56", "66A_H_24": "55", "66A_Tot_24": "111", "67A_M_24": "60", "67A_H_24": "43", "67A_Tot_24": "103", "68A_M_24": "51", "68A_H_24": "44", "68A_Tot_24": "95", "69A_M_24": "50", "69A_H_24": "45", "69A_Tot_24": "95", "60a69_M_24": "550", "60a69_H_24": "548", "60a69_T_24": "1098", "70A_M_24": "53", "70A_H_24": "46", "70A_Tot_24": "99", "71A_M_24": "34", "71A_H_24": "45", "71A_Tot_24": "79", "72A_M_24": "38", "72A_H_24": "37", "72A_Tot_24": "75", "73A_M_24": "34", "73A_H_24": "27", "73A_Tot_24": "61", "74A_M_24": "40", "74A_H_24": "30", "74A_Tot_24": "70", "75A_M_24": "31", "75A_H_24": "19", "75A_Tot_24": "50", "76A_M_24": "26", "76A_H_24": "14", "76A_Tot_24": "40", "77A_M_24": "23", "77A_H_24": "26", "77A_Tot_24": "49", "78A_M_24": "37", "78A_H_24": "21", "78A_Tot_24": "58", "79A_M_24": "38", "79A_H_24": "18", "79A_Tot_24": "56", "70a79_M_24": "354", "70a79_H_24": "283", "70a79_T_24": "637", "80A_M_24": "22", "80A_H_24": "16", "80A_Tot_24": "38", "81A_M_24": "31", "81A_H_24": "14", "81A_Tot_24": "45", "82A_M_24": "21", "82A_H_24": "16", "82A_Tot_24": "37", "83A_M_24": "16", "83A_H_24": "11", "83A_Tot_24": "27", "84A_M_24": "23", "84A_H_24": "14", "84A_Tot_24": "37", "85A_M_24": "14", "85A_H_24": "6", "85A_Tot_24": "20", "86A_M_24": "7", "86A_H_24": "11", "86A_Tot_24": "18", "87A_M_24": "9", "87A_H_24": "3", "87A_Tot_24": "12", "88A_M_24": "9", "88A_H_24": "4", "88A_Tot_24": "13", "89A_M_24": "10", "89A_H_24": "2", "89A_Tot_24": "12", "80a89_M_24": "162", "80a89_H_24": "97", "80a89_T_24": "259", "90A_M_24": "3", "90A_H_24": "3", "90A_Tot_24": "6", "91A_M_24": "5", "91A_H_24": "2", "91A_Tot_24": "7", "92A_M_24": "8", "92A_H_24": "0", "92A_Tot_24": "8", "93A_M_24": "3", "93A_H_24": "0", "93A_Tot_24": "3", "94A_M_24": "1", "94A_H_24": "3", "94A_Tot_24": "4", "95A_M_24": "2", "95A_H_24": "2", "95A_Tot_24": "4", "96A_M_24": "1", "96A_H_24": "1", "96A_Tot_24": "2", "97A_M_24": "1", "97A_H_24": "2", "97A_Tot_24": "3", "98A_M_24": "1", "98A_H_24": "2", "98A_Tot_24": "3", "99A_M_24": "1", "99A_H_24": "3", "99A_Tot_24": "4", "90a99_M_24": "27", "90a99_H_24": "18", "90a99_T_24": "45", "100A_M_24": "1", "100A_H_24": "0", "100A_T_24": "1", "POB_MUJ_24": "6059", "POB_HOM_24": "6199", "POB_TOT_24": "12258" }, "geometry": null },
{ "type": "Feature", "properties": { "ID": "34", "DEPTO": "Cochabamba", "COD_DEPTO": 30000, "RED_SALUD": "Ivirgarzama", "COD_REDSAL": 3006, "MUNICIPIO": "Chimore", "COD_MUNI": 31204, "00A_M_24": "187", "00A_H_24": "194", "00A_Tot_24": "381", "01A_M_24": "223", "01A_H_24": "261", "01A_Tot_24": "484", "02A_M_24": "213", "02A_H_24": "226", "02A_Tot_24": "439", "03A_M_24": "235", "03A_H_24": "275", "03A_Tot_24": "510", "04A_M_24": "251", "04A_H_24": "235", "04A_Tot_24": "486", "0a4A_M_24": "1109", "0a4A_H_24": "1191", "0a4A_T_24": "2300", "05A_M_24": "259", "05A_H_24": "279", "05A_Tot_24": "538", "06A_M_24": "294", "06A_H_24": "316", "06A_Tot_24": "610", "07A_M_24": "282", "07A_H_24": "336", "07A_Tot_24": "618", "08A_M_24": "276", "08A_H_24": "294", "08A_Tot_24": "570", "09A_M_24": "265", "09A_H_24": "266", "09A_Tot_24": "531", "5a9A_M_24": "1376", "5a9A_H_24": "1491", "5a9A_T_24": "2867", "10A_M_24": "310", "10A_H_24": "334", "10A_Tot_24": "644", "11A_M_24": "280", "11A_H_24": "277", "11A_Tot_24": "557", "12A_M_24": "338", "12A_H_24": "337", "12A_Tot_24": "675", "13A_M_24": "290", "13A_H_24": "308", "13A_Tot_24": "598", "14A_M_24": "292", "14A_H_24": "273", "14A_Tot_24": "565", "10a14_M_24": "1510", "10a14_H_24": "1529", "10a14_T_24": "3039", "15A_M_24": "264", "15A_H_24": "268", "15A_Tot_24": "532", "16A_M_24": "279", "16A_H_24": "275", "16A_Tot_24": "554", "17A_M_24": "294", "17A_H_24": "298", "17A_Tot_24": "592", "18A_M_24": "246", "18A_H_24": "324", "18A_Tot_24": "570", "19A_M_24": "246", "19A_H_24": "342", "19A_Tot_24": "588", "15a19_M_24": "1329", "15a19_H_24": "1507", "15a19_T_24": "2836", "20A_M_24": "213", "20A_H_24": "281", "20A_Tot_24": "494", "21A_M_24": "247", "21A_H_24": "271", "21A_Tot_24": "518", "22A_M_24": "235", "22A_H_24": "290", "22A_Tot_24": "525", "23A_M_24": "270", "23A_H_24": "299", "23A_Tot_24": "569", "24A_M_24": "286", "24A_H_24": "333", "24A_Tot_24": "619", "25A_M_24": "258", "25A_H_24": "307", "25A_Tot_24": "565", "26A_M_24": "270", "26A_H_24": "257", "26A_Tot_24": "527", "27A_M_24": "238", "27A_H_24": "274", "27A_Tot_24": "512", "28A_M_24": "232", "28A_H_24": "272", "28A_Tot_24": "504", "29A_M_24": "239", "29A_H_24": "246", "29A_Tot_24": "485", "20a29_M_24": "2488", "20a29_H_24": "2830", "20a29_T_24": "5318", "30A_M_24": "243", "30A_H_24": "285", "30A_Tot_24": "528", "31A_M_24": "233", "31A_H_24": "243", "31A_Tot_24": "476", "32A_M_24": "215", "32A_H_24": "244", "32A_Tot_24": "459", "33A_M_24": "215", "33A_H_24": "220", "33A_Tot_24": "435", "34A_M_24": "234", "34A_H_24": "210", "34A_Tot_24": "444", "35A_M_24": "209", "35A_H_24": "219", "35A_Tot_24": "428", "36A_M_24": "174", "36A_H_24": "229", "36A_Tot_24": "403", "37A_M_24": "187", "37A_H_24": "232", "37A_Tot_24": "419", "38A_M_24": "175", "38A_H_24": "191", "38A_Tot_24": "366", "39A_M_24": "170", "39A_H_24": "210", "39A_Tot_24": "380", "30a39_M_24": "2055", "30a39_H_24": "2283", "30a39_T_24": "4338", "40A_M_24": "176", "40A_H_24": "196", "40A_Tot_24": "372", "41A_M_24": "126", "41A_H_24": "189", "41A_Tot_24": "315", "42A_M_24": "158", "42A_H_24": "195", "42A_Tot_24": "353", "43A_M_24": "141", "43A_H_24": "197", "43A_Tot_24": "338", "44A_M_24": "147", "44A_H_24": "174", "44A_Tot_24": "321", "45A_M_24": "150", "45A_H_24": "160", "45A_Tot_24": "310", "46A_M_24": "118", "46A_H_24": "150", "46A_Tot_24": "268", "47A_M_24": "122", "47A_H_24": "134", "47A_Tot_24": "256", "48A_M_24": "108", "48A_H_24": "165", "48A_Tot_24": "273", "49A_M_24": "107", "49A_H_24": "138", "49A_Tot_24": "245", "40a49_M_24": "1353", "40a49_H_24": "1698", "40a49_T_24": "3051", "50A_M_24": "113", "50A_H_24": "126", "50A_Tot_24": "239", "51A_M_24": "98", "51A_H_24": "126", "51A_Tot_24": "224", "52A_M_24": "104", "52A_H_24": "110", "52A_Tot_24": "214", "53A_M_24": "115", "53A_H_24": "139", "53A_Tot_24": "254", "54A_M_24": "94", "54A_H_24": "131", "54A_Tot_24": "225", "55A_M_24": "87", "55A_H_24": "117", "55A_Tot_24": "204", "56A_M_24": "90", "56A_H_24": "94", "56A_Tot_24": "184", "57A_M_24": "81", "57A_H_24": "108", "57A_Tot_24": "189", "58A_M_24": "81", "58A_H_24": "105", "58A_Tot_24": "186", "59A_M_24": "75", "59A_H_24": "105", "59A_Tot_24": "180", "50a59_M_24": "938", "50a59_H_24": "1161", "50a59_T_24": "2099", "60A_M_24": "60", "60A_H_24": "91", "60A_Tot_24": "151", "61A_M_24": "54", "61A_H_24": "70", "61A_Tot_24": "124", "62A_M_24": "42", "62A_H_24": "73", "62A_Tot_24": "115", "63A_M_24": "49", "63A_H_24": "78", "63A_Tot_24": "127", "64A_M_24": "49", "64A_H_24": "65", "64A_Tot_24": "114", "65A_M_24": "64", "65A_H_24": "54", "65A_Tot_24": "118", "66A_M_24": "36", "66A_H_24": "46", "66A_Tot_24": "82", "67A_M_24": "30", "67A_H_24": "48", "67A_Tot_24": "78", "68A_M_24": "23", "68A_H_24": "44", "68A_Tot_24": "67", "69A_M_24": "37", "69A_H_24": "45", "69A_Tot_24": "82", "60a69_M_24": "444", "60a69_H_24": "614", "60a69_T_24": "1058", "70A_M_24": "35", "70A_H_24": "35", "70A_Tot_24": "70", "71A_M_24": "32", "71A_H_24": "34", "71A_Tot_24": "66", "72A_M_24": "30", "72A_H_24": "33", "72A_Tot_24": "63", "73A_M_24": "16", "73A_H_24": "45", "73A_Tot_24": "61", "74A_M_24": "23", "74A_H_24": "32", "74A_Tot_24": "55", "75A_M_24": "22", "75A_H_24": "27", "75A_Tot_24": "49", "76A_M_24": "18", "76A_H_24": "15", "76A_Tot_24": "33", "77A_M_24": "15", "77A_H_24": "15", "77A_Tot_24": "30", "78A_M_24": "13", "78A_H_24": "21", "78A_Tot_24": "34", "79A_M_24": "12", "79A_H_24": "10", "79A_Tot_24": "22", "70a79_M_24": "216", "70a79_H_24": "267", "70a79_T_24": "483", "80A_M_24": "13", "80A_H_24": "11", "80A_Tot_24": "24", "81A_M_24": "7", "81A_H_24": "9", "81A_Tot_24": "16", "82A_M_24": "5", "82A_H_24": "9", "82A_Tot_24": "14", "83A_M_24": "10", "83A_H_24": "5", "83A_Tot_24": "15", "84A_M_24": "3", "84A_H_24": "4", "84A_Tot_24": "7", "85A_M_24": "5", "85A_H_24": "5", "85A_Tot_24": "10", "86A_M_24": "3", "86A_H_24": "6", "86A_Tot_24": "9", "87A_M_24": "6", "87A_H_24": "2", "87A_Tot_24": "8", "88A_M_24": "1", "88A_H_24": "2", "88A_Tot_24": "3", "89A_M_24": "3", "89A_H_24": "1", "89A_Tot_24": "4", "80a89_M_24": "56", "80a89_H_24": "54", "80a89_T_24": "110", "90A_M_24": "0", "90A_H_24": "5", "90A_Tot_24": "5", "91A_M_24": "1", "91A_H_24": "1", "91A_Tot_24": "2", "92A_M_24": "2", "92A_H_24": "1", "92A_Tot_24": "3", "93A_M_24": "2", "93A_H_24": "1", "93A_Tot_24": "3", "94A_M_24": "0", "94A_H_24": "1", "94A_Tot_24": "1", "95A_M_24": "1", "95A_H_24": "0", "95A_Tot_24": "1", "96A_M_24": "0", "96A_H_24": "3", "96A_Tot_24": "3", "97A_M_24": "2", "97A_H_24": "0", "97A_Tot_24": "2", "98A_M_24": "0", "98A_H_24": "0", "98A_Tot_24": "0", "99A_M_24": "0", "99A_H_24": "0", "99A_Tot_24": "0", "90a99_M_24": "10", "90a99_H_24": "12", "90a99_T_24": "22", "100A_M_24": "2", "100A_H_24": "0", "100A_T_24": "2", "POB_MUJ_24": "12884", "POB_HOM_24": "14637", "POB_TOT_24": "27521" }, "geometry": null },
{ "type": "Feature", "properties": { "ID": "35", "DEPTO": "Cochabamba", "COD_DEPTO": 30000, "RED_SALUD": "Ivirgarzama", "COD_REDSAL": 3006, "MUNICIPIO": "Puerto Villarroel", "COD_MUNI": 31205, "00A_M_24": "481", "00A_H_24": "504", "00A_Tot_24": "985", "01A_M_24": "580", "01A_H_24": "577", "01A_Tot_24": "1157", "02A_M_24": "634", "02A_H_24": "604", "02A_Tot_24": "1238", "03A_M_24": "586", "03A_H_24": "620", "03A_Tot_24": "1206", "04A_M_24": "634", "04A_H_24": "631", "04A_Tot_24": "1265", "0a4A_M_24": "2915", "0a4A_H_24": "2936", "0a4A_T_24": "5851", "05A_M_24": "675", "05A_H_24": "694", "05A_Tot_24": "1369", "06A_M_24": "704", "06A_H_24": "769", "06A_Tot_24": "1473", "07A_M_24": "710", "07A_H_24": "713", "07A_Tot_24": "1423", "08A_M_24": "679", "08A_H_24": "775", "08A_Tot_24": "1454", "09A_M_24": "705", "09A_H_24": "709", "09A_Tot_24": "1414", "5a9A_M_24": "3473", "5a9A_H_24": "3660", "5a9A_T_24": "7133", "10A_M_24": "650", "10A_H_24": "725", "10A_Tot_24": "1375", "11A_M_24": "661", "11A_H_24": "701", "11A_Tot_24": "1362", "12A_M_24": "698", "12A_H_24": "748", "12A_Tot_24": "1446", "13A_M_24": "666", "13A_H_24": "741", "13A_Tot_24": "1407", "14A_M_24": "656", "14A_H_24": "618", "14A_Tot_24": "1274", "10a14_M_24": "3331", "10a14_H_24": "3533", "10a14_T_24": "6864", "15A_M_24": "620", "15A_H_24": "698", "15A_Tot_24": "1318", "16A_M_24": "631", "16A_H_24": "679", "16A_Tot_24": "1310", "17A_M_24": "624", "17A_H_24": "650", "17A_Tot_24": "1274", "18A_M_24": "522", "18A_H_24": "539", "18A_Tot_24": "1061", "19A_M_24": "558", "19A_H_24": "569", "19A_Tot_24": "1127", "15a19_M_24": "2955", "15a19_H_24": "3135", "15a19_T_24": "6090", "20A_M_24": "564", "20A_H_24": "653", "20A_Tot_24": "1217", "21A_M_24": "594", "21A_H_24": "643", "21A_Tot_24": "1237", "22A_M_24": "631", "22A_H_24": "652", "22A_Tot_24": "1283", "23A_M_24": "658", "23A_H_24": "725", "23A_Tot_24": "1383", "24A_M_24": "711", "24A_H_24": "725", "24A_Tot_24": "1436", "25A_M_24": "617", "25A_H_24": "645", "25A_Tot_24": "1262", "26A_M_24": "593", "26A_H_24": "649", "26A_Tot_24": "1242", "27A_M_24": "624", "27A_H_24": "666", "27A_Tot_24": "1290", "28A_M_24": "663", "28A_H_24": "666", "28A_Tot_24": "1329", "29A_M_24": "653", "29A_H_24": "652", "29A_Tot_24": "1305", "20a29_M_24": "6308", "20a29_H_24": "6676", "20a29_T_24": "12984", "30A_M_24": "615", "30A_H_24": "654", "30A_Tot_24": "1269", "31A_M_24": "548", "31A_H_24": "571", "31A_Tot_24": "1119", "32A_M_24": "529", "32A_H_24": "521", "32A_Tot_24": "1050", "33A_M_24": "473", "33A_H_24": "591", "33A_Tot_24": "1064", "34A_M_24": "544", "34A_H_24": "556", "34A_Tot_24": "1100", "35A_M_24": "481", "35A_H_24": "512", "35A_Tot_24": "993", "36A_M_24": "421", "36A_H_24": "462", "36A_Tot_24": "883", "37A_M_24": "442", "37A_H_24": "481", "37A_Tot_24": "923", "38A_M_24": "433", "38A_H_24": "463", "38A_Tot_24": "896", "39A_M_24": "379", "39A_H_24": "454", "39A_Tot_24": "833", "30a39_M_24": "4865", "30a39_H_24": "5265", "30a39_T_24": "10130", "40A_M_24": "359", "40A_H_24": "444", "40A_Tot_24": "803", "41A_M_24": "385", "41A_H_24": "402", "41A_Tot_24": "787", "42A_M_24": "373", "42A_H_24": "393", "42A_Tot_24": "766", "43A_M_24": "389", "43A_H_24": "385", "43A_Tot_24": "774", "44A_M_24": "318", "44A_H_24": "400", "44A_Tot_24": "718", "45A_M_24": "295", "45A_H_24": "350", "45A_Tot_24": "645", "46A_M_24": "288", "46A_H_24": "326", "46A_Tot_24": "614", "47A_M_24": "246", "47A_H_24": "292", "47A_Tot_24": "538", "48A_M_24": "260", "48A_H_24": "306", "48A_Tot_24": "566", "49A_M_24": "257", "49A_H_24": "273", "49A_Tot_24": "530", "40a49_M_24": "3170", "40a49_H_24": "3571", "40a49_T_24": "6741", "50A_M_24": "232", "50A_H_24": "254", "50A_Tot_24": "486", "51A_M_24": "247", "51A_H_24": "271", "51A_Tot_24": "518", "52A_M_24": "229", "52A_H_24": "237", "52A_Tot_24": "466", "53A_M_24": "235", "53A_H_24": "263", "53A_Tot_24": "498", "54A_M_24": "248", "54A_H_24": "269", "54A_Tot_24": "517", "55A_M_24": "185", "55A_H_24": "251", "55A_Tot_24": "436", "56A_M_24": "188", "56A_H_24": "231", "56A_Tot_24": "419", "57A_M_24": "183", "57A_H_24": "231", "57A_Tot_24": "414", "58A_M_24": "168", "58A_H_24": "245", "58A_Tot_24": "413", "59A_M_24": "190", "59A_H_24": "228", "59A_Tot_24": "418", "50a59_M_24": "2105", "50a59_H_24": "2480", "50a59_T_24": "4585", "60A_M_24": "184", "60A_H_24": "208", "60A_Tot_24": "392", "61A_M_24": "176", "61A_H_24": "174", "61A_Tot_24": "350", "62A_M_24": "159", "62A_H_24": "173", "62A_Tot_24": "332", "63A_M_24": "162", "63A_H_24": "210", "63A_Tot_24": "372", "64A_M_24": "106", "64A_H_24": "170", "64A_Tot_24": "276", "65A_M_24": "120", "65A_H_24": "172", "65A_Tot_24": "292", "66A_M_24": "120", "66A_H_24": "132", "66A_Tot_24": "252", "67A_M_24": "93", "67A_H_24": "130", "67A_Tot_24": "223", "68A_M_24": "115", "68A_H_24": "116", "68A_Tot_24": "231", "69A_M_24": "77", "69A_H_24": "95", "69A_Tot_24": "172", "60a69_M_24": "1312", "60a69_H_24": "1580", "60a69_T_24": "2892", "70A_M_24": "79", "70A_H_24": "78", "70A_Tot_24": "157", "71A_M_24": "61", "71A_H_24": "81", "71A_Tot_24": "142", "72A_M_24": "52", "72A_H_24": "80", "72A_Tot_24": "132", "73A_M_24": "47", "73A_H_24": "67", "73A_Tot_24": "114", "74A_M_24": "48", "74A_H_24": "77", "74A_Tot_24": "125", "75A_M_24": "58", "75A_H_24": "43", "75A_Tot_24": "101", "76A_M_24": "37", "76A_H_24": "45", "76A_Tot_24": "82", "77A_M_24": "33", "77A_H_24": "35", "77A_Tot_24": "68", "78A_M_24": "30", "78A_H_24": "26", "78A_Tot_24": "56", "79A_M_24": "20", "79A_H_24": "21", "79A_Tot_24": "41", "70a79_M_24": "465", "70a79_H_24": "553", "70a79_T_24": "1018", "80A_M_24": "16", "80A_H_24": "31", "80A_Tot_24": "47", "81A_M_24": "15", "81A_H_24": "22", "81A_Tot_24": "37", "82A_M_24": "22", "82A_H_24": "16", "82A_Tot_24": "38", "83A_M_24": "15", "83A_H_24": "18", "83A_Tot_24": "33", "84A_M_24": "9", "84A_H_24": "9", "84A_Tot_24": "18", "85A_M_24": "18", "85A_H_24": "6", "85A_Tot_24": "24", "86A_M_24": "7", "86A_H_24": "12", "86A_Tot_24": "19", "87A_M_24": "11", "87A_H_24": "7", "87A_Tot_24": "18", "88A_M_24": "7", "88A_H_24": "6", "88A_Tot_24": "13", "89A_M_24": "7", "89A_H_24": "3", "89A_Tot_24": "10", "80a89_M_24": "127", "80a89_H_24": "130", "80a89_T_24": "257", "90A_M_24": "6", "90A_H_24": "4", "90A_Tot_24": "10", "91A_M_24": "1", "91A_H_24": "2", "91A_Tot_24": "3", "92A_M_24": "4", "92A_H_24": "2", "92A_Tot_24": "6", "93A_M_24": "3", "93A_H_24": "3", "93A_Tot_24": "6", "94A_M_24": "5", "94A_H_24": "3", "94A_Tot_24": "8", "95A_M_24": "2", "95A_H_24": "2", "95A_Tot_24": "4", "96A_M_24": "4", "96A_H_24": "1", "96A_Tot_24": "5", "97A_M_24": "2", "97A_H_24": "0", "97A_Tot_24": "2", "98A_M_24": "2", "98A_H_24": "0", "98A_Tot_24": "2", "99A_M_24": "2", "99A_H_24": "2", "99A_Tot_24": "4", "90a99_M_24": "31", "90a99_H_24": "19", "90a99_T_24": "50", "100A_M_24": "0", "100A_H_24": "0", "100A_T_24": "0", "POB_MUJ_24": "31057", "POB_HOM_24": "33538", "POB_TOT_24": "64595" }, "geometry": null },
{ "type": "Feature", "properties": { "ID": "36", "DEPTO": "Cochabamba", "COD_DEPTO": 30000, "RED_SALUD": "Ivirgarzama", "COD_REDSAL": 3006, "MUNICIPIO": "Entre Rios", "COD_MUNI": 31206, "00A_M_24": "360", "00A_H_24": "317", "00A_Tot_24": "677", "01A_M_24": "371", "01A_H_24": "410", "01A_Tot_24": "781", "02A_M_24": "422", "02A_H_24": "438", "02A_Tot_24": "860", "03A_M_24": "420", "03A_H_24": "402", "03A_Tot_24": "822", "04A_M_24": "459", "04A_H_24": "491", "04A_Tot_24": "950", "0a4A_M_24": "2032", "0a4A_H_24": "2058", "0a4A_T_24": "4090", "05A_M_24": "444", "05A_H_24": "461", "05A_Tot_24": "905", "06A_M_24": "558", "06A_H_24": "510", "06A_Tot_24": "1068", "07A_M_24": "534", "07A_H_24": "555", "07A_Tot_24": "1089", "08A_M_24": "516", "08A_H_24": "534", "08A_Tot_24": "1050", "09A_M_24": "497", "09A_H_24": "510", "09A_Tot_24": "1007", "5a9A_M_24": "2549", "5a9A_H_24": "2570", "5a9A_T_24": "5119", "10A_M_24": "447", "10A_H_24": "536", "10A_Tot_24": "983", "11A_M_24": "409", "11A_H_24": "495", "11A_Tot_24": "904", "12A_M_24": "548", "12A_H_24": "525", "12A_Tot_24": "1073", "13A_M_24": "467", "13A_H_24": "448", "13A_Tot_24": "915", "14A_M_24": "436", "14A_H_24": "493", "14A_Tot_24": "929", "10a14_M_24": "2307", "10a14_H_24": "2497", "10a14_T_24": "4804", "15A_M_24": "418", "15A_H_24": "442", "15A_Tot_24": "860", "16A_M_24": "439", "16A_H_24": "432", "16A_Tot_24": "871", "17A_M_24": "464", "17A_H_24": "471", "17A_Tot_24": "935", "18A_M_24": "411", "18A_H_24": "532", "18A_Tot_24": "943", "19A_M_24": "409", "19A_H_24": "467", "19A_Tot_24": "876", "15a19_M_24": "2141", "15a19_H_24": "2344", "15a19_T_24": "4485", "20A_M_24": "394", "20A_H_24": "405", "20A_Tot_24": "799", "21A_M_24": "435", "21A_H_24": "427", "21A_Tot_24": "862", "22A_M_24": "442", "22A_H_24": "407", "22A_Tot_24": "849", "23A_M_24": "494", "23A_H_24": "499", "23A_Tot_24": "993", "24A_M_24": "481", "24A_H_24": "525", "24A_Tot_24": "1006", "25A_M_24": "453", "25A_H_24": "471", "25A_Tot_24": "924", "26A_M_24": "439", "26A_H_24": "436", "26A_Tot_24": "875", "27A_M_24": "434", "27A_H_24": "462", "27A_Tot_24": "896", "28A_M_24": "516", "28A_H_24": "458", "28A_Tot_24": "974", "29A_M_24": "454", "29A_H_24": "469", "29A_Tot_24": "923", "20a29_M_24": "4542", "20a29_H_24": "4559", "20a29_T_24": "9101", "30A_M_24": "453", "30A_H_24": "460", "30A_Tot_24": "913", "31A_M_24": "413", "31A_H_24": "422", "31A_Tot_24": "835", "32A_M_24": "394", "32A_H_24": "393", "32A_Tot_24": "787", "33A_M_24": "373", "33A_H_24": "442", "33A_Tot_24": "815", "34A_M_24": "413", "34A_H_24": "414", "34A_Tot_24": "827", "35A_M_24": "324", "35A_H_24": "393", "35A_Tot_24": "717", "36A_M_24": "323", "36A_H_24": "329", "36A_Tot_24": "652", "37A_M_24": "306", "37A_H_24": "348", "37A_Tot_24": "654", "38A_M_24": "302", "38A_H_24": "345", "38A_Tot_24": "647", "39A_M_24": "285", "39A_H_24": "363", "39A_Tot_24": "648", "30a39_M_24": "3586", "30a39_H_24": "3909", "30a39_T_24": "7495", "40A_M_24": "265", "40A_H_24": "315", "40A_Tot_24": "580", "41A_M_24": "272", "41A_H_24": "271", "41A_Tot_24": "543", "42A_M_24": "241", "42A_H_24": "303", "42A_Tot_24": "544", "43A_M_24": "255", "43A_H_24": "313", "43A_Tot_24": "568", "44A_M_24": "261", "44A_H_24": "272", "44A_Tot_24": "533", "45A_M_24": "211", "45A_H_24": "270", "45A_Tot_24": "481", "46A_M_24": "227", "46A_H_24": "244", "46A_Tot_24": "471", "47A_M_24": "207", "47A_H_24": "210", "47A_Tot_24": "417", "48A_M_24": "174", "48A_H_24": "218", "48A_Tot_24": "392", "49A_M_24": "194", "49A_H_24": "194", "49A_Tot_24": "388", "40a49_M_24": "2307", "40a49_H_24": "2610", "40a49_T_24": "4917", "50A_M_24": "184", "50A_H_24": "199", "50A_Tot_24": "383", "51A_M_24": "147", "51A_H_24": "186", "51A_Tot_24": "333", "52A_M_24": "160", "52A_H_24": "161", "52A_Tot_24": "321", "53A_M_24": "176", "53A_H_24": "181", "53A_Tot_24": "357", "54A_M_24": "143", "54A_H_24": "162", "54A_Tot_24": "305", "55A_M_24": "132", "55A_H_24": "174", "55A_Tot_24": "306", "56A_M_24": "144", "56A_H_24": "169", "56A_Tot_24": "313", "57A_M_24": "119", "57A_H_24": "157", "57A_Tot_24": "276", "58A_M_24": "108", "58A_H_24": "156", "58A_Tot_24": "264", "59A_M_24": "121", "59A_H_24": "158", "59A_Tot_24": "279", "50a59_M_24": "1434", "50a59_H_24": "1703", "50a59_T_24": "3137", "60A_M_24": "104", "60A_H_24": "150", "60A_Tot_24": "254", "61A_M_24": "92", "61A_H_24": "110", "61A_Tot_24": "202", "62A_M_24": "77", "62A_H_24": "111", "62A_Tot_24": "188", "63A_M_24": "112", "63A_H_24": "132", "63A_Tot_24": "244", "64A_M_24": "83", "64A_H_24": "95", "64A_Tot_24": "178", "65A_M_24": "91", "65A_H_24": "85", "65A_Tot_24": "176", "66A_M_24": "68", "66A_H_24": "83", "66A_Tot_24": "151", "67A_M_24": "56", "67A_H_24": "75", "67A_Tot_24": "131", "68A_M_24": "42", "68A_H_24": "67", "68A_Tot_24": "109", "69A_M_24": "53", "69A_H_24": "56", "69A_Tot_24": "109", "60a69_M_24": "778", "60a69_H_24": "964", "60a69_T_24": "1742", "70A_M_24": "48", "70A_H_24": "62", "70A_Tot_24": "110", "71A_M_24": "37", "71A_H_24": "45", "71A_Tot_24": "82", "72A_M_24": "38", "72A_H_24": "40", "72A_Tot_24": "78", "73A_M_24": "38", "73A_H_24": "53", "73A_Tot_24": "91", "74A_M_24": "35", "74A_H_24": "30", "74A_Tot_24": "65", "75A_M_24": "38", "75A_H_24": "33", "75A_Tot_24": "71", "76A_M_24": "19", "76A_H_24": "36", "76A_Tot_24": "55", "77A_M_24": "12", "77A_H_24": "31", "77A_Tot_24": "43", "78A_M_24": "21", "78A_H_24": "17", "78A_Tot_24": "38", "79A_M_24": "18", "79A_H_24": "19", "79A_Tot_24": "37", "70a79_M_24": "304", "70a79_H_24": "366", "70a79_T_24": "670", "80A_M_24": "16", "80A_H_24": "15", "80A_Tot_24": "31", "81A_M_24": "8", "81A_H_24": "14", "81A_Tot_24": "22", "82A_M_24": "10", "82A_H_24": "10", "82A_Tot_24": "20", "83A_M_24": "16", "83A_H_24": "7", "83A_Tot_24": "23", "84A_M_24": "14", "84A_H_24": "12", "84A_Tot_24": "26", "85A_M_24": "5", "85A_H_24": "7", "85A_Tot_24": "12", "86A_M_24": "9", "86A_H_24": "5", "86A_Tot_24": "14", "87A_M_24": "5", "87A_H_24": "5", "87A_Tot_24": "10", "88A_M_24": "7", "88A_H_24": "3", "88A_Tot_24": "10", "89A_M_24": "7", "89A_H_24": "6", "89A_Tot_24": "13", "80a89_M_24": "97", "80a89_H_24": "84", "80a89_T_24": "181", "90A_M_24": "6", "90A_H_24": "5", "90A_Tot_24": "11", "91A_M_24": "1", "91A_H_24": "2", "91A_Tot_24": "3", "92A_M_24": "2", "92A_H_24": "1", "92A_Tot_24": "3", "93A_M_24": "5", "93A_H_24": "3", "93A_Tot_24": "8", "94A_M_24": "3", "94A_H_24": "2", "94A_Tot_24": "5", "95A_M_24": "2", "95A_H_24": "1", "95A_Tot_24": "3", "96A_M_24": "0", "96A_H_24": "2", "96A_Tot_24": "2", "97A_M_24": "0", "97A_H_24": "1", "97A_Tot_24": "1", "98A_M_24": "0", "98A_H_24": "0", "98A_Tot_24": "0", "99A_M_24": "1", "99A_H_24": "0", "99A_Tot_24": "1", "90a99_M_24": "22", "90a99_H_24": "17", "90a99_T_24": "39", "100A_M_24": "2", "100A_H_24": "0", "100A_T_24": "2", "POB_MUJ_24": "22099", "POB_HOM_24": "23681", "POB_TOT_24": "45780" }, "geometry": null },
{ "type": "Feature", "properties": { "ID": "37", "DEPTO": "Cochabamba", "COD_DEPTO": 30000, "RED_SALUD": "Mizque", "COD_REDSAL": 3012, "MUNICIPIO": "Mizque", "COD_MUNI": 31301, "00A_M_24": "141", "00A_H_24": "159", "00A_Tot_24": "300", "01A_M_24": "165", "01A_H_24": "174", "01A_Tot_24": "339", "02A_M_24": "195", "02A_H_24": "163", "02A_Tot_24": "358", "03A_M_24": "171", "03A_H_24": "171", "03A_Tot_24": "342", "04A_M_24": "176", "04A_H_24": "177", "04A_Tot_24": "353", "0a4A_M_24": "848", "0a4A_H_24": "844", "0a4A_T_24": "1692", "05A_M_24": "186", "05A_H_24": "205", "05A_Tot_24": "391", "06A_M_24": "211", "06A_H_24": "194", "06A_Tot_24": "405", "07A_M_24": "212", "07A_H_24": "229", "07A_Tot_24": "441", "08A_M_24": "186", "08A_H_24": "229", "08A_Tot_24": "415", "09A_M_24": "214", "09A_H_24": "237", "09A_Tot_24": "451", "5a9A_M_24": "1009", "5a9A_H_24": "1094", "5a9A_T_24": "2103", "10A_M_24": "231", "10A_H_24": "216", "10A_Tot_24": "447", "11A_M_24": "219", "11A_H_24": "224", "11A_Tot_24": "443", "12A_M_24": "251", "12A_H_24": "270", "12A_Tot_24": "521", "13A_M_24": "227", "13A_H_24": "232", "13A_Tot_24": "459", "14A_M_24": "235", "14A_H_24": "197", "14A_Tot_24": "432", "10a14_M_24": "1163", "10a14_H_24": "1139", "10a14_T_24": "2302", "15A_M_24": "217", "15A_H_24": "210", "15A_Tot_24": "427", "16A_M_24": "194", "16A_H_24": "208", "16A_Tot_24": "402", "17A_M_24": "184", "17A_H_24": "207", "17A_Tot_24": "391", "18A_M_24": "178", "18A_H_24": "151", "18A_Tot_24": "329", "19A_M_24": "145", "19A_H_24": "129", "19A_Tot_24": "274", "15a19_M_24": "918", "15a19_H_24": "905", "15a19_T_24": "1823", "20A_M_24": "158", "20A_H_24": "130", "20A_Tot_24": "288", "21A_M_24": "148", "21A_H_24": "129", "21A_Tot_24": "277", "22A_M_24": "143", "22A_H_24": "164", "22A_Tot_24": "307", "23A_M_24": "168", "23A_H_24": "165", "23A_Tot_24": "333", "24A_M_24": "167", "24A_H_24": "165", "24A_Tot_24": "332", "25A_M_24": "166", "25A_H_24": "130", "25A_Tot_24": "296", "26A_M_24": "148", "26A_H_24": "148", "26A_Tot_24": "296", "27A_M_24": "134", "27A_H_24": "161", "27A_Tot_24": "295", "28A_M_24": "144", "28A_H_24": "146", "28A_Tot_24": "290", "29A_M_24": "143", "29A_H_24": "128", "29A_Tot_24": "271", "20a29_M_24": "1519", "20a29_H_24": "1466", "20a29_T_24": "2985", "30A_M_24": "150", "30A_H_24": "148", "30A_Tot_24": "298", "31A_M_24": "120", "31A_H_24": "132", "31A_Tot_24": "252", "32A_M_24": "131", "32A_H_24": "106", "32A_Tot_24": "237", "33A_M_24": "108", "33A_H_24": "128", "33A_Tot_24": "236", "34A_M_24": "121", "34A_H_24": "105", "34A_Tot_24": "226", "35A_M_24": "137", "35A_H_24": "153", "35A_Tot_24": "290", "36A_M_24": "121", "36A_H_24": "126", "36A_Tot_24": "247", "37A_M_24": "113", "37A_H_24": "108", "37A_Tot_24": "221", "38A_M_24": "106", "38A_H_24": "100", "38A_Tot_24": "206", "39A_M_24": "105", "39A_H_24": "126", "39A_Tot_24": "231", "30a39_M_24": "1212", "30a39_H_24": "1232", "30a39_T_24": "2444", "40A_M_24": "110", "40A_H_24": "117", "40A_Tot_24": "227", "41A_M_24": "111", "41A_H_24": "118", "41A_Tot_24": "229", "42A_M_24": "97", "42A_H_24": "94", "42A_Tot_24": "191", "43A_M_24": "102", "43A_H_24": "96", "43A_Tot_24": "198", "44A_M_24": "102", "44A_H_24": "107", "44A_Tot_24": "209", "45A_M_24": "109", "45A_H_24": "123", "45A_Tot_24": "232", "46A_M_24": "94", "46A_H_24": "113", "46A_Tot_24": "207", "47A_M_24": "86", "47A_H_24": "109", "47A_Tot_24": "195", "48A_M_24": "104", "48A_H_24": "96", "48A_Tot_24": "200", "49A_M_24": "97", "49A_H_24": "97", "49A_Tot_24": "194", "40a49_M_24": "1012", "40a49_H_24": "1070", "40a49_T_24": "2082", "50A_M_24": "109", "50A_H_24": "87", "50A_Tot_24": "196", "51A_M_24": "89", "51A_H_24": "93", "51A_Tot_24": "182", "52A_M_24": "85", "52A_H_24": "103", "52A_Tot_24": "188", "53A_M_24": "87", "53A_H_24": "99", "53A_Tot_24": "186", "54A_M_24": "116", "54A_H_24": "95", "54A_Tot_24": "211", "55A_M_24": "84", "55A_H_24": "78", "55A_Tot_24": "162", "56A_M_24": "85", "56A_H_24": "87", "56A_Tot_24": "172", "57A_M_24": "73", "57A_H_24": "100", "57A_Tot_24": "173", "58A_M_24": "82", "58A_H_24": "98", "58A_Tot_24": "180", "59A_M_24": "81", "59A_H_24": "100", "59A_Tot_24": "181", "50a59_M_24": "891", "50a59_H_24": "940", "50a59_T_24": "1831", "60A_M_24": "85", "60A_H_24": "94", "60A_Tot_24": "179", "61A_M_24": "60", "61A_H_24": "76", "61A_Tot_24": "136", "62A_M_24": "72", "62A_H_24": "81", "62A_Tot_24": "153", "63A_M_24": "76", "63A_H_24": "91", "63A_Tot_24": "167", "64A_M_24": "89", "64A_H_24": "87", "64A_Tot_24": "176", "65A_M_24": "67", "65A_H_24": "57", "65A_Tot_24": "124", "66A_M_24": "72", "66A_H_24": "61", "66A_Tot_24": "133", "67A_M_24": "66", "67A_H_24": "57", "67A_Tot_24": "123", "68A_M_24": "60", "68A_H_24": "65", "68A_Tot_24": "125", "69A_M_24": "56", "69A_H_24": "60", "69A_Tot_24": "116", "60a69_M_24": "703", "60a69_H_24": "729", "60a69_T_24": "1432", "70A_M_24": "57", "70A_H_24": "67", "70A_Tot_24": "124", "71A_M_24": "48", "71A_H_24": "37", "71A_Tot_24": "85", "72A_M_24": "59", "72A_H_24": "41", "72A_Tot_24": "100", "73A_M_24": "56", "73A_H_24": "57", "73A_Tot_24": "113", "74A_M_24": "70", "74A_H_24": "48", "74A_Tot_24": "118", "75A_M_24": "48", "75A_H_24": "36", "75A_Tot_24": "84", "76A_M_24": "34", "76A_H_24": "29", "76A_Tot_24": "63", "77A_M_24": "33", "77A_H_24": "30", "77A_Tot_24": "63", "78A_M_24": "30", "78A_H_24": "21", "78A_Tot_24": "51", "79A_M_24": "32", "79A_H_24": "27", "79A_Tot_24": "59", "70a79_M_24": "467", "70a79_H_24": "393", "70a79_T_24": "860", "80A_M_24": "26", "80A_H_24": "27", "80A_Tot_24": "53", "81A_M_24": "27", "81A_H_24": "19", "81A_Tot_24": "46", "82A_M_24": "18", "82A_H_24": "14", "82A_Tot_24": "32", "83A_M_24": "23", "83A_H_24": "13", "83A_Tot_24": "36", "84A_M_24": "20", "84A_H_24": "15", "84A_Tot_24": "35", "85A_M_24": "11", "85A_H_24": "7", "85A_Tot_24": "18", "86A_M_24": "16", "86A_H_24": "8", "86A_Tot_24": "24", "87A_M_24": "13", "87A_H_24": "10", "87A_Tot_24": "23", "88A_M_24": "9", "88A_H_24": "3", "88A_Tot_24": "12", "89A_M_24": "12", "89A_H_24": "8", "89A_Tot_24": "20", "80a89_M_24": "175", "80a89_H_24": "124", "80a89_T_24": "299", "90A_M_24": "3", "90A_H_24": "1", "90A_Tot_24": "4", "91A_M_24": "7", "91A_H_24": "2", "91A_Tot_24": "9", "92A_M_24": "3", "92A_H_24": "1", "92A_Tot_24": "4", "93A_M_24": "1", "93A_H_24": "3", "93A_Tot_24": "4", "94A_M_24": "3", "94A_H_24": "1", "94A_Tot_24": "4", "95A_M_24": "1", "95A_H_24": "1", "95A_Tot_24": "2", "96A_M_24": "2", "96A_H_24": "1", "96A_Tot_24": "3", "97A_M_24": "1", "97A_H_24": "3", "97A_Tot_24": "4", "98A_M_24": "2", "98A_H_24": "1", "98A_Tot_24": "3", "99A_M_24": "2", "99A_H_24": "1", "99A_Tot_24": "3", "90a99_M_24": "27", "90a99_H_24": "16", "90a99_T_24": "43", "100A_M_24": "2", "100A_H_24": "1", "100A_T_24": "3", "POB_MUJ_24": "9944", "POB_HOM_24": "9952", "POB_TOT_24": "19896" }, "geometry": null },
{ "type": "Feature", "properties": { "ID": "38", "DEPTO": "Cochabamba", "COD_DEPTO": 30000, "RED_SALUD": "Mizque", "COD_REDSAL": 3012, "MUNICIPIO": "Vila Vila", "COD_MUNI": 31302, "00A_M_24": "76", "00A_H_24": "80", "00A_Tot_24": "156", "01A_M_24": "77", "01A_H_24": "99", "01A_Tot_24": "176", "02A_M_24": "72", "02A_H_24": "71", "02A_Tot_24": "143", "03A_M_24": "65", "03A_H_24": "70", "03A_Tot_24": "135", "04A_M_24": "57", "04A_H_24": "50", "04A_Tot_24": "107", "0a4A_M_24": "347", "0a4A_H_24": "370", "0a4A_T_24": "717", "05A_M_24": "72", "05A_H_24": "61", "05A_Tot_24": "133", "06A_M_24": "58", "06A_H_24": "59", "06A_Tot_24": "117", "07A_M_24": "65", "07A_H_24": "42", "07A_Tot_24": "107", "08A_M_24": "67", "08A_H_24": "56", "08A_Tot_24": "123", "09A_M_24": "70", "09A_H_24": "44", "09A_Tot_24": "114", "5a9A_M_24": "332", "5a9A_H_24": "262", "5a9A_T_24": "594", "10A_M_24": "53", "10A_H_24": "68", "10A_Tot_24": "121", "11A_M_24": "68", "11A_H_24": "57", "11A_Tot_24": "125", "12A_M_24": "63", "12A_H_24": "57", "12A_Tot_24": "120", "13A_M_24": "52", "13A_H_24": "60", "13A_Tot_24": "112", "14A_M_24": "49", "14A_H_24": "70", "14A_Tot_24": "119", "10a14_M_24": "285", "10a14_H_24": "312", "10a14_T_24": "597", "15A_M_24": "58", "15A_H_24": "54", "15A_Tot_24": "112", "16A_M_24": "40", "16A_H_24": "52", "16A_Tot_24": "92", "17A_M_24": "40", "17A_H_24": "57", "17A_Tot_24": "97", "18A_M_24": "54", "18A_H_24": "43", "18A_Tot_24": "97", "19A_M_24": "48", "19A_H_24": "53", "19A_Tot_24": "101", "15a19_M_24": "240", "15a19_H_24": "259", "15a19_T_24": "499", "20A_M_24": "49", "20A_H_24": "45", "20A_Tot_24": "94", "21A_M_24": "45", "21A_H_24": "55", "21A_Tot_24": "100", "22A_M_24": "39", "22A_H_24": "50", "22A_Tot_24": "89", "23A_M_24": "42", "23A_H_24": "51", "23A_Tot_24": "93", "24A_M_24": "47", "24A_H_24": "44", "24A_Tot_24": "91", "25A_M_24": "49", "25A_H_24": "41", "25A_Tot_24": "90", "26A_M_24": "35", "26A_H_24": "31", "26A_Tot_24": "66", "27A_M_24": "22", "27A_H_24": "32", "27A_Tot_24": "54", "28A_M_24": "36", "28A_H_24": "37", "28A_Tot_24": "73", "29A_M_24": "31", "29A_H_24": "44", "29A_Tot_24": "75", "20a29_M_24": "395", "20a29_H_24": "430", "20a29_T_24": "825", "30A_M_24": "28", "30A_H_24": "37", "30A_Tot_24": "65", "31A_M_24": "27", "31A_H_24": "33", "31A_Tot_24": "60", "32A_M_24": "24", "32A_H_24": "17", "32A_Tot_24": "41", "33A_M_24": "24", "33A_H_24": "32", "33A_Tot_24": "56", "34A_M_24": "21", "34A_H_24": "36", "34A_Tot_24": "57", "35A_M_24": "21", "35A_H_24": "33", "35A_Tot_24": "54", "36A_M_24": "27", "36A_H_24": "27", "36A_Tot_24": "54", "37A_M_24": "18", "37A_H_24": "26", "37A_Tot_24": "44", "38A_M_24": "18", "38A_H_24": "28", "38A_Tot_24": "46", "39A_M_24": "29", "39A_H_24": "23", "39A_Tot_24": "52", "30a39_M_24": "237", "30a39_H_24": "292", "30a39_T_24": "529", "40A_M_24": "38", "40A_H_24": "23", "40A_Tot_24": "61", "41A_M_24": "25", "41A_H_24": "25", "41A_Tot_24": "50", "42A_M_24": "21", "42A_H_24": "30", "42A_Tot_24": "51", "43A_M_24": "21", "43A_H_24": "21", "43A_Tot_24": "42", "44A_M_24": "28", "44A_H_24": "26", "44A_Tot_24": "54", "45A_M_24": "17", "45A_H_24": "29", "45A_Tot_24": "46", "46A_M_24": "26", "46A_H_24": "22", "46A_Tot_24": "48", "47A_M_24": "19", "47A_H_24": "19", "47A_Tot_24": "38", "48A_M_24": "17", "48A_H_24": "28", "48A_Tot_24": "45", "49A_M_24": "16", "49A_H_24": "15", "49A_Tot_24": "31", "40a49_M_24": "228", "40a49_H_24": "238", "40a49_T_24": "466", "50A_M_24": "20", "50A_H_24": "32", "50A_Tot_24": "52", "51A_M_24": "18", "51A_H_24": "15", "51A_Tot_24": "33", "52A_M_24": "18", "52A_H_24": "17", "52A_Tot_24": "35", "53A_M_24": "28", "53A_H_24": "21", "53A_Tot_24": "49", "54A_M_24": "18", "54A_H_24": "20", "54A_Tot_24": "38", "55A_M_24": "17", "55A_H_24": "26", "55A_Tot_24": "43", "56A_M_24": "26", "56A_H_24": "24", "56A_Tot_24": "50", "57A_M_24": "17", "57A_H_24": "12", "57A_Tot_24": "29", "58A_M_24": "19", "58A_H_24": "21", "58A_Tot_24": "40", "59A_M_24": "13", "59A_H_24": "16", "59A_Tot_24": "29", "50a59_M_24": "194", "50a59_H_24": "204", "50a59_T_24": "398", "60A_M_24": "18", "60A_H_24": "17", "60A_Tot_24": "35", "61A_M_24": "21", "61A_H_24": "20", "61A_Tot_24": "41", "62A_M_24": "15", "62A_H_24": "9", "62A_Tot_24": "24", "63A_M_24": "30", "63A_H_24": "25", "63A_Tot_24": "55", "64A_M_24": "15", "64A_H_24": "12", "64A_Tot_24": "27", "65A_M_24": "19", "65A_H_24": "16", "65A_Tot_24": "35", "66A_M_24": "17", "66A_H_24": "16", "66A_Tot_24": "33", "67A_M_24": "16", "67A_H_24": "10", "67A_Tot_24": "26", "68A_M_24": "18", "68A_H_24": "10", "68A_Tot_24": "28", "69A_M_24": "16", "69A_H_24": "8", "69A_Tot_24": "24", "60a69_M_24": "185", "60a69_H_24": "143", "60a69_T_24": "328", "70A_M_24": "11", "70A_H_24": "8", "70A_Tot_24": "19", "71A_M_24": "8", "71A_H_24": "10", "71A_Tot_24": "18", "72A_M_24": "14", "72A_H_24": "12", "72A_Tot_24": "26", "73A_M_24": "14", "73A_H_24": "22", "73A_Tot_24": "36", "74A_M_24": "13", "74A_H_24": "11", "74A_Tot_24": "24", "75A_M_24": "9", "75A_H_24": "3", "75A_Tot_24": "12", "76A_M_24": "7", "76A_H_24": "7", "76A_Tot_24": "14", "77A_M_24": "7", "77A_H_24": "7", "77A_Tot_24": "14", "78A_M_24": "8", "78A_H_24": "8", "78A_Tot_24": "16", "79A_M_24": "12", "79A_H_24": "9", "79A_Tot_24": "21", "70a79_M_24": "103", "70a79_H_24": "97", "70a79_T_24": "200", "80A_M_24": "7", "80A_H_24": "9", "80A_Tot_24": "16", "81A_M_24": "8", "81A_H_24": "6", "81A_Tot_24": "14", "82A_M_24": "2", "82A_H_24": "0", "82A_Tot_24": "2", "83A_M_24": "6", "83A_H_24": "4", "83A_Tot_24": "10", "84A_M_24": "4", "84A_H_24": "2", "84A_Tot_24": "6", "85A_M_24": "4", "85A_H_24": "1", "85A_Tot_24": "5", "86A_M_24": "5", "86A_H_24": "4", "86A_Tot_24": "9", "87A_M_24": "3", "87A_H_24": "1", "87A_Tot_24": "4", "88A_M_24": "2", "88A_H_24": "4", "88A_Tot_24": "6", "89A_M_24": "4", "89A_H_24": "1", "89A_Tot_24": "5", "80a89_M_24": "45", "80a89_H_24": "32", "80a89_T_24": "77", "90A_M_24": "2", "90A_H_24": "0", "90A_Tot_24": "2", "91A_M_24": "2", "91A_H_24": "0", "91A_Tot_24": "2", "92A_M_24": "1", "92A_H_24": "1", "92A_Tot_24": "2", "93A_M_24": "3", "93A_H_24": "1", "93A_Tot_24": "4", "94A_M_24": "2", "94A_H_24": "1", "94A_Tot_24": "3", "95A_M_24": "0", "95A_H_24": "0", "95A_Tot_24": "0", "96A_M_24": "0", "96A_H_24": "0", "96A_Tot_24": "0", "97A_M_24": "0", "97A_H_24": "0", "97A_Tot_24": "0", "98A_M_24": "0", "98A_H_24": "0", "98A_Tot_24": "0", "99A_M_24": "0", "99A_H_24": "0", "99A_Tot_24": "0", "90a99_M_24": "10", "90a99_H_24": "4", "90a99_T_24": "14", "100A_M_24": "0", "100A_H_24": "1", "100A_T_24": "1", "POB_MUJ_24": "2601", "POB_HOM_24": "2643", "POB_TOT_24": "5244" }, "geometry": null },
{ "type": "Feature", "properties": { "ID": "39", "DEPTO": "Cochabamba", "COD_DEPTO": 30000, "RED_SALUD": "Mizque", "COD_REDSAL": 3012, "MUNICIPIO": "Alalay", "COD_MUNI": 31303, "00A_M_24": "16", "00A_H_24": "24", "00A_Tot_24": "40", "01A_M_24": "27", "01A_H_24": "27", "01A_Tot_24": "54", "02A_M_24": "23", "02A_H_24": "29", "02A_Tot_24": "52", "03A_M_24": "41", "03A_H_24": "26", "03A_Tot_24": "67", "04A_M_24": "34", "04A_H_24": "22", "04A_Tot_24": "56", "0a4A_M_24": "141", "0a4A_H_24": "128", "0a4A_T_24": "269", "05A_M_24": "30", "05A_H_24": "29", "05A_Tot_24": "59", "06A_M_24": "30", "06A_H_24": "26", "06A_Tot_24": "56", "07A_M_24": "36", "07A_H_24": "37", "07A_Tot_24": "73", "08A_M_24": "19", "08A_H_24": "47", "08A_Tot_24": "66", "09A_M_24": "27", "09A_H_24": "35", "09A_Tot_24": "62", "5a9A_M_24": "142", "5a9A_H_24": "174", "5a9A_T_24": "316", "10A_M_24": "32", "10A_H_24": "39", "10A_Tot_24": "71", "11A_M_24": "33", "11A_H_24": "35", "11A_Tot_24": "68", "12A_M_24": "27", "12A_H_24": "43", "12A_Tot_24": "70", "13A_M_24": "38", "13A_H_24": "41", "13A_Tot_24": "79", "14A_M_24": "36", "14A_H_24": "34", "14A_Tot_24": "70", "10a14_M_24": "166", "10a14_H_24": "192", "10a14_T_24": "358", "15A_M_24": "39", "15A_H_24": "31", "15A_Tot_24": "70", "16A_M_24": "27", "16A_H_24": "42", "16A_Tot_24": "69", "17A_M_24": "27", "17A_H_24": "35", "17A_Tot_24": "62", "18A_M_24": "22", "18A_H_24": "48", "18A_Tot_24": "70", "19A_M_24": "33", "19A_H_24": "43", "19A_Tot_24": "76", "15a19_M_24": "148", "15a19_H_24": "199", "15a19_T_24": "347", "20A_M_24": "29", "20A_H_24": "26", "20A_Tot_24": "55", "21A_M_24": "37", "21A_H_24": "27", "21A_Tot_24": "64", "22A_M_24": "24", "22A_H_24": "37", "22A_Tot_24": "61", "23A_M_24": "41", "23A_H_24": "45", "23A_Tot_24": "86", "24A_M_24": "27", "24A_H_24": "40", "24A_Tot_24": "67", "25A_M_24": "41", "25A_H_24": "33", "25A_Tot_24": "74", "26A_M_24": "23", "26A_H_24": "26", "26A_Tot_24": "49", "27A_M_24": "30", "27A_H_24": "29", "27A_Tot_24": "59", "28A_M_24": "30", "28A_H_24": "32", "28A_Tot_24": "62", "29A_M_24": "16", "29A_H_24": "27", "29A_Tot_24": "43", "20a29_M_24": "298", "20a29_H_24": "322", "20a29_T_24": "620", "30A_M_24": "22", "30A_H_24": "36", "30A_Tot_24": "58", "31A_M_24": "21", "31A_H_24": "29", "31A_Tot_24": "50", "32A_M_24": "17", "32A_H_24": "18", "32A_Tot_24": "35", "33A_M_24": "17", "33A_H_24": "27", "33A_Tot_24": "44", "34A_M_24": "17", "34A_H_24": "25", "34A_Tot_24": "42", "35A_M_24": "9", "35A_H_24": "24", "35A_Tot_24": "33", "36A_M_24": "16", "36A_H_24": "20", "36A_Tot_24": "36", "37A_M_24": "17", "37A_H_24": "26", "37A_Tot_24": "43", "38A_M_24": "12", "38A_H_24": "24", "38A_Tot_24": "36", "39A_M_24": "16", "39A_H_24": "20", "39A_Tot_24": "36", "30a39_M_24": "164", "30a39_H_24": "249", "30a39_T_24": "413", "40A_M_24": "19", "40A_H_24": "23", "40A_Tot_24": "42", "41A_M_24": "18", "41A_H_24": "20", "41A_Tot_24": "38", "42A_M_24": "18", "42A_H_24": "22", "42A_Tot_24": "40", "43A_M_24": "15", "43A_H_24": "15", "43A_Tot_24": "30", "44A_M_24": "9", "44A_H_24": "19", "44A_Tot_24": "28", "45A_M_24": "18", "45A_H_24": "21", "45A_Tot_24": "39", "46A_M_24": "13", "46A_H_24": "30", "46A_Tot_24": "43", "47A_M_24": "14", "47A_H_24": "9", "47A_Tot_24": "23", "48A_M_24": "21", "48A_H_24": "18", "48A_Tot_24": "39", "49A_M_24": "15", "49A_H_24": "21", "49A_Tot_24": "36", "40a49_M_24": "160", "40a49_H_24": "198", "40a49_T_24": "358", "50A_M_24": "12", "50A_H_24": "13", "50A_Tot_24": "25", "51A_M_24": "16", "51A_H_24": "21", "51A_Tot_24": "37", "52A_M_24": "18", "52A_H_24": "22", "52A_Tot_24": "40", "53A_M_24": "20", "53A_H_24": "24", "53A_Tot_24": "44", "54A_M_24": "11", "54A_H_24": "18", "54A_Tot_24": "29", "55A_M_24": "17", "55A_H_24": "16", "55A_Tot_24": "33", "56A_M_24": "17", "56A_H_24": "20", "56A_Tot_24": "37", "57A_M_24": "18", "57A_H_24": "13", "57A_Tot_24": "31", "58A_M_24": "17", "58A_H_24": "15", "58A_Tot_24": "32", "59A_M_24": "19", "59A_H_24": "16", "59A_Tot_24": "35", "50a59_M_24": "165", "50a59_H_24": "178", "50a59_T_24": "343", "60A_M_24": "9", "60A_H_24": "13", "60A_Tot_24": "22", "61A_M_24": "12", "61A_H_24": "14", "61A_Tot_24": "26", "62A_M_24": "18", "62A_H_24": "10", "62A_Tot_24": "28", "63A_M_24": "12", "63A_H_24": "23", "63A_Tot_24": "35", "64A_M_24": "16", "64A_H_24": "8", "64A_Tot_24": "24", "65A_M_24": "12", "65A_H_24": "12", "65A_Tot_24": "24", "66A_M_24": "11", "66A_H_24": "14", "66A_Tot_24": "25", "67A_M_24": "19", "67A_H_24": "11", "67A_Tot_24": "30", "68A_M_24": "10", "68A_H_24": "13", "68A_Tot_24": "23", "69A_M_24": "10", "69A_H_24": "10", "69A_Tot_24": "20", "60a69_M_24": "129", "60a69_H_24": "128", "60a69_T_24": "257", "70A_M_24": "11", "70A_H_24": "8", "70A_Tot_24": "19", "71A_M_24": "12", "71A_H_24": "5", "71A_Tot_24": "17", "72A_M_24": "8", "72A_H_24": "11", "72A_Tot_24": "19", "73A_M_24": "11", "73A_H_24": "7", "73A_Tot_24": "18", "74A_M_24": "5", "74A_H_24": "9", "74A_Tot_24": "14", "75A_M_24": "12", "75A_H_24": "7", "75A_Tot_24": "19", "76A_M_24": "12", "76A_H_24": "4", "76A_Tot_24": "16", "77A_M_24": "8", "77A_H_24": "8", "77A_Tot_24": "16", "78A_M_24": "12", "78A_H_24": "5", "78A_Tot_24": "17", "79A_M_24": "5", "79A_H_24": "3", "79A_Tot_24": "8", "70a79_M_24": "96", "70a79_H_24": "67", "70a79_T_24": "163", "80A_M_24": "5", "80A_H_24": "4", "80A_Tot_24": "9", "81A_M_24": "7", "81A_H_24": "1", "81A_Tot_24": "8", "82A_M_24": "4", "82A_H_24": "4", "82A_Tot_24": "8", "83A_M_24": "8", "83A_H_24": "5", "83A_Tot_24": "13", "84A_M_24": "3", "84A_H_24": "1", "84A_Tot_24": "4", "85A_M_24": "2", "85A_H_24": "4", "85A_Tot_24": "6", "86A_M_24": "1", "86A_H_24": "1", "86A_Tot_24": "2", "87A_M_24": "3", "87A_H_24": "1", "87A_Tot_24": "4", "88A_M_24": "0", "88A_H_24": "1", "88A_Tot_24": "1", "89A_M_24": "1", "89A_H_24": "0", "89A_Tot_24": "1", "80a89_M_24": "34", "80a89_H_24": "22", "80a89_T_24": "56", "90A_M_24": "4", "90A_H_24": "2", "90A_Tot_24": "6", "91A_M_24": "0", "91A_H_24": "0", "91A_Tot_24": "0", "92A_M_24": "0", "92A_H_24": "0", "92A_Tot_24": "0", "93A_M_24": "1", "93A_H_24": "0", "93A_Tot_24": "1", "94A_M_24": "0", "94A_H_24": "0", "94A_Tot_24": "0", "95A_M_24": "2", "95A_H_24": "0", "95A_Tot_24": "2", "96A_M_24": "0", "96A_H_24": "1", "96A_Tot_24": "1", "97A_M_24": "1", "97A_H_24": "0", "97A_Tot_24": "1", "98A_M_24": "1", "98A_H_24": "0", "98A_Tot_24": "1", "99A_M_24": "0", "99A_H_24": "0", "99A_Tot_24": "0", "90a99_M_24": "9", "90a99_H_24": "3", "90a99_T_24": "12", "100A_M_24": "0", "100A_H_24": "0", "100A_T_24": "0", "POB_MUJ_24": "1652", "POB_HOM_24": "1860", "POB_TOT_24": "3512" }, "geometry": null },
{ "type": "Feature", "properties": { "ID": "40", "DEPTO": "Cochabamba", "COD_DEPTO": 30000, "RED_SALUD": "Mizque", "COD_REDSAL": 3012, "MUNICIPIO": "TIOC-Raqaypampa", "COD_MUNI": 31304, "00A_M_24": "62", "00A_H_24": "85", "00A_Tot_24": "147", "01A_M_24": "71", "01A_H_24": "70", "01A_Tot_24": "141", "02A_M_24": "84", "02A_H_24": "80", "02A_Tot_24": "164", "03A_M_24": "102", "03A_H_24": "104", "03A_Tot_24": "206", "04A_M_24": "80", "04A_H_24": "87", "04A_Tot_24": "167", "0a4A_M_24": "399", "0a4A_H_24": "426", "0a4A_T_24": "825", "05A_M_24": "75", "05A_H_24": "88", "05A_Tot_24": "163", "06A_M_24": "92", "06A_H_24": "111", "06A_Tot_24": "203", "07A_M_24": "92", "07A_H_24": "83", "07A_Tot_24": "175", "08A_M_24": "84", "08A_H_24": "102", "08A_Tot_24": "186", "09A_M_24": "100", "09A_H_24": "92", "09A_Tot_24": "192", "5a9A_M_24": "443", "5a9A_H_24": "476", "5a9A_T_24": "919", "10A_M_24": "108", "10A_H_24": "112", "10A_Tot_24": "220", "11A_M_24": "89", "11A_H_24": "104", "11A_Tot_24": "193", "12A_M_24": "88", "12A_H_24": "101", "12A_Tot_24": "189", "13A_M_24": "98", "13A_H_24": "76", "13A_Tot_24": "174", "14A_M_24": "95", "14A_H_24": "107", "14A_Tot_24": "202", "10a14_M_24": "478", "10a14_H_24": "500", "10a14_T_24": "978", "15A_M_24": "101", "15A_H_24": "82", "15A_Tot_24": "183", "16A_M_24": "84", "16A_H_24": "110", "16A_Tot_24": "194", "17A_M_24": "96", "17A_H_24": "99", "17A_Tot_24": "195", "18A_M_24": "72", "18A_H_24": "84", "18A_Tot_24": "156", "19A_M_24": "79", "19A_H_24": "86", "19A_Tot_24": "165", "15a19_M_24": "432", "15a19_H_24": "461", "15a19_T_24": "893", "20A_M_24": "90", "20A_H_24": "86", "20A_Tot_24": "176", "21A_M_24": "52", "21A_H_24": "65", "21A_Tot_24": "117", "22A_M_24": "51", "22A_H_24": "69", "22A_Tot_24": "120", "23A_M_24": "70", "23A_H_24": "74", "23A_Tot_24": "144", "24A_M_24": "58", "24A_H_24": "81", "24A_Tot_24": "139", "25A_M_24": "64", "25A_H_24": "64", "25A_Tot_24": "128", "26A_M_24": "45", "26A_H_24": "60", "26A_Tot_24": "105", "27A_M_24": "51", "27A_H_24": "40", "27A_Tot_24": "91", "28A_M_24": "39", "28A_H_24": "61", "28A_Tot_24": "100", "29A_M_24": "53", "29A_H_24": "67", "29A_Tot_24": "120", "20a29_M_24": "573", "20a29_H_24": "667", "20a29_T_24": "1240", "30A_M_24": "52", "30A_H_24": "63", "30A_Tot_24": "115", "31A_M_24": "33", "31A_H_24": "41", "31A_Tot_24": "74", "32A_M_24": "26", "32A_H_24": "37", "32A_Tot_24": "63", "33A_M_24": "47", "33A_H_24": "46", "33A_Tot_24": "93", "34A_M_24": "34", "34A_H_24": "47", "34A_Tot_24": "81", "35A_M_24": "39", "35A_H_24": "39", "35A_Tot_24": "78", "36A_M_24": "23", "36A_H_24": "49", "36A_Tot_24": "72", "37A_M_24": "33", "37A_H_24": "42", "37A_Tot_24": "75", "38A_M_24": "44", "38A_H_24": "57", "38A_Tot_24": "101", "39A_M_24": "56", "39A_H_24": "56", "39A_Tot_24": "112", "30a39_M_24": "387", "30a39_H_24": "477", "30a39_T_24": "864", "40A_M_24": "43", "40A_H_24": "61", "40A_Tot_24": "104", "41A_M_24": "42", "41A_H_24": "31", "41A_Tot_24": "73", "42A_M_24": "49", "42A_H_24": "48", "42A_Tot_24": "97", "43A_M_24": "53", "43A_H_24": "49", "43A_Tot_24": "102", "44A_M_24": "60", "44A_H_24": "37", "44A_Tot_24": "97", "45A_M_24": "39", "45A_H_24": "55", "45A_Tot_24": "94", "46A_M_24": "38", "46A_H_24": "33", "46A_Tot_24": "71", "47A_M_24": "34", "47A_H_24": "31", "47A_Tot_24": "65", "48A_M_24": "39", "48A_H_24": "32", "48A_Tot_24": "71", "49A_M_24": "44", "49A_H_24": "35", "49A_Tot_24": "79", "40a49_M_24": "441", "40a49_H_24": "412", "40a49_T_24": "853", "50A_M_24": "33", "50A_H_24": "44", "50A_Tot_24": "77", "51A_M_24": "33", "51A_H_24": "29", "51A_Tot_24": "62", "52A_M_24": "17", "52A_H_24": "33", "52A_Tot_24": "50", "53A_M_24": "27", "53A_H_24": "24", "53A_Tot_24": "51", "54A_M_24": "24", "54A_H_24": "23", "54A_Tot_24": "47", "55A_M_24": "32", "55A_H_24": "39", "55A_Tot_24": "71", "56A_M_24": "27", "56A_H_24": "31", "56A_Tot_24": "58", "57A_M_24": "37", "57A_H_24": "27", "57A_Tot_24": "64", "58A_M_24": "40", "58A_H_24": "39", "58A_Tot_24": "79", "59A_M_24": "31", "59A_H_24": "32", "59A_Tot_24": "63", "50a59_M_24": "301", "50a59_H_24": "321", "50a59_T_24": "622", "60A_M_24": "31", "60A_H_24": "22", "60A_Tot_24": "53", "61A_M_24": "19", "61A_H_24": "24", "61A_Tot_24": "43", "62A_M_24": "20", "62A_H_24": "19", "62A_Tot_24": "39", "63A_M_24": "33", "63A_H_24": "27", "63A_Tot_24": "60", "64A_M_24": "28", "64A_H_24": "21", "64A_Tot_24": "49", "65A_M_24": "26", "65A_H_24": "28", "65A_Tot_24": "54", "66A_M_24": "18", "66A_H_24": "20", "66A_Tot_24": "38", "67A_M_24": "30", "67A_H_24": "19", "67A_Tot_24": "49", "68A_M_24": "19", "68A_H_24": "18", "68A_Tot_24": "37", "69A_M_24": "26", "69A_H_24": "30", "69A_Tot_24": "56", "60a69_M_24": "250", "60a69_H_24": "228", "60a69_T_24": "478", "70A_M_24": "25", "70A_H_24": "15", "70A_Tot_24": "40", "71A_M_24": "20", "71A_H_24": "13", "71A_Tot_24": "33", "72A_M_24": "25", "72A_H_24": "9", "72A_Tot_24": "34", "73A_M_24": "19", "73A_H_24": "12", "73A_Tot_24": "31", "74A_M_24": "9", "74A_H_24": "15", "74A_Tot_24": "24", "75A_M_24": "14", "75A_H_24": "19", "75A_Tot_24": "33", "76A_M_24": "10", "76A_H_24": "5", "76A_Tot_24": "15", "77A_M_24": "9", "77A_H_24": "10", "77A_Tot_24": "19", "78A_M_24": "8", "78A_H_24": "14", "78A_Tot_24": "22", "79A_M_24": "15", "79A_H_24": "10", "79A_Tot_24": "25", "70a79_M_24": "154", "70a79_H_24": "122", "70a79_T_24": "276", "80A_M_24": "10", "80A_H_24": "7", "80A_Tot_24": "17", "81A_M_24": "7", "81A_H_24": "1", "81A_Tot_24": "8", "82A_M_24": "5", "82A_H_24": "1", "82A_Tot_24": "6", "83A_M_24": "7", "83A_H_24": "7", "83A_Tot_24": "14", "84A_M_24": "5", "84A_H_24": "2", "84A_Tot_24": "7", "85A_M_24": "5", "85A_H_24": "0", "85A_Tot_24": "5", "86A_M_24": "6", "86A_H_24": "1", "86A_Tot_24": "7", "87A_M_24": "4", "87A_H_24": "5", "87A_Tot_24": "9", "88A_M_24": "7", "88A_H_24": "1", "88A_Tot_24": "8", "89A_M_24": "1", "89A_H_24": "4", "89A_Tot_24": "5", "80a89_M_24": "57", "80a89_H_24": "29", "80a89_T_24": "86", "90A_M_24": "1", "90A_H_24": "1", "90A_Tot_24": "2", "91A_M_24": "3", "91A_H_24": "2", "91A_Tot_24": "5", "92A_M_24": "1", "92A_H_24": "1", "92A_Tot_24": "2", "93A_M_24": "4", "93A_H_24": "2", "93A_Tot_24": "6", "94A_M_24": "1", "94A_H_24": "1", "94A_Tot_24": "2", "95A_M_24": "2", "95A_H_24": "0", "95A_Tot_24": "2", "96A_M_24": "1", "96A_H_24": "0", "96A_Tot_24": "1", "97A_M_24": "0", "97A_H_24": "0", "97A_Tot_24": "0", "98A_M_24": "0", "98A_H_24": "0", "98A_Tot_24": "0", "99A_M_24": "0", "99A_H_24": "0", "99A_Tot_24": "0", "90a99_M_24": "13", "90a99_H_24": "9", "90a99_T_24": "22", "100A_M_24": "0", "100A_H_24": "2", "100A_T_24": "2", "POB_MUJ_24": "3928", "POB_HOM_24": "4128", "POB_TOT_24": "8056" }, "geometry": null },
{ "type": "Feature", "properties": { "ID": "41", "DEPTO": "Cochabamba", "COD_DEPTO": 30000, "RED_SALUD": "Punata", "COD_REDSAL": 3004, "MUNICIPIO": "Punata", "COD_MUNI": 31401, "00A_M_24": "246", "00A_H_24": "222", "00A_Tot_24": "468", "01A_M_24": "256", "01A_H_24": "239", "01A_Tot_24": "495", "02A_M_24": "252", "02A_H_24": "250", "02A_Tot_24": "502", "03A_M_24": "242", "03A_H_24": "273", "03A_Tot_24": "515", "04A_M_24": "266", "04A_H_24": "274", "04A_Tot_24": "540", "0a4A_M_24": "1262", "0a4A_H_24": "1258", "0a4A_T_24": "2520", "05A_M_24": "273", "05A_H_24": "295", "05A_Tot_24": "568", "06A_M_24": "287", "06A_H_24": "338", "06A_Tot_24": "625", "07A_M_24": "265", "07A_H_24": "307", "07A_Tot_24": "572", "08A_M_24": "306", "08A_H_24": "372", "08A_Tot_24": "678", "09A_M_24": "331", "09A_H_24": "322", "09A_Tot_24": "653", "5a9A_M_24": "1462", "5a9A_H_24": "1634", "5a9A_T_24": "3096", "10A_M_24": "298", "10A_H_24": "340", "10A_Tot_24": "638", "11A_M_24": "343", "11A_H_24": "350", "11A_Tot_24": "693", "12A_M_24": "336", "12A_H_24": "320", "12A_Tot_24": "656", "13A_M_24": "346", "13A_H_24": "350", "13A_Tot_24": "696", "14A_M_24": "330", "14A_H_24": "292", "14A_Tot_24": "622", "10a14_M_24": "1653", "10a14_H_24": "1652", "10a14_T_24": "3305", "15A_M_24": "327", "15A_H_24": "289", "15A_Tot_24": "616", "16A_M_24": "285", "16A_H_24": "293", "16A_Tot_24": "578", "17A_M_24": "267", "17A_H_24": "278", "17A_Tot_24": "545", "18A_M_24": "320", "18A_H_24": "233", "18A_Tot_24": "553", "19A_M_24": "294", "19A_H_24": "250", "19A_Tot_24": "544", "15a19_M_24": "1493", "15a19_H_24": "1343", "15a19_T_24": "2836", "20A_M_24": "258", "20A_H_24": "255", "20A_Tot_24": "513", "21A_M_24": "274", "21A_H_24": "266", "21A_Tot_24": "540", "22A_M_24": "312", "22A_H_24": "260", "22A_Tot_24": "572", "23A_M_24": "329", "23A_H_24": "301", "23A_Tot_24": "630", "24A_M_24": "315", "24A_H_24": "311", "24A_Tot_24": "626", "25A_M_24": "315", "25A_H_24": "307", "25A_Tot_24": "622", "26A_M_24": "336", "26A_H_24": "261", "26A_Tot_24": "597", "27A_M_24": "313", "27A_H_24": "244", "27A_Tot_24": "557", "28A_M_24": "315", "28A_H_24": "274", "28A_Tot_24": "589", "29A_M_24": "343", "29A_H_24": "273", "29A_Tot_24": "616", "20a29_M_24": "3110", "20a29_H_24": "2752", "20a29_T_24": "5862", "30A_M_24": "265", "30A_H_24": "225", "30A_Tot_24": "490", "31A_M_24": "263", "31A_H_24": "280", "31A_Tot_24": "543", "32A_M_24": "307", "32A_H_24": "238", "32A_Tot_24": "545", "33A_M_24": "297", "33A_H_24": "284", "33A_Tot_24": "581", "34A_M_24": "260", "34A_H_24": "265", "34A_Tot_24": "525", "35A_M_24": "283", "35A_H_24": "245", "35A_Tot_24": "528", "36A_M_24": "256", "36A_H_24": "253", "36A_Tot_24": "509", "37A_M_24": "270", "37A_H_24": "229", "37A_Tot_24": "499", "38A_M_24": "246", "38A_H_24": "226", "38A_Tot_24": "472", "39A_M_24": "235", "39A_H_24": "184", "39A_Tot_24": "419", "30a39_M_24": "2682", "30a39_H_24": "2429", "30a39_T_24": "5111", "40A_M_24": "211", "40A_H_24": "189", "40A_Tot_24": "400", "41A_M_24": "233", "41A_H_24": "186", "41A_Tot_24": "419", "42A_M_24": "219", "42A_H_24": "204", "42A_Tot_24": "423", "43A_M_24": "228", "43A_H_24": "197", "43A_Tot_24": "425", "44A_M_24": "219", "44A_H_24": "182", "44A_Tot_24": "401", "45A_M_24": "220", "45A_H_24": "184", "45A_Tot_24": "404", "46A_M_24": "195", "46A_H_24": "172", "46A_Tot_24": "367", "47A_M_24": "206", "47A_H_24": "150", "47A_Tot_24": "356", "48A_M_24": "180", "48A_H_24": "152", "48A_Tot_24": "332", "49A_M_24": "168", "49A_H_24": "154", "49A_Tot_24": "322", "40a49_M_24": "2079", "40a49_H_24": "1770", "40a49_T_24": "3849", "50A_M_24": "195", "50A_H_24": "140", "50A_Tot_24": "335", "51A_M_24": "169", "51A_H_24": "148", "51A_Tot_24": "317", "52A_M_24": "150", "52A_H_24": "145", "52A_Tot_24": "295", "53A_M_24": "169", "53A_H_24": "150", "53A_Tot_24": "319", "54A_M_24": "194", "54A_H_24": "132", "54A_Tot_24": "326", "55A_M_24": "171", "55A_H_24": "124", "55A_Tot_24": "295", "56A_M_24": "175", "56A_H_24": "134", "56A_Tot_24": "309", "57A_M_24": "159", "57A_H_24": "134", "57A_Tot_24": "293", "58A_M_24": "167", "58A_H_24": "154", "58A_Tot_24": "321", "59A_M_24": "155", "59A_H_24": "141", "59A_Tot_24": "296", "50a59_M_24": "1704", "50a59_H_24": "1402", "50a59_T_24": "3106", "60A_M_24": "180", "60A_H_24": "140", "60A_Tot_24": "320", "61A_M_24": "159", "61A_H_24": "127", "61A_Tot_24": "286", "62A_M_24": "166", "62A_H_24": "119", "62A_Tot_24": "285", "63A_M_24": "187", "63A_H_24": "127", "63A_Tot_24": "314", "64A_M_24": "171", "64A_H_24": "148", "64A_Tot_24": "319", "65A_M_24": "165", "65A_H_24": "141", "65A_Tot_24": "306", "66A_M_24": "158", "66A_H_24": "134", "66A_Tot_24": "292", "67A_M_24": "146", "67A_H_24": "101", "67A_Tot_24": "247", "68A_M_24": "152", "68A_H_24": "119", "68A_Tot_24": "271", "69A_M_24": "138", "69A_H_24": "115", "69A_Tot_24": "253", "60a69_M_24": "1622", "60a69_H_24": "1271", "60a69_T_24": "2893", "70A_M_24": "132", "70A_H_24": "94", "70A_Tot_24": "226", "71A_M_24": "118", "71A_H_24": "78", "71A_Tot_24": "196", "72A_M_24": "123", "72A_H_24": "72", "72A_Tot_24": "195", "73A_M_24": "123", "73A_H_24": "94", "73A_Tot_24": "217", "74A_M_24": "114", "74A_H_24": "88", "74A_Tot_24": "202", "75A_M_24": "128", "75A_H_24": "81", "75A_Tot_24": "209", "76A_M_24": "82", "76A_H_24": "58", "76A_Tot_24": "140", "77A_M_24": "114", "77A_H_24": "63", "77A_Tot_24": "177", "78A_M_24": "93", "78A_H_24": "58", "78A_Tot_24": "151", "79A_M_24": "90", "79A_H_24": "49", "79A_Tot_24": "139", "70a79_M_24": "1117", "70a79_H_24": "735", "70a79_T_24": "1852", "80A_M_24": "78", "80A_H_24": "31", "80A_Tot_24": "109", "81A_M_24": "67", "81A_H_24": "40", "81A_Tot_24": "107", "82A_M_24": "57", "82A_H_24": "36", "82A_Tot_24": "93", "83A_M_24": "52", "83A_H_24": "34", "83A_Tot_24": "86", "84A_M_24": "57", "84A_H_24": "25", "84A_Tot_24": "82", "85A_M_24": "45", "85A_H_24": "23", "85A_Tot_24": "68", "86A_M_24": "29", "86A_H_24": "20", "86A_Tot_24": "49", "87A_M_24": "28", "87A_H_24": "19", "87A_Tot_24": "47", "88A_M_24": "17", "88A_H_24": "11", "88A_Tot_24": "28", "89A_M_24": "26", "89A_H_24": "7", "89A_Tot_24": "33", "80a89_M_24": "456", "80a89_H_24": "246", "80a89_T_24": "702", "90A_M_24": "17", "90A_H_24": "9", "90A_Tot_24": "26", "91A_M_24": "17", "91A_H_24": "3", "91A_Tot_24": "20", "92A_M_24": "11", "92A_H_24": "9", "92A_Tot_24": "20", "93A_M_24": "5", "93A_H_24": "4", "93A_Tot_24": "9", "94A_M_24": "7", "94A_H_24": "4", "94A_Tot_24": "11", "95A_M_24": "11", "95A_H_24": "1", "95A_Tot_24": "12", "96A_M_24": "6", "96A_H_24": "3", "96A_Tot_24": "9", "97A_M_24": "1", "97A_H_24": "2", "97A_Tot_24": "3", "98A_M_24": "2", "98A_H_24": "1", "98A_Tot_24": "3", "99A_M_24": "2", "99A_H_24": "0", "99A_Tot_24": "2", "90a99_M_24": "80", "90a99_H_24": "36", "90a99_T_24": "116", "100A_M_24": "1", "100A_H_24": "0", "100A_T_24": "1", "POB_MUJ_24": "18720", "POB_HOM_24": "16528", "POB_TOT_24": "35248" }, "geometry": null },
{ "type": "Feature", "properties": { "ID": "42", "DEPTO": "Cochabamba", "COD_DEPTO": 30000, "RED_SALUD": "Punata", "COD_REDSAL": 3004, "MUNICIPIO": "Villa Rivero", "COD_MUNI": 31402, "00A_M_24": "70", "00A_H_24": "60", "00A_Tot_24": "130", "01A_M_24": "69", "01A_H_24": "63", "01A_Tot_24": "132", "02A_M_24": "54", "02A_H_24": "56", "02A_Tot_24": "110", "03A_M_24": "73", "03A_H_24": "62", "03A_Tot_24": "135", "04A_M_24": "54", "04A_H_24": "87", "04A_Tot_24": "141", "0a4A_M_24": "320", "0a4A_H_24": "328", "0a4A_T_24": "648", "05A_M_24": "70", "05A_H_24": "74", "05A_Tot_24": "144", "06A_M_24": "70", "06A_H_24": "75", "06A_Tot_24": "145", "07A_M_24": "101", "07A_H_24": "70", "07A_Tot_24": "171", "08A_M_24": "87", "08A_H_24": "78", "08A_Tot_24": "165", "09A_M_24": "72", "09A_H_24": "94", "09A_Tot_24": "166", "5a9A_M_24": "400", "5a9A_H_24": "391", "5a9A_T_24": "791", "10A_M_24": "92", "10A_H_24": "77", "10A_Tot_24": "169", "11A_M_24": "75", "11A_H_24": "73", "11A_Tot_24": "148", "12A_M_24": "81", "12A_H_24": "79", "12A_Tot_24": "160", "13A_M_24": "71", "13A_H_24": "85", "13A_Tot_24": "156", "14A_M_24": "62", "14A_H_24": "96", "14A_Tot_24": "158", "10a14_M_24": "381", "10a14_H_24": "410", "10a14_T_24": "791", "15A_M_24": "71", "15A_H_24": "74", "15A_Tot_24": "145", "16A_M_24": "76", "16A_H_24": "90", "16A_Tot_24": "166", "17A_M_24": "72", "17A_H_24": "76", "17A_Tot_24": "148", "18A_M_24": "87", "18A_H_24": "59", "18A_Tot_24": "146", "19A_M_24": "81", "19A_H_24": "65", "19A_Tot_24": "146", "15a19_M_24": "387", "15a19_H_24": "364", "15a19_T_24": "751", "20A_M_24": "68", "20A_H_24": "67", "20A_Tot_24": "135", "21A_M_24": "61", "21A_H_24": "88", "21A_Tot_24": "149", "22A_M_24": "64", "22A_H_24": "65", "22A_Tot_24": "129", "23A_M_24": "72", "23A_H_24": "67", "23A_Tot_24": "139", "24A_M_24": "76", "24A_H_24": "70", "24A_Tot_24": "146", "25A_M_24": "69", "25A_H_24": "55", "25A_Tot_24": "124", "26A_M_24": "80", "26A_H_24": "60", "26A_Tot_24": "140", "27A_M_24": "70", "27A_H_24": "66", "27A_Tot_24": "136", "28A_M_24": "61", "28A_H_24": "65", "28A_Tot_24": "126", "29A_M_24": "65", "29A_H_24": "74", "29A_Tot_24": "139", "20a29_M_24": "686", "20a29_H_24": "677", "20a29_T_24": "1363", "30A_M_24": "88", "30A_H_24": "82", "30A_Tot_24": "170", "31A_M_24": "55", "31A_H_24": "62", "31A_Tot_24": "117", "32A_M_24": "70", "32A_H_24": "72", "32A_Tot_24": "142", "33A_M_24": "66", "33A_H_24": "67", "33A_Tot_24": "133", "34A_M_24": "62", "34A_H_24": "55", "34A_Tot_24": "117", "35A_M_24": "59", "35A_H_24": "49", "35A_Tot_24": "108", "36A_M_24": "56", "36A_H_24": "63", "36A_Tot_24": "119", "37A_M_24": "53", "37A_H_24": "60", "37A_Tot_24": "113", "38A_M_24": "60", "38A_H_24": "61", "38A_Tot_24": "121", "39A_M_24": "51", "39A_H_24": "49", "39A_Tot_24": "100", "30a39_M_24": "620", "30a39_H_24": "620", "30a39_T_24": "1240", "40A_M_24": "51", "40A_H_24": "41", "40A_Tot_24": "92", "41A_M_24": "53", "41A_H_24": "43", "41A_Tot_24": "96", "42A_M_24": "48", "42A_H_24": "46", "42A_Tot_24": "94", "43A_M_24": "49", "43A_H_24": "42", "43A_Tot_24": "91", "44A_M_24": "45", "44A_H_24": "56", "44A_Tot_24": "101", "45A_M_24": "59", "45A_H_24": "48", "45A_Tot_24": "107", "46A_M_24": "58", "46A_H_24": "41", "46A_Tot_24": "99", "47A_M_24": "36", "47A_H_24": "37", "47A_Tot_24": "73", "48A_M_24": "38", "48A_H_24": "47", "48A_Tot_24": "85", "49A_M_24": "38", "49A_H_24": "40", "49A_Tot_24": "78", "40a49_M_24": "475", "40a49_H_24": "441", "40a49_T_24": "916", "50A_M_24": "33", "50A_H_24": "48", "50A_Tot_24": "81", "51A_M_24": "45", "51A_H_24": "44", "51A_Tot_24": "89", "52A_M_24": "44", "52A_H_24": "32", "52A_Tot_24": "76", "53A_M_24": "53", "53A_H_24": "37", "53A_Tot_24": "90", "54A_M_24": "43", "54A_H_24": "48", "54A_Tot_24": "91", "55A_M_24": "36", "55A_H_24": "32", "55A_Tot_24": "68", "56A_M_24": "34", "56A_H_24": "45", "56A_Tot_24": "79", "57A_M_24": "55", "57A_H_24": "28", "57A_Tot_24": "83", "58A_M_24": "44", "58A_H_24": "43", "58A_Tot_24": "87", "59A_M_24": "31", "59A_H_24": "37", "59A_Tot_24": "68", "50a59_M_24": "418", "50a59_H_24": "394", "50a59_T_24": "812", "60A_M_24": "34", "60A_H_24": "28", "60A_Tot_24": "62", "61A_M_24": "39", "61A_H_24": "35", "61A_Tot_24": "74", "62A_M_24": "31", "62A_H_24": "20", "62A_Tot_24": "51", "63A_M_24": "41", "63A_H_24": "28", "63A_Tot_24": "69", "64A_M_24": "36", "64A_H_24": "39", "64A_Tot_24": "75", "65A_M_24": "26", "65A_H_24": "48", "65A_Tot_24": "74", "66A_M_24": "30", "66A_H_24": "33", "66A_Tot_24": "63", "67A_M_24": "33", "67A_H_24": "23", "67A_Tot_24": "56", "68A_M_24": "27", "68A_H_24": "23", "68A_Tot_24": "50", "69A_M_24": "27", "69A_H_24": "31", "69A_Tot_24": "58", "60a69_M_24": "324", "60a69_H_24": "308", "60a69_T_24": "632", "70A_M_24": "26", "70A_H_24": "26", "70A_Tot_24": "52", "71A_M_24": "27", "71A_H_24": "24", "71A_Tot_24": "51", "72A_M_24": "34", "72A_H_24": "20", "72A_Tot_24": "54", "73A_M_24": "29", "73A_H_24": "14", "73A_Tot_24": "43", "74A_M_24": "30", "74A_H_24": "20", "74A_Tot_24": "50", "75A_M_24": "23", "75A_H_24": "15", "75A_Tot_24": "38", "76A_M_24": "28", "76A_H_24": "16", "76A_Tot_24": "44", "77A_M_24": "26", "77A_H_24": "16", "77A_Tot_24": "42", "78A_M_24": "21", "78A_H_24": "19", "78A_Tot_24": "40", "79A_M_24": "19", "79A_H_24": "19", "79A_Tot_24": "38", "70a79_M_24": "263", "70a79_H_24": "189", "70a79_T_24": "452", "80A_M_24": "7", "80A_H_24": "12", "80A_Tot_24": "19", "81A_M_24": "15", "81A_H_24": "9", "81A_Tot_24": "24", "82A_M_24": "14", "82A_H_24": "3", "82A_Tot_24": "17", "83A_M_24": "22", "83A_H_24": "6", "83A_Tot_24": "28", "84A_M_24": "11", "84A_H_24": "8", "84A_Tot_24": "19", "85A_M_24": "11", "85A_H_24": "14", "85A_Tot_24": "25", "86A_M_24": "8", "86A_H_24": "2", "86A_Tot_24": "10", "87A_M_24": "4", "87A_H_24": "3", "87A_Tot_24": "7", "88A_M_24": "6", "88A_H_24": "1", "88A_Tot_24": "7", "89A_M_24": "7", "89A_H_24": "5", "89A_Tot_24": "12", "80a89_M_24": "105", "80a89_H_24": "63", "80a89_T_24": "168", "90A_M_24": "3", "90A_H_24": "2", "90A_Tot_24": "5", "91A_M_24": "3", "91A_H_24": "1", "91A_Tot_24": "4", "92A_M_24": "3", "92A_H_24": "0", "92A_Tot_24": "3", "93A_M_24": "8", "93A_H_24": "2", "93A_Tot_24": "10", "94A_M_24": "1", "94A_H_24": "2", "94A_Tot_24": "3", "95A_M_24": "3", "95A_H_24": "1", "95A_Tot_24": "4", "96A_M_24": "0", "96A_H_24": "2", "96A_Tot_24": "2", "97A_M_24": "0", "97A_H_24": "0", "97A_Tot_24": "0", "98A_M_24": "0", "98A_H_24": "1", "98A_Tot_24": "1", "99A_M_24": "1", "99A_H_24": "1", "99A_Tot_24": "2", "90a99_M_24": "23", "90a99_H_24": "12", "90a99_T_24": "35", "100A_M_24": "1", "100A_H_24": "0", "100A_T_24": "1", "POB_MUJ_24": "4402", "POB_HOM_24": "4197", "POB_TOT_24": "8599" }, "geometry": null },
{ "type": "Feature", "properties": { "ID": "43", "DEPTO": "Cochabamba", "COD_DEPTO": 30000, "RED_SALUD": "Punata", "COD_REDSAL": 3004, "MUNICIPIO": "San Benito", "COD_MUNI": 31403, "00A_M_24": "72", "00A_H_24": "87", "00A_Tot_24": "159", "01A_M_24": "79", "01A_H_24": "111", "01A_Tot_24": "190", "02A_M_24": "85", "02A_H_24": "85", "02A_Tot_24": "170", "03A_M_24": "85", "03A_H_24": "109", "03A_Tot_24": "194", "04A_M_24": "105", "04A_H_24": "110", "04A_Tot_24": "215", "0a4A_M_24": "426", "0a4A_H_24": "502", "0a4A_T_24": "928", "05A_M_24": "107", "05A_H_24": "122", "05A_Tot_24": "229", "06A_M_24": "108", "06A_H_24": "118", "06A_Tot_24": "226", "07A_M_24": "133", "07A_H_24": "114", "07A_Tot_24": "247", "08A_M_24": "118", "08A_H_24": "151", "08A_Tot_24": "269", "09A_M_24": "113", "09A_H_24": "109", "09A_Tot_24": "222", "5a9A_M_24": "579", "5a9A_H_24": "614", "5a9A_T_24": "1193", "10A_M_24": "115", "10A_H_24": "119", "10A_Tot_24": "234", "11A_M_24": "101", "11A_H_24": "106", "11A_Tot_24": "207", "12A_M_24": "118", "12A_H_24": "116", "12A_Tot_24": "234", "13A_M_24": "128", "13A_H_24": "135", "13A_Tot_24": "263", "14A_M_24": "109", "14A_H_24": "145", "14A_Tot_24": "254", "10a14_M_24": "571", "10a14_H_24": "621", "10a14_T_24": "1192", "15A_M_24": "106", "15A_H_24": "107", "15A_Tot_24": "213", "16A_M_24": "120", "16A_H_24": "91", "16A_Tot_24": "211", "17A_M_24": "92", "17A_H_24": "127", "17A_Tot_24": "219", "18A_M_24": "106", "18A_H_24": "105", "18A_Tot_24": "211", "19A_M_24": "105", "19A_H_24": "111", "19A_Tot_24": "216", "15a19_M_24": "529", "15a19_H_24": "541", "15a19_T_24": "1070", "20A_M_24": "103", "20A_H_24": "109", "20A_Tot_24": "212", "21A_M_24": "100", "21A_H_24": "96", "21A_Tot_24": "196", "22A_M_24": "106", "22A_H_24": "111", "22A_Tot_24": "217", "23A_M_24": "128", "23A_H_24": "92", "23A_Tot_24": "220", "24A_M_24": "109", "24A_H_24": "112", "24A_Tot_24": "221", "25A_M_24": "97", "25A_H_24": "85", "25A_Tot_24": "182", "26A_M_24": "98", "26A_H_24": "123", "26A_Tot_24": "221", "27A_M_24": "96", "27A_H_24": "100", "27A_Tot_24": "196", "28A_M_24": "108", "28A_H_24": "112", "28A_Tot_24": "220", "29A_M_24": "101", "29A_H_24": "82", "29A_Tot_24": "183", "20a29_M_24": "1046", "20a29_H_24": "1022", "20a29_T_24": "2068", "30A_M_24": "112", "30A_H_24": "92", "30A_Tot_24": "204", "31A_M_24": "107", "31A_H_24": "81", "31A_Tot_24": "188", "32A_M_24": "85", "32A_H_24": "102", "32A_Tot_24": "187", "33A_M_24": "101", "33A_H_24": "95", "33A_Tot_24": "196", "34A_M_24": "99", "34A_H_24": "103", "34A_Tot_24": "202", "35A_M_24": "98", "35A_H_24": "101", "35A_Tot_24": "199", "36A_M_24": "100", "36A_H_24": "81", "36A_Tot_24": "181", "37A_M_24": "91", "37A_H_24": "84", "37A_Tot_24": "175", "38A_M_24": "84", "38A_H_24": "88", "38A_Tot_24": "172", "39A_M_24": "85", "39A_H_24": "67", "39A_Tot_24": "152", "30a39_M_24": "962", "30a39_H_24": "894", "30a39_T_24": "1856", "40A_M_24": "77", "40A_H_24": "70", "40A_Tot_24": "147", "41A_M_24": "81", "41A_H_24": "81", "41A_Tot_24": "162", "42A_M_24": "92", "42A_H_24": "68", "42A_Tot_24": "160", "43A_M_24": "75", "43A_H_24": "81", "43A_Tot_24": "156", "44A_M_24": "84", "44A_H_24": "89", "44A_Tot_24": "173", "45A_M_24": "85", "45A_H_24": "68", "45A_Tot_24": "153", "46A_M_24": "72", "46A_H_24": "79", "46A_Tot_24": "151", "47A_M_24": "64", "47A_H_24": "64", "47A_Tot_24": "128", "48A_M_24": "62", "48A_H_24": "68", "48A_Tot_24": "130", "49A_M_24": "62", "49A_H_24": "50", "49A_Tot_24": "112", "40a49_M_24": "754", "40a49_H_24": "718", "40a49_T_24": "1472", "50A_M_24": "79", "50A_H_24": "47", "50A_Tot_24": "126", "51A_M_24": "68", "51A_H_24": "53", "51A_Tot_24": "121", "52A_M_24": "56", "52A_H_24": "51", "52A_Tot_24": "107", "53A_M_24": "62", "53A_H_24": "63", "53A_Tot_24": "125", "54A_M_24": "63", "54A_H_24": "64", "54A_Tot_24": "127", "55A_M_24": "61", "55A_H_24": "40", "55A_Tot_24": "101", "56A_M_24": "67", "56A_H_24": "49", "56A_Tot_24": "116", "57A_M_24": "60", "57A_H_24": "58", "57A_Tot_24": "118", "58A_M_24": "60", "58A_H_24": "63", "58A_Tot_24": "123", "59A_M_24": "61", "59A_H_24": "54", "59A_Tot_24": "115", "50a59_M_24": "637", "50a59_H_24": "542", "50a59_T_24": "1179", "60A_M_24": "74", "60A_H_24": "53", "60A_Tot_24": "127", "61A_M_24": "46", "61A_H_24": "60", "61A_Tot_24": "106", "62A_M_24": "61", "62A_H_24": "49", "62A_Tot_24": "110", "63A_M_24": "63", "63A_H_24": "65", "63A_Tot_24": "128", "64A_M_24": "65", "64A_H_24": "41", "64A_Tot_24": "106", "65A_M_24": "60", "65A_H_24": "52", "65A_Tot_24": "112", "66A_M_24": "61", "66A_H_24": "55", "66A_Tot_24": "116", "67A_M_24": "60", "67A_H_24": "46", "67A_Tot_24": "106", "68A_M_24": "55", "68A_H_24": "40", "68A_Tot_24": "95", "69A_M_24": "58", "69A_H_24": "45", "69A_Tot_24": "103", "60a69_M_24": "603", "60a69_H_24": "506", "60a69_T_24": "1109", "70A_M_24": "42", "70A_H_24": "37", "70A_Tot_24": "79", "71A_M_24": "43", "71A_H_24": "32", "71A_Tot_24": "75", "72A_M_24": "39", "72A_H_24": "28", "72A_Tot_24": "67", "73A_M_24": "36", "73A_H_24": "38", "73A_Tot_24": "74", "74A_M_24": "47", "74A_H_24": "31", "74A_Tot_24": "78", "75A_M_24": "41", "75A_H_24": "29", "75A_Tot_24": "70", "76A_M_24": "36", "76A_H_24": "23", "76A_Tot_24": "59", "77A_M_24": "33", "77A_H_24": "23", "77A_Tot_24": "56", "78A_M_24": "33", "78A_H_24": "30", "78A_Tot_24": "63", "79A_M_24": "34", "79A_H_24": "29", "79A_Tot_24": "63", "70a79_M_24": "384", "70a79_H_24": "300", "70a79_T_24": "684", "80A_M_24": "17", "80A_H_24": "13", "80A_Tot_24": "30", "81A_M_24": "19", "81A_H_24": "18", "81A_Tot_24": "37", "82A_M_24": "21", "82A_H_24": "17", "82A_Tot_24": "38", "83A_M_24": "25", "83A_H_24": "13", "83A_Tot_24": "38", "84A_M_24": "26", "84A_H_24": "11", "84A_Tot_24": "37", "85A_M_24": "12", "85A_H_24": "5", "85A_Tot_24": "17", "86A_M_24": "5", "86A_H_24": "8", "86A_Tot_24": "13", "87A_M_24": "9", "87A_H_24": "5", "87A_Tot_24": "14", "88A_M_24": "10", "88A_H_24": "3", "88A_Tot_24": "13", "89A_M_24": "10", "89A_H_24": "2", "89A_Tot_24": "12", "80a89_M_24": "154", "80a89_H_24": "95", "80a89_T_24": "249", "90A_M_24": "6", "90A_H_24": "6", "90A_Tot_24": "12", "91A_M_24": "9", "91A_H_24": "2", "91A_Tot_24": "11", "92A_M_24": "7", "92A_H_24": "0", "92A_Tot_24": "7", "93A_M_24": "5", "93A_H_24": "3", "93A_Tot_24": "8", "94A_M_24": "3", "94A_H_24": "2", "94A_Tot_24": "5", "95A_M_24": "1", "95A_H_24": "1", "95A_Tot_24": "2", "96A_M_24": "3", "96A_H_24": "0", "96A_Tot_24": "3", "97A_M_24": "0", "97A_H_24": "0", "97A_Tot_24": "0", "98A_M_24": "2", "98A_H_24": "0", "98A_Tot_24": "2", "99A_M_24": "1", "99A_H_24": "1", "99A_Tot_24": "2", "90a99_M_24": "39", "90a99_H_24": "15", "90a99_T_24": "54", "100A_M_24": "2", "100A_H_24": "0", "100A_T_24": "2", "POB_MUJ_24": "6684", "POB_HOM_24": "6370", "POB_TOT_24": "13054" }, "geometry": null },
{ "type": "Feature", "properties": { "ID": "44", "DEPTO": "Cochabamba", "COD_DEPTO": 30000, "RED_SALUD": "Punata", "COD_REDSAL": 3004, "MUNICIPIO": "Tacachi", "COD_MUNI": 31404, "00A_M_24": "7", "00A_H_24": "10", "00A_Tot_24": "17", "01A_M_24": "7", "01A_H_24": "11", "01A_Tot_24": "18", "02A_M_24": "8", "02A_H_24": "8", "02A_Tot_24": "16", "03A_M_24": "8", "03A_H_24": "8", "03A_Tot_24": "16", "04A_M_24": "8", "04A_H_24": "9", "04A_Tot_24": "17", "0a4A_M_24": "38", "0a4A_H_24": "46", "0a4A_T_24": "84", "05A_M_24": "9", "05A_H_24": "11", "05A_Tot_24": "20", "06A_M_24": "10", "06A_H_24": "6", "06A_Tot_24": "16", "07A_M_24": "11", "07A_H_24": "21", "07A_Tot_24": "32", "08A_M_24": "8", "08A_H_24": "12", "08A_Tot_24": "20", "09A_M_24": "8", "09A_H_24": "19", "09A_Tot_24": "27", "5a9A_M_24": "46", "5a9A_H_24": "69", "5a9A_T_24": "115", "10A_M_24": "15", "10A_H_24": "14", "10A_Tot_24": "29", "11A_M_24": "14", "11A_H_24": "7", "11A_Tot_24": "21", "12A_M_24": "10", "12A_H_24": "10", "12A_Tot_24": "20", "13A_M_24": "9", "13A_H_24": "15", "13A_Tot_24": "24", "14A_M_24": "13", "14A_H_24": "7", "14A_Tot_24": "20", "10a14_M_24": "61", "10a14_H_24": "53", "10a14_T_24": "114", "15A_M_24": "15", "15A_H_24": "7", "15A_Tot_24": "22", "16A_M_24": "9", "16A_H_24": "16", "16A_Tot_24": "25", "17A_M_24": "5", "17A_H_24": "11", "17A_Tot_24": "16", "18A_M_24": "11", "18A_H_24": "10", "18A_Tot_24": "21", "19A_M_24": "7", "19A_H_24": "11", "19A_Tot_24": "18", "15a19_M_24": "47", "15a19_H_24": "55", "15a19_T_24": "102", "20A_M_24": "6", "20A_H_24": "11", "20A_Tot_24": "17", "21A_M_24": "14", "21A_H_24": "7", "21A_Tot_24": "21", "22A_M_24": "10", "22A_H_24": "7", "22A_Tot_24": "17", "23A_M_24": "8", "23A_H_24": "6", "23A_Tot_24": "14", "24A_M_24": "14", "24A_H_24": "6", "24A_Tot_24": "20", "25A_M_24": "3", "25A_H_24": "10", "25A_Tot_24": "13", "26A_M_24": "10", "26A_H_24": "11", "26A_Tot_24": "21", "27A_M_24": "12", "27A_H_24": "6", "27A_Tot_24": "18", "28A_M_24": "8", "28A_H_24": "8", "28A_Tot_24": "16", "29A_M_24": "7", "29A_H_24": "9", "29A_Tot_24": "16", "20a29_M_24": "92", "20a29_H_24": "81", "20a29_T_24": "173", "30A_M_24": "9", "30A_H_24": "21", "30A_Tot_24": "30", "31A_M_24": "4", "31A_H_24": "10", "31A_Tot_24": "14", "32A_M_24": "12", "32A_H_24": "8", "32A_Tot_24": "20", "33A_M_24": "8", "33A_H_24": "14", "33A_Tot_24": "22", "34A_M_24": "6", "34A_H_24": "15", "34A_Tot_24": "21", "35A_M_24": "11", "35A_H_24": "11", "35A_Tot_24": "22", "36A_M_24": "14", "36A_H_24": "8", "36A_Tot_24": "22", "37A_M_24": "7", "37A_H_24": "8", "37A_Tot_24": "15", "38A_M_24": "8", "38A_H_24": "5", "38A_Tot_24": "13", "39A_M_24": "6", "39A_H_24": "6", "39A_Tot_24": "12", "30a39_M_24": "85", "30a39_H_24": "106", "30a39_T_24": "191", "40A_M_24": "9", "40A_H_24": "10", "40A_Tot_24": "19", "41A_M_24": "4", "41A_H_24": "7", "41A_Tot_24": "11", "42A_M_24": "7", "42A_H_24": "15", "42A_Tot_24": "22", "43A_M_24": "6", "43A_H_24": "8", "43A_Tot_24": "14", "44A_M_24": "8", "44A_H_24": "6", "44A_Tot_24": "14", "45A_M_24": "10", "45A_H_24": "5", "45A_Tot_24": "15", "46A_M_24": "7", "46A_H_24": "12", "46A_Tot_24": "19", "47A_M_24": "6", "47A_H_24": "4", "47A_Tot_24": "10", "48A_M_24": "10", "48A_H_24": "7", "48A_Tot_24": "17", "49A_M_24": "8", "49A_H_24": "11", "49A_Tot_24": "19", "40a49_M_24": "75", "40a49_H_24": "85", "40a49_T_24": "160", "50A_M_24": "6", "50A_H_24": "3", "50A_Tot_24": "9", "51A_M_24": "8", "51A_H_24": "5", "51A_Tot_24": "13", "52A_M_24": "9", "52A_H_24": "6", "52A_Tot_24": "15", "53A_M_24": "7", "53A_H_24": "3", "53A_Tot_24": "10", "54A_M_24": "7", "54A_H_24": "12", "54A_Tot_24": "19", "55A_M_24": "6", "55A_H_24": "3", "55A_Tot_24": "9", "56A_M_24": "6", "56A_H_24": "5", "56A_Tot_24": "11", "57A_M_24": "5", "57A_H_24": "5", "57A_Tot_24": "10", "58A_M_24": "3", "58A_H_24": "6", "58A_Tot_24": "9", "59A_M_24": "4", "59A_H_24": "9", "59A_Tot_24": "13", "50a59_M_24": "61", "50a59_H_24": "57", "50a59_T_24": "118", "60A_M_24": "2", "60A_H_24": "5", "60A_Tot_24": "7", "61A_M_24": "6", "61A_H_24": "4", "61A_Tot_24": "10", "62A_M_24": "7", "62A_H_24": "5", "62A_Tot_24": "12", "63A_M_24": "9", "63A_H_24": "7", "63A_Tot_24": "16", "64A_M_24": "5", "64A_H_24": "3", "64A_Tot_24": "8", "65A_M_24": "6", "65A_H_24": "13", "65A_Tot_24": "19", "66A_M_24": "7", "66A_H_24": "3", "66A_Tot_24": "10", "67A_M_24": "5", "67A_H_24": "3", "67A_Tot_24": "8", "68A_M_24": "8", "68A_H_24": "7", "68A_Tot_24": "15", "69A_M_24": "6", "69A_H_24": "2", "69A_Tot_24": "8", "60a69_M_24": "61", "60a69_H_24": "52", "60a69_T_24": "113", "70A_M_24": "10", "70A_H_24": "2", "70A_Tot_24": "12", "71A_M_24": "4", "71A_H_24": "2", "71A_Tot_24": "6", "72A_M_24": "5", "72A_H_24": "5", "72A_Tot_24": "10", "73A_M_24": "3", "73A_H_24": "4", "73A_Tot_24": "7", "74A_M_24": "3", "74A_H_24": "4", "74A_Tot_24": "7", "75A_M_24": "6", "75A_H_24": "6", "75A_Tot_24": "12", "76A_M_24": "5", "76A_H_24": "3", "76A_Tot_24": "8", "77A_M_24": "5", "77A_H_24": "5", "77A_Tot_24": "10", "78A_M_24": "2", "78A_H_24": "1", "78A_Tot_24": "3", "79A_M_24": "6", "79A_H_24": "2", "79A_Tot_24": "8", "70a79_M_24": "49", "70a79_H_24": "34", "70a79_T_24": "83", "80A_M_24": "6", "80A_H_24": "0", "80A_Tot_24": "6", "81A_M_24": "2", "81A_H_24": "1", "81A_Tot_24": "3", "82A_M_24": "0", "82A_H_24": "2", "82A_Tot_24": "2", "83A_M_24": "5", "83A_H_24": "1", "83A_Tot_24": "6", "84A_M_24": "3", "84A_H_24": "1", "84A_Tot_24": "4", "85A_M_24": "2", "85A_H_24": "0", "85A_Tot_24": "2", "86A_M_24": "1", "86A_H_24": "0", "86A_Tot_24": "1", "87A_M_24": "2", "87A_H_24": "0", "87A_Tot_24": "2", "88A_M_24": "1", "88A_H_24": "0", "88A_Tot_24": "1", "89A_M_24": "1", "89A_H_24": "0", "89A_Tot_24": "1", "80a89_M_24": "23", "80a89_H_24": "5", "80a89_T_24": "28", "90A_M_24": "0", "90A_H_24": "1", "90A_Tot_24": "1", "91A_M_24": "1", "91A_H_24": "0", "91A_Tot_24": "1", "92A_M_24": "2", "92A_H_24": "0", "92A_Tot_24": "2", "93A_M_24": "0", "93A_H_24": "0", "93A_Tot_24": "0", "94A_M_24": "0", "94A_H_24": "0", "94A_Tot_24": "0", "95A_M_24": "1", "95A_H_24": "1", "95A_Tot_24": "2", "96A_M_24": "0", "96A_H_24": "0", "96A_Tot_24": "0", "97A_M_24": "0", "97A_H_24": "0", "97A_Tot_24": "0", "98A_M_24": "0", "98A_H_24": "0", "98A_Tot_24": "0", "99A_M_24": "0", "99A_H_24": "0", "99A_Tot_24": "0", "90a99_M_24": "4", "90a99_H_24": "2", "90a99_T_24": "6", "100A_M_24": "0", "100A_H_24": "0", "100A_T_24": "0", "POB_MUJ_24": "642", "POB_HOM_24": "645", "POB_TOT_24": "1287" }, "geometry": null },
{ "type": "Feature", "properties": { "ID": "45", "DEPTO": "Cochabamba", "COD_DEPTO": 30000, "RED_SALUD": "Punata", "COD_REDSAL": 3004, "MUNICIPIO": "Villa Gualberto Villarroel", "COD_MUNI": 31405, "00A_M_24": "16", "00A_H_24": "22", "00A_Tot_24": "38", "01A_M_24": "28", "01A_H_24": "32", "01A_Tot_24": "60", "02A_M_24": "30", "02A_H_24": "21", "02A_Tot_24": "51", "03A_M_24": "18", "03A_H_24": "16", "03A_Tot_24": "34", "04A_M_24": "23", "04A_H_24": "34", "04A_Tot_24": "57", "0a4A_M_24": "115", "0a4A_H_24": "125", "0a4A_T_24": "240", "05A_M_24": "32", "05A_H_24": "34", "05A_Tot_24": "66", "06A_M_24": "17", "06A_H_24": "23", "06A_Tot_24": "40", "07A_M_24": "26", "07A_H_24": "26", "07A_Tot_24": "52", "08A_M_24": "27", "08A_H_24": "44", "08A_Tot_24": "71", "09A_M_24": "38", "09A_H_24": "32", "09A_Tot_24": "70", "5a9A_M_24": "140", "5a9A_H_24": "159", "5a9A_T_24": "299", "10A_M_24": "39", "10A_H_24": "57", "10A_Tot_24": "96", "11A_M_24": "34", "11A_H_24": "36", "11A_Tot_24": "70", "12A_M_24": "30", "12A_H_24": "33", "12A_Tot_24": "63", "13A_M_24": "37", "13A_H_24": "39", "13A_Tot_24": "76", "14A_M_24": "44", "14A_H_24": "32", "14A_Tot_24": "76", "10a14_M_24": "184", "10a14_H_24": "197", "10a14_T_24": "381", "15A_M_24": "39", "15A_H_24": "39", "15A_Tot_24": "78", "16A_M_24": "40", "16A_H_24": "33", "16A_Tot_24": "73", "17A_M_24": "25", "17A_H_24": "26", "17A_Tot_24": "51", "18A_M_24": "30", "18A_H_24": "29", "18A_Tot_24": "59", "19A_M_24": "24", "19A_H_24": "41", "19A_Tot_24": "65", "15a19_M_24": "158", "15a19_H_24": "168", "15a19_T_24": "326", "20A_M_24": "42", "20A_H_24": "29", "20A_Tot_24": "71", "21A_M_24": "18", "21A_H_24": "29", "21A_Tot_24": "47", "22A_M_24": "25", "22A_H_24": "29", "22A_Tot_24": "54", "23A_M_24": "31", "23A_H_24": "26", "23A_Tot_24": "57", "24A_M_24": "33", "24A_H_24": "43", "24A_Tot_24": "76", "25A_M_24": "49", "25A_H_24": "32", "25A_Tot_24": "81", "26A_M_24": "29", "26A_H_24": "21", "26A_Tot_24": "50", "27A_M_24": "21", "27A_H_24": "29", "27A_Tot_24": "50", "28A_M_24": "41", "28A_H_24": "25", "28A_Tot_24": "66", "29A_M_24": "38", "29A_H_24": "38", "29A_Tot_24": "76", "20a29_M_24": "327", "20a29_H_24": "301", "20a29_T_24": "628", "30A_M_24": "34", "30A_H_24": "47", "30A_Tot_24": "81", "31A_M_24": "31", "31A_H_24": "30", "31A_Tot_24": "61", "32A_M_24": "28", "32A_H_24": "26", "32A_Tot_24": "54", "33A_M_24": "26", "33A_H_24": "25", "33A_Tot_24": "51", "34A_M_24": "46", "34A_H_24": "46", "34A_Tot_24": "92", "35A_M_24": "32", "35A_H_24": "20", "35A_Tot_24": "52", "36A_M_24": "33", "36A_H_24": "35", "36A_Tot_24": "68", "37A_M_24": "30", "37A_H_24": "29", "37A_Tot_24": "59", "38A_M_24": "35", "38A_H_24": "26", "38A_Tot_24": "61", "39A_M_24": "32", "39A_H_24": "29", "39A_Tot_24": "61", "30a39_M_24": "327", "30a39_H_24": "313", "30a39_T_24": "640", "40A_M_24": "42", "40A_H_24": "30", "40A_Tot_24": "72", "41A_M_24": "29", "41A_H_24": "23", "41A_Tot_24": "52", "42A_M_24": "15", "42A_H_24": "24", "42A_Tot_24": "39", "43A_M_24": "24", "43A_H_24": "33", "43A_Tot_24": "57", "44A_M_24": "31", "44A_H_24": "36", "44A_Tot_24": "67", "45A_M_24": "28", "45A_H_24": "31", "45A_Tot_24": "59", "46A_M_24": "21", "46A_H_24": "24", "46A_Tot_24": "45", "47A_M_24": "18", "47A_H_24": "21", "47A_Tot_24": "39", "48A_M_24": "22", "48A_H_24": "16", "48A_Tot_24": "38", "49A_M_24": "19", "49A_H_24": "15", "49A_Tot_24": "34", "40a49_M_24": "249", "40a49_H_24": "253", "40a49_T_24": "502", "50A_M_24": "21", "50A_H_24": "22", "50A_Tot_24": "43", "51A_M_24": "15", "51A_H_24": "12", "51A_Tot_24": "27", "52A_M_24": "15", "52A_H_24": "13", "52A_Tot_24": "28", "53A_M_24": "18", "53A_H_24": "19", "53A_Tot_24": "37", "54A_M_24": "16", "54A_H_24": "25", "54A_Tot_24": "41", "55A_M_24": "11", "55A_H_24": "14", "55A_Tot_24": "25", "56A_M_24": "17", "56A_H_24": "18", "56A_Tot_24": "35", "57A_M_24": "17", "57A_H_24": "23", "57A_Tot_24": "40", "58A_M_24": "13", "58A_H_24": "17", "58A_Tot_24": "30", "59A_M_24": "19", "59A_H_24": "19", "59A_Tot_24": "38", "50a59_M_24": "162", "50a59_H_24": "182", "50a59_T_24": "344", "60A_M_24": "9", "60A_H_24": "12", "60A_Tot_24": "21", "61A_M_24": "13", "61A_H_24": "12", "61A_Tot_24": "25", "62A_M_24": "18", "62A_H_24": "5", "62A_Tot_24": "23", "63A_M_24": "17", "63A_H_24": "15", "63A_Tot_24": "32", "64A_M_24": "17", "64A_H_24": "5", "64A_Tot_24": "22", "65A_M_24": "11", "65A_H_24": "15", "65A_Tot_24": "26", "66A_M_24": "9", "66A_H_24": "10", "66A_Tot_24": "19", "67A_M_24": "10", "67A_H_24": "10", "67A_Tot_24": "20", "68A_M_24": "10", "68A_H_24": "6", "68A_Tot_24": "16", "69A_M_24": "5", "69A_H_24": "13", "69A_Tot_24": "18", "60a69_M_24": "119", "60a69_H_24": "103", "60a69_T_24": "222", "70A_M_24": "12", "70A_H_24": "8", "70A_Tot_24": "20", "71A_M_24": "12", "71A_H_24": "7", "71A_Tot_24": "19", "72A_M_24": "8", "72A_H_24": "10", "72A_Tot_24": "18", "73A_M_24": "8", "73A_H_24": "8", "73A_Tot_24": "16", "74A_M_24": "7", "74A_H_24": "3", "74A_Tot_24": "10", "75A_M_24": "8", "75A_H_24": "7", "75A_Tot_24": "15", "76A_M_24": "7", "76A_H_24": "5", "76A_Tot_24": "12", "77A_M_24": "6", "77A_H_24": "3", "77A_Tot_24": "9", "78A_M_24": "13", "78A_H_24": "5", "78A_Tot_24": "18", "79A_M_24": "10", "79A_H_24": "13", "79A_Tot_24": "23", "70a79_M_24": "91", "70a79_H_24": "69", "70a79_T_24": "160", "80A_M_24": "4", "80A_H_24": "8", "80A_Tot_24": "12", "81A_M_24": "5", "81A_H_24": "1", "81A_Tot_24": "6", "82A_M_24": "4", "82A_H_24": "4", "82A_Tot_24": "8", "83A_M_24": "7", "83A_H_24": "5", "83A_Tot_24": "12", "84A_M_24": "6", "84A_H_24": "3", "84A_Tot_24": "9", "85A_M_24": "9", "85A_H_24": "3", "85A_Tot_24": "12", "86A_M_24": "4", "86A_H_24": "1", "86A_Tot_24": "5", "87A_M_24": "2", "87A_H_24": "1", "87A_Tot_24": "3", "88A_M_24": "0", "88A_H_24": "1", "88A_Tot_24": "1", "89A_M_24": "0", "89A_H_24": "1", "89A_Tot_24": "1", "80a89_M_24": "41", "80a89_H_24": "28", "80a89_T_24": "69", "90A_M_24": "1", "90A_H_24": "1", "90A_Tot_24": "2", "91A_M_24": "0", "91A_H_24": "0", "91A_Tot_24": "0", "92A_M_24": "2", "92A_H_24": "1", "92A_Tot_24": "3", "93A_M_24": "0", "93A_H_24": "0", "93A_Tot_24": "0", "94A_M_24": "2", "94A_H_24": "0", "94A_Tot_24": "2", "95A_M_24": "1", "95A_H_24": "0", "95A_Tot_24": "1", "96A_M_24": "1", "96A_H_24": "0", "96A_Tot_24": "1", "97A_M_24": "1", "97A_H_24": "0", "97A_Tot_24": "1", "98A_M_24": "0", "98A_H_24": "0", "98A_Tot_24": "0", "99A_M_24": "0", "99A_H_24": "0", "99A_Tot_24": "0", "90a99_M_24": "8", "90a99_H_24": "3", "90a99_T_24": "11", "100A_M_24": "0", "100A_H_24": "1", "100A_T_24": "1", "POB_MUJ_24": "1921", "POB_HOM_24": "1901", "POB_TOT_24": "3822" }, "geometry": null },
{ "type": "Feature", "properties": { "ID": "46", "DEPTO": "Cochabamba", "COD_DEPTO": 30000, "RED_SALUD": "Capinota", "COD_REDSAL": 3009, "MUNICIPIO": "Bolivar", "COD_MUNI": 31501, "00A_M_24": "74", "00A_H_24": "70", "00A_Tot_24": "144", "01A_M_24": "73", "01A_H_24": "73", "01A_Tot_24": "146", "02A_M_24": "70", "02A_H_24": "86", "02A_Tot_24": "156", "03A_M_24": "59", "03A_H_24": "72", "03A_Tot_24": "131", "04A_M_24": "81", "04A_H_24": "72", "04A_Tot_24": "153", "0a4A_M_24": "357", "0a4A_H_24": "373", "0a4A_T_24": "730", "05A_M_24": "74", "05A_H_24": "91", "05A_Tot_24": "165", "06A_M_24": "82", "06A_H_24": "94", "06A_Tot_24": "176", "07A_M_24": "96", "07A_H_24": "108", "07A_Tot_24": "204", "08A_M_24": "89", "08A_H_24": "103", "08A_Tot_24": "192", "09A_M_24": "67", "09A_H_24": "104", "09A_Tot_24": "171", "5a9A_M_24": "408", "5a9A_H_24": "500", "5a9A_T_24": "908", "10A_M_24": "89", "10A_H_24": "96", "10A_Tot_24": "185", "11A_M_24": "74", "11A_H_24": "119", "11A_Tot_24": "193", "12A_M_24": "65", "12A_H_24": "73", "12A_Tot_24": "138", "13A_M_24": "76", "13A_H_24": "95", "13A_Tot_24": "171", "14A_M_24": "57", "14A_H_24": "90", "14A_Tot_24": "147", "10a14_M_24": "361", "10a14_H_24": "473", "10a14_T_24": "834", "15A_M_24": "63", "15A_H_24": "85", "15A_Tot_24": "148", "16A_M_24": "62", "16A_H_24": "91", "16A_Tot_24": "153", "17A_M_24": "57", "17A_H_24": "81", "17A_Tot_24": "138", "18A_M_24": "49", "18A_H_24": "49", "18A_Tot_24": "98", "19A_M_24": "56", "19A_H_24": "54", "19A_Tot_24": "110", "15a19_M_24": "287", "15a19_H_24": "360", "15a19_T_24": "647", "20A_M_24": "68", "20A_H_24": "58", "20A_Tot_24": "126", "21A_M_24": "53", "21A_H_24": "76", "21A_Tot_24": "129", "22A_M_24": "45", "22A_H_24": "82", "22A_Tot_24": "127", "23A_M_24": "71", "23A_H_24": "85", "23A_Tot_24": "156", "24A_M_24": "63", "24A_H_24": "94", "24A_Tot_24": "157", "25A_M_24": "59", "25A_H_24": "64", "25A_Tot_24": "123", "26A_M_24": "57", "26A_H_24": "53", "26A_Tot_24": "110", "27A_M_24": "55", "27A_H_24": "78", "27A_Tot_24": "133", "28A_M_24": "43", "28A_H_24": "73", "28A_Tot_24": "116", "29A_M_24": "47", "29A_H_24": "74", "29A_Tot_24": "121", "20a29_M_24": "561", "20a29_H_24": "737", "20a29_T_24": "1298", "30A_M_24": "36", "30A_H_24": "92", "30A_Tot_24": "128", "31A_M_24": "39", "31A_H_24": "55", "31A_Tot_24": "94", "32A_M_24": "42", "32A_H_24": "70", "32A_Tot_24": "112", "33A_M_24": "30", "33A_H_24": "61", "33A_Tot_24": "91", "34A_M_24": "43", "34A_H_24": "60", "34A_Tot_24": "103", "35A_M_24": "32", "35A_H_24": "60", "35A_Tot_24": "92", "36A_M_24": "38", "36A_H_24": "48", "36A_Tot_24": "86", "37A_M_24": "29", "37A_H_24": "55", "37A_Tot_24": "84", "38A_M_24": "33", "38A_H_24": "47", "38A_Tot_24": "80", "39A_M_24": "41", "39A_H_24": "66", "39A_Tot_24": "107", "30a39_M_24": "363", "30a39_H_24": "614", "30a39_T_24": "977", "40A_M_24": "46", "40A_H_24": "63", "40A_Tot_24": "109", "41A_M_24": "32", "41A_H_24": "57", "41A_Tot_24": "89", "42A_M_24": "22", "42A_H_24": "40", "42A_Tot_24": "62", "43A_M_24": "38", "43A_H_24": "49", "43A_Tot_24": "87", "44A_M_24": "38", "44A_H_24": "65", "44A_Tot_24": "103", "45A_M_24": "31", "45A_H_24": "43", "45A_Tot_24": "74", "46A_M_24": "39", "46A_H_24": "34", "46A_Tot_24": "73", "47A_M_24": "50", "47A_H_24": "44", "47A_Tot_24": "94", "48A_M_24": "35", "48A_H_24": "47", "48A_Tot_24": "82", "49A_M_24": "46", "49A_H_24": "33", "49A_Tot_24": "79", "40a49_M_24": "377", "40a49_H_24": "475", "40a49_T_24": "852", "50A_M_24": "60", "50A_H_24": "51", "50A_Tot_24": "111", "51A_M_24": "28", "51A_H_24": "36", "51A_Tot_24": "64", "52A_M_24": "48", "52A_H_24": "38", "52A_Tot_24": "86", "53A_M_24": "40", "53A_H_24": "49", "53A_Tot_24": "89", "54A_M_24": "41", "54A_H_24": "63", "54A_Tot_24": "104", "55A_M_24": "39", "55A_H_24": "43", "55A_Tot_24": "82", "56A_M_24": "30", "56A_H_24": "36", "56A_Tot_24": "66", "57A_M_24": "37", "57A_H_24": "50", "57A_Tot_24": "87", "58A_M_24": "50", "58A_H_24": "36", "58A_Tot_24": "86", "59A_M_24": "36", "59A_H_24": "51", "59A_Tot_24": "87", "50a59_M_24": "409", "50a59_H_24": "453", "50a59_T_24": "862", "60A_M_24": "40", "60A_H_24": "48", "60A_Tot_24": "88", "61A_M_24": "31", "61A_H_24": "46", "61A_Tot_24": "77", "62A_M_24": "28", "62A_H_24": "29", "62A_Tot_24": "57", "63A_M_24": "35", "63A_H_24": "55", "63A_Tot_24": "90", "64A_M_24": "33", "64A_H_24": "37", "64A_Tot_24": "70", "65A_M_24": "32", "65A_H_24": "30", "65A_Tot_24": "62", "66A_M_24": "29", "66A_H_24": "28", "66A_Tot_24": "57", "67A_M_24": "32", "67A_H_24": "25", "67A_Tot_24": "57", "68A_M_24": "24", "68A_H_24": "9", "68A_Tot_24": "33", "69A_M_24": "25", "69A_H_24": "29", "69A_Tot_24": "54", "60a69_M_24": "309", "60a69_H_24": "336", "60a69_T_24": "645", "70A_M_24": "30", "70A_H_24": "32", "70A_Tot_24": "62", "71A_M_24": "17", "71A_H_24": "33", "71A_Tot_24": "50", "72A_M_24": "25", "72A_H_24": "13", "72A_Tot_24": "38", "73A_M_24": "13", "73A_H_24": "24", "73A_Tot_24": "37", "74A_M_24": "19", "74A_H_24": "23", "74A_Tot_24": "42", "75A_M_24": "22", "75A_H_24": "14", "75A_Tot_24": "36", "76A_M_24": "18", "76A_H_24": "19", "76A_Tot_24": "37", "77A_M_24": "5", "77A_H_24": "13", "77A_Tot_24": "18", "78A_M_24": "15", "78A_H_24": "18", "78A_Tot_24": "33", "79A_M_24": "15", "79A_H_24": "11", "79A_Tot_24": "26", "70a79_M_24": "179", "70a79_H_24": "200", "70a79_T_24": "379", "80A_M_24": "16", "80A_H_24": "15", "80A_Tot_24": "31", "81A_M_24": "9", "81A_H_24": "11", "81A_Tot_24": "20", "82A_M_24": "15", "82A_H_24": "10", "82A_Tot_24": "25", "83A_M_24": "13", "83A_H_24": "3", "83A_Tot_24": "16", "84A_M_24": "4", "84A_H_24": "2", "84A_Tot_24": "6", "85A_M_24": "5", "85A_H_24": "6", "85A_Tot_24": "11", "86A_M_24": "5", "86A_H_24": "2", "86A_Tot_24": "7", "87A_M_24": "2", "87A_H_24": "2", "87A_Tot_24": "4", "88A_M_24": "5", "88A_H_24": "4", "88A_Tot_24": "9", "89A_M_24": "2", "89A_H_24": "2", "89A_Tot_24": "4", "80a89_M_24": "76", "80a89_H_24": "57", "80a89_T_24": "133", "90A_M_24": "2", "90A_H_24": "2", "90A_Tot_24": "4", "91A_M_24": "0", "91A_H_24": "0", "91A_Tot_24": "0", "92A_M_24": "2", "92A_H_24": "3", "92A_Tot_24": "5", "93A_M_24": "3", "93A_H_24": "0", "93A_Tot_24": "3", "94A_M_24": "1", "94A_H_24": "1", "94A_Tot_24": "2", "95A_M_24": "0", "95A_H_24": "0", "95A_Tot_24": "0", "96A_M_24": "0", "96A_H_24": "1", "96A_Tot_24": "1", "97A_M_24": "1", "97A_H_24": "0", "97A_Tot_24": "1", "98A_M_24": "0", "98A_H_24": "0", "98A_Tot_24": "0", "99A_M_24": "0", "99A_H_24": "0", "99A_Tot_24": "0", "90a99_M_24": "10", "90a99_H_24": "7", "90a99_T_24": "17", "100A_M_24": "1", "100A_H_24": "0", "100A_T_24": "1", "POB_MUJ_24": "3697", "POB_HOM_24": "4585", "POB_TOT_24": "8282" }, "geometry": null },
{ "type": "Feature", "properties": { "ID": "47", "DEPTO": "Cochabamba", "COD_DEPTO": 30000, "RED_SALUD": "Punata", "COD_REDSAL": 3004, "MUNICIPIO": "Tiraque", "COD_MUNI": 31601, "00A_M_24": "95", "00A_H_24": "110", "00A_Tot_24": "205", "01A_M_24": "132", "01A_H_24": "131", "01A_Tot_24": "263", "02A_M_24": "138", "02A_H_24": "158", "02A_Tot_24": "296", "03A_M_24": "163", "03A_H_24": "149", "03A_Tot_24": "312", "04A_M_24": "154", "04A_H_24": "164", "04A_Tot_24": "318", "0a4A_M_24": "682", "0a4A_H_24": "712", "0a4A_T_24": "1394", "05A_M_24": "125", "05A_H_24": "171", "05A_Tot_24": "296", "06A_M_24": "174", "06A_H_24": "170", "06A_Tot_24": "344", "07A_M_24": "188", "07A_H_24": "165", "07A_Tot_24": "353", "08A_M_24": "205", "08A_H_24": "206", "08A_Tot_24": "411", "09A_M_24": "163", "09A_H_24": "195", "09A_Tot_24": "358", "5a9A_M_24": "855", "5a9A_H_24": "907", "5a9A_T_24": "1762", "10A_M_24": "167", "10A_H_24": "189", "10A_Tot_24": "356", "11A_M_24": "169", "11A_H_24": "190", "11A_Tot_24": "359", "12A_M_24": "220", "12A_H_24": "222", "12A_Tot_24": "442", "13A_M_24": "209", "13A_H_24": "216", "13A_Tot_24": "425", "14A_M_24": "167", "14A_H_24": "176", "14A_Tot_24": "343", "10a14_M_24": "932", "10a14_H_24": "993", "10a14_T_24": "1925", "15A_M_24": "190", "15A_H_24": "169", "15A_Tot_24": "359", "16A_M_24": "211", "16A_H_24": "193", "16A_Tot_24": "404", "17A_M_24": "187", "17A_H_24": "167", "17A_Tot_24": "354", "18A_M_24": "146", "18A_H_24": "146", "18A_Tot_24": "292", "19A_M_24": "127", "19A_H_24": "149", "19A_Tot_24": "276", "15a19_M_24": "861", "15a19_H_24": "824", "15a19_T_24": "1685", "20A_M_24": "129", "20A_H_24": "131", "20A_Tot_24": "260", "21A_M_24": "156", "21A_H_24": "154", "21A_Tot_24": "310", "22A_M_24": "139", "22A_H_24": "148", "22A_Tot_24": "287", "23A_M_24": "151", "23A_H_24": "165", "23A_Tot_24": "316", "24A_M_24": "170", "24A_H_24": "155", "24A_Tot_24": "325", "25A_M_24": "142", "25A_H_24": "141", "25A_Tot_24": "283", "26A_M_24": "113", "26A_H_24": "134", "26A_Tot_24": "247", "27A_M_24": "119", "27A_H_24": "132", "27A_Tot_24": "251", "28A_M_24": "117", "28A_H_24": "135", "28A_Tot_24": "252", "29A_M_24": "137", "29A_H_24": "114", "29A_Tot_24": "251", "20a29_M_24": "1373", "20a29_H_24": "1409", "20a29_T_24": "2782", "30A_M_24": "119", "30A_H_24": "125", "30A_Tot_24": "244", "31A_M_24": "116", "31A_H_24": "95", "31A_Tot_24": "211", "32A_M_24": "97", "32A_H_24": "104", "32A_Tot_24": "201", "33A_M_24": "103", "33A_H_24": "115", "33A_Tot_24": "218", "34A_M_24": "106", "34A_H_24": "130", "34A_Tot_24": "236", "35A_M_24": "102", "35A_H_24": "105", "35A_Tot_24": "207", "36A_M_24": "108", "36A_H_24": "101", "36A_Tot_24": "209", "37A_M_24": "104", "37A_H_24": "101", "37A_Tot_24": "205", "38A_M_24": "110", "38A_H_24": "85", "38A_Tot_24": "195", "39A_M_24": "108", "39A_H_24": "110", "39A_Tot_24": "218", "30a39_M_24": "1073", "30a39_H_24": "1071", "30a39_T_24": "2144", "40A_M_24": "85", "40A_H_24": "123", "40A_Tot_24": "208", "41A_M_24": "100", "41A_H_24": "113", "41A_Tot_24": "213", "42A_M_24": "108", "42A_H_24": "107", "42A_Tot_24": "215", "43A_M_24": "109", "43A_H_24": "117", "43A_Tot_24": "226", "44A_M_24": "122", "44A_H_24": "105", "44A_Tot_24": "227", "45A_M_24": "126", "45A_H_24": "114", "45A_Tot_24": "240", "46A_M_24": "84", "46A_H_24": "112", "46A_Tot_24": "196", "47A_M_24": "96", "47A_H_24": "111", "47A_Tot_24": "207", "48A_M_24": "102", "48A_H_24": "102", "48A_Tot_24": "204", "49A_M_24": "95", "49A_H_24": "106", "49A_Tot_24": "201", "40a49_M_24": "1027", "40a49_H_24": "1110", "40a49_T_24": "2137", "50A_M_24": "102", "50A_H_24": "77", "50A_Tot_24": "179", "51A_M_24": "94", "51A_H_24": "79", "51A_Tot_24": "173", "52A_M_24": "83", "52A_H_24": "109", "52A_Tot_24": "192", "53A_M_24": "101", "53A_H_24": "93", "53A_Tot_24": "194", "54A_M_24": "111", "54A_H_24": "107", "54A_Tot_24": "218", "55A_M_24": "70", "55A_H_24": "84", "55A_Tot_24": "154", "56A_M_24": "98", "56A_H_24": "70", "56A_Tot_24": "168", "57A_M_24": "109", "57A_H_24": "87", "57A_Tot_24": "196", "58A_M_24": "80", "58A_H_24": "96", "58A_Tot_24": "176", "59A_M_24": "106", "59A_H_24": "81", "59A_Tot_24": "187", "50a59_M_24": "954", "50a59_H_24": "883", "50a59_T_24": "1837", "60A_M_24": "66", "60A_H_24": "78", "60A_Tot_24": "144", "61A_M_24": "64", "61A_H_24": "80", "61A_Tot_24": "144", "62A_M_24": "92", "62A_H_24": "66", "62A_Tot_24": "158", "63A_M_24": "80", "63A_H_24": "79", "63A_Tot_24": "159", "64A_M_24": "73", "64A_H_24": "89", "64A_Tot_24": "162", "65A_M_24": "83", "65A_H_24": "63", "65A_Tot_24": "146", "66A_M_24": "64", "66A_H_24": "62", "66A_Tot_24": "126", "67A_M_24": "56", "67A_H_24": "53", "67A_Tot_24": "109", "68A_M_24": "64", "68A_H_24": "62", "68A_Tot_24": "126", "69A_M_24": "69", "69A_H_24": "53", "69A_Tot_24": "122", "60a69_M_24": "711", "60a69_H_24": "685", "60a69_T_24": "1396", "70A_M_24": "65", "70A_H_24": "57", "70A_Tot_24": "122", "71A_M_24": "72", "71A_H_24": "49", "71A_Tot_24": "121", "72A_M_24": "51", "72A_H_24": "52", "72A_Tot_24": "103", "73A_M_24": "62", "73A_H_24": "53", "73A_Tot_24": "115", "74A_M_24": "66", "74A_H_24": "52", "74A_Tot_24": "118", "75A_M_24": "50", "75A_H_24": "41", "75A_Tot_24": "91", "76A_M_24": "43", "76A_H_24": "38", "76A_Tot_24": "81", "77A_M_24": "44", "77A_H_24": "23", "77A_Tot_24": "67", "78A_M_24": "41", "78A_H_24": "37", "78A_Tot_24": "78", "79A_M_24": "55", "79A_H_24": "38", "79A_Tot_24": "93", "70a79_M_24": "549", "70a79_H_24": "440", "70a79_T_24": "989", "80A_M_24": "34", "80A_H_24": "27", "80A_Tot_24": "61", "81A_M_24": "34", "81A_H_24": "28", "81A_Tot_24": "62", "82A_M_24": "26", "82A_H_24": "19", "82A_Tot_24": "45", "83A_M_24": "22", "83A_H_24": "18", "83A_Tot_24": "40", "84A_M_24": "22", "84A_H_24": "9", "84A_Tot_24": "31", "85A_M_24": "23", "85A_H_24": "8", "85A_Tot_24": "31", "86A_M_24": "17", "86A_H_24": "12", "86A_Tot_24": "29", "87A_M_24": "8", "87A_H_24": "7", "87A_Tot_24": "15", "88A_M_24": "19", "88A_H_24": "6", "88A_Tot_24": "25", "89A_M_24": "10", "89A_H_24": "7", "89A_Tot_24": "17", "80a89_M_24": "215", "80a89_H_24": "141", "80a89_T_24": "356", "90A_M_24": "9", "90A_H_24": "6", "90A_Tot_24": "15", "91A_M_24": "9", "91A_H_24": "5", "91A_Tot_24": "14", "92A_M_24": "6", "92A_H_24": "6", "92A_Tot_24": "12", "93A_M_24": "2", "93A_H_24": "2", "93A_Tot_24": "4", "94A_M_24": "4", "94A_H_24": "3", "94A_Tot_24": "7", "95A_M_24": "2", "95A_H_24": "0", "95A_Tot_24": "2", "96A_M_24": "3", "96A_H_24": "0", "96A_Tot_24": "3", "97A_M_24": "3", "97A_H_24": "1", "97A_Tot_24": "4", "98A_M_24": "2", "98A_H_24": "1", "98A_Tot_24": "3", "99A_M_24": "1", "99A_H_24": "0", "99A_Tot_24": "1", "90a99_M_24": "43", "90a99_H_24": "25", "90a99_T_24": "68", "100A_M_24": "2", "100A_H_24": "1", "100A_T_24": "3", "POB_MUJ_24": "9275", "POB_HOM_24": "9200", "POB_TOT_24": "18475" }, "geometry": null },
{ "type": "Feature", "properties": { "ID": "48", "DEPTO": "Cochabamba", "COD_DEPTO": 30000, "RED_SALUD": "Villa Tunari", "COD_REDSAL": 3005, "MUNICIPIO": "Shinahota", "COD_MUNI": 31602, "00A_M_24": "201", "00A_H_24": "190", "00A_Tot_24": "391", "01A_M_24": "214", "01A_H_24": "225", "01A_Tot_24": "439", "02A_M_24": "237", "02A_H_24": "230", "02A_Tot_24": "467", "03A_M_24": "246", "03A_H_24": "248", "03A_Tot_24": "494", "04A_M_24": "266", "04A_H_24": "280", "04A_Tot_24": "546", "0a4A_M_24": "1164", "0a4A_H_24": "1173", "0a4A_T_24": "2337", "05A_M_24": "251", "05A_H_24": "276", "05A_Tot_24": "527", "06A_M_24": "284", "06A_H_24": "289", "06A_Tot_24": "573", "07A_M_24": "280", "07A_H_24": "283", "07A_Tot_24": "563", "08A_M_24": "316", "08A_H_24": "306", "08A_Tot_24": "622", "09A_M_24": "275", "09A_H_24": "296", "09A_Tot_24": "571", "5a9A_M_24": "1406", "5a9A_H_24": "1450", "5a9A_T_24": "2856", "10A_M_24": "285", "10A_H_24": "332", "10A_Tot_24": "617", "11A_M_24": "244", "11A_H_24": "276", "11A_Tot_24": "520", "12A_M_24": "296", "12A_H_24": "329", "12A_Tot_24": "625", "13A_M_24": "278", "13A_H_24": "326", "13A_Tot_24": "604", "14A_M_24": "268", "14A_H_24": "318", "14A_Tot_24": "586", "10a14_M_24": "1371", "10a14_H_24": "1581", "10a14_T_24": "2952", "15A_M_24": "286", "15A_H_24": "298", "15A_Tot_24": "584", "16A_M_24": "259", "16A_H_24": "301", "16A_Tot_24": "560", "17A_M_24": "258", "17A_H_24": "298", "17A_Tot_24": "556", "18A_M_24": "253", "18A_H_24": "359", "18A_Tot_24": "612", "19A_M_24": "268", "19A_H_24": "345", "19A_Tot_24": "613", "15a19_M_24": "1324", "15a19_H_24": "1601", "15a19_T_24": "2925", "20A_M_24": "245", "20A_H_24": "351", "20A_Tot_24": "596", "21A_M_24": "252", "21A_H_24": "270", "21A_Tot_24": "522", "22A_M_24": "288", "22A_H_24": "265", "22A_Tot_24": "553", "23A_M_24": "248", "23A_H_24": "299", "23A_Tot_24": "547", "24A_M_24": "263", "24A_H_24": "282", "24A_Tot_24": "545", "25A_M_24": "256", "25A_H_24": "287", "25A_Tot_24": "543", "26A_M_24": "270", "26A_H_24": "257", "26A_Tot_24": "527", "27A_M_24": "257", "27A_H_24": "245", "27A_Tot_24": "502", "28A_M_24": "255", "28A_H_24": "253", "28A_Tot_24": "508", "29A_M_24": "284", "29A_H_24": "293", "29A_Tot_24": "577", "20a29_M_24": "2618", "20a29_H_24": "2802", "20a29_T_24": "5420", "30A_M_24": "255", "30A_H_24": "259", "30A_Tot_24": "514", "31A_M_24": "237", "31A_H_24": "223", "31A_Tot_24": "460", "32A_M_24": "231", "32A_H_24": "214", "32A_Tot_24": "445", "33A_M_24": "220", "33A_H_24": "210", "33A_Tot_24": "430", "34A_M_24": "214", "34A_H_24": "223", "34A_Tot_24": "437", "35A_M_24": "199", "35A_H_24": "232", "35A_Tot_24": "431", "36A_M_24": "191", "36A_H_24": "207", "36A_Tot_24": "398", "37A_M_24": "161", "37A_H_24": "195", "37A_Tot_24": "356", "38A_M_24": "149", "38A_H_24": "186", "38A_Tot_24": "335", "39A_M_24": "166", "39A_H_24": "202", "39A_Tot_24": "368", "30a39_M_24": "2023", "30a39_H_24": "2151", "30a39_T_24": "4174", "40A_M_24": "167", "40A_H_24": "182", "40A_Tot_24": "349", "41A_M_24": "150", "41A_H_24": "174", "41A_Tot_24": "324", "42A_M_24": "159", "42A_H_24": "172", "42A_Tot_24": "331", "43A_M_24": "145", "43A_H_24": "156", "43A_Tot_24": "301", "44A_M_24": "143", "44A_H_24": "162", "44A_Tot_24": "305", "45A_M_24": "142", "45A_H_24": "168", "45A_Tot_24": "310", "46A_M_24": "139", "46A_H_24": "152", "46A_Tot_24": "291", "47A_M_24": "119", "47A_H_24": "96", "47A_Tot_24": "215", "48A_M_24": "117", "48A_H_24": "143", "48A_Tot_24": "260", "49A_M_24": "120", "49A_H_24": "119", "49A_Tot_24": "239", "40a49_M_24": "1401", "40a49_H_24": "1524", "40a49_T_24": "2925", "50A_M_24": "102", "50A_H_24": "124", "50A_Tot_24": "226", "51A_M_24": "99", "51A_H_24": "108", "51A_Tot_24": "207", "52A_M_24": "79", "52A_H_24": "114", "52A_Tot_24": "193", "53A_M_24": "91", "53A_H_24": "127", "53A_Tot_24": "218", "54A_M_24": "107", "54A_H_24": "111", "54A_Tot_24": "218", "55A_M_24": "77", "55A_H_24": "95", "55A_Tot_24": "172", "56A_M_24": "75", "56A_H_24": "82", "56A_Tot_24": "157", "57A_M_24": "82", "57A_H_24": "117", "57A_Tot_24": "199", "58A_M_24": "70", "58A_H_24": "89", "58A_Tot_24": "159", "59A_M_24": "85", "59A_H_24": "98", "59A_Tot_24": "183", "50a59_M_24": "867", "50a59_H_24": "1065", "50a59_T_24": "1932", "60A_M_24": "90", "60A_H_24": "73", "60A_Tot_24": "163", "61A_M_24": "45", "61A_H_24": "91", "61A_Tot_24": "136", "62A_M_24": "52", "62A_H_24": "63", "62A_Tot_24": "115", "63A_M_24": "63", "63A_H_24": "66", "63A_Tot_24": "129", "64A_M_24": "43", "64A_H_24": "73", "64A_Tot_24": "116", "65A_M_24": "50", "65A_H_24": "52", "65A_Tot_24": "102", "66A_M_24": "37", "66A_H_24": "50", "66A_Tot_24": "87", "67A_M_24": "35", "67A_H_24": "50", "67A_Tot_24": "85", "68A_M_24": "40", "68A_H_24": "36", "68A_Tot_24": "76", "69A_M_24": "47", "69A_H_24": "27", "69A_Tot_24": "74", "60a69_M_24": "502", "60a69_H_24": "581", "60a69_T_24": "1083", "70A_M_24": "28", "70A_H_24": "37", "70A_Tot_24": "65", "71A_M_24": "21", "71A_H_24": "22", "71A_Tot_24": "43", "72A_M_24": "21", "72A_H_24": "19", "72A_Tot_24": "40", "73A_M_24": "27", "73A_H_24": "23", "73A_Tot_24": "50", "74A_M_24": "25", "74A_H_24": "28", "74A_Tot_24": "53", "75A_M_24": "15", "75A_H_24": "17", "75A_Tot_24": "32", "76A_M_24": "17", "76A_H_24": "15", "76A_Tot_24": "32", "77A_M_24": "21", "77A_H_24": "16", "77A_Tot_24": "37", "78A_M_24": "20", "78A_H_24": "18", "78A_Tot_24": "38", "79A_M_24": "10", "79A_H_24": "13", "79A_Tot_24": "23", "70a79_M_24": "205", "70a79_H_24": "208", "70a79_T_24": "413", "80A_M_24": "21", "80A_H_24": "13", "80A_Tot_24": "34", "81A_M_24": "14", "81A_H_24": "8", "81A_Tot_24": "22", "82A_M_24": "11", "82A_H_24": "7", "82A_Tot_24": "18", "83A_M_24": "8", "83A_H_24": "5", "83A_Tot_24": "13", "84A_M_24": "7", "84A_H_24": "6", "84A_Tot_24": "13", "85A_M_24": "6", "85A_H_24": "2", "85A_Tot_24": "8", "86A_M_24": "3", "86A_H_24": "5", "86A_Tot_24": "8", "87A_M_24": "3", "87A_H_24": "4", "87A_Tot_24": "7", "88A_M_24": "3", "88A_H_24": "5", "88A_Tot_24": "8", "89A_M_24": "4", "89A_H_24": "2", "89A_Tot_24": "6", "80a89_M_24": "80", "80a89_H_24": "57", "80a89_T_24": "137", "90A_M_24": "2", "90A_H_24": "0", "90A_Tot_24": "2", "91A_M_24": "2", "91A_H_24": "4", "91A_Tot_24": "6", "92A_M_24": "3", "92A_H_24": "0", "92A_Tot_24": "3", "93A_M_24": "1", "93A_H_24": "1", "93A_Tot_24": "2", "94A_M_24": "2", "94A_H_24": "0", "94A_Tot_24": "2", "95A_M_24": "0", "95A_H_24": "2", "95A_Tot_24": "2", "96A_M_24": "0", "96A_H_24": "0", "96A_Tot_24": "0", "97A_M_24": "0", "97A_H_24": "0", "97A_Tot_24": "0", "98A_M_24": "0", "98A_H_24": "0", "98A_Tot_24": "0", "99A_M_24": "1", "99A_H_24": "0", "99A_Tot_24": "1", "90a99_M_24": "11", "90a99_H_24": "7", "90a99_T_24": "18", "100A_M_24": "0", "100A_H_24": "0", "100A_T_24": "0", "POB_MUJ_24": "12972", "POB_HOM_24": "14200", "POB_TOT_24": "27172" }, "geometry": null }
]
}
