{
"type": "FeatureCollection",
"name": "SERVICIOS2",
"features": [
{ "type": "Feature", "properties": { "ID": "1", "DEPTO": "Cochabamba", "COD_DEPTO": 30000, "NOM_EESS": "CScI. Anzaldo", "COD_EESS": 300138, "DIRECCION": "calle teodolindo trigo y calle jorge trigo", "CONTACTO": "67405056", "HORARIO_ATN": "24 horas 7 dias", "CONS_ENFER": null, "CONS_EXTER": "08:00 a 12:00/ 14:00 a 18:00, lunes a domingo", "URG_EMERG": "SI", "URG_EMER_D": "24 hrs - 7 dias de la semana", "INTERNACION": "SI", "INTERNAC_D": "24 hrs - 7 dias de la semana", "N_CAMAS": "4", "N_CUNAS": "0", "AMBUL_TP_1": "2", "AMBUL_TP_2": "0", "AMBUL_TP_3": "0", "AMBUL_TP_4": "0", "ECOGRAF_D": "Lunes a Viernes", "ECOGRAF_H": "08:00 a 14:00", "LAB_CLI_D": null, "LAB_CLI_H": null, "FARMAC_D": "Lunes a Viernes", "FARMAC_H": "08:00 a 14:00", "TELEMED_D": "Lunes a Viernes", "TELEMED_H": "08:00 a 16:00", "ODON_AMB_D": "Lunes a Viernes", "ODON_AMB_H": "08:00 a 14:00", "LAB_BAS_D": null, "LAB_BAS_H": null, "RAYOS_X_D": null, "RAYOS_X_H": null, "FISIOTRP_D": null, "FISIOTRP_H": null, "ECO_CARD_D": null, "ECO_CARD_H": null, "PEDIATRI_D": null, "PEDIATRI_H": null, "MED_INT_D": null, "MED_INT_H": null, "GINE_OBS_D": null, "GINE_OBS_H": null, "GINE_QUI_D": null, "GINE_QUI_H": null, "CIRG_GRL_D": null, "CIRG_GRL_H": null, "TRAUMATO_D": null, "TRAUMATO_H": null, "TRAU_QUI_D": null, "TRAU_QUI_H": null, "OFTALMO_D": null, "OFTALMO_H": null, "OTORRINO_D": null, "OTORRINO_H": null, "UROLOGIA_D": null, "UROLOGIA_H": null, "UROL_QUI_D": null, "UROL_QUI_H": null, "CARDIO_D": null, "CARDIO_H": null }, "geometry": null },
{ "type": "Feature", "properties": { "ID": "2", "DEPTO": "Cochabamba", "COD_DEPTO": 30000, "NOM_EESS": "PS. Cruz Kasa", "COD_EESS": 300139, "DIRECCION": "comunidad thago kasa", "CONTACTO": "67404068", "HORARIO_ATN": "8 horas 5 dias", "CONS_ENFER": null, "CONS_EXTER": "8:00 a 16:00, lunes a viernes", "URG_EMERG": "SI", "URG_EMER_D": "Lunes a Viernes - 08:00 a 16:00", "INTERNACION": "NO", "INTERNAC_D": null, "N_CAMAS": "0", "N_CUNAS": "0", "AMBUL_TP_1": "0", "AMBUL_TP_2": "1", "AMBUL_TP_3": "0", "AMBUL_TP_4": "0", "ECOGRAF_D": null, "ECOGRAF_H": "0", "LAB_CLI_D": null, "LAB_CLI_H": null, "FARMAC_D": null, "FARMAC_H": null, "TELEMED_D": null, "TELEMED_H": null, "ODON_AMB_D": null, "ODON_AMB_H": null, "LAB_BAS_D": null, "LAB_BAS_H": null, "RAYOS_X_D": null, "RAYOS_X_H": null, "FISIOTRP_D": null, "FISIOTRP_H": null, "ECO_CARD_D": null, "ECO_CARD_H": null, "PEDIATRI_D": null, "PEDIATRI_H": null, "MED_INT_D": null, "MED_INT_H": null, "GINE_OBS_D": null, "GINE_OBS_H": null, "GINE_QUI_D": null, "GINE_QUI_H": null, "CIRG_GRL_D": null, "CIRG_GRL_H": null, "TRAUMATO_D": null, "TRAUMATO_H": null, "TRAU_QUI_D": null, "TRAU_QUI_H": null, "OFTALMO_D": null, "OFTALMO_H": null, "OTORRINO_D": null, "OTORRINO_H": null, "UROLOGIA_D": null, "UROLOGIA_H": null, "UROL_QUI_D": null, "UROL_QUI_H": null, "CARDIO_D": null, "CARDIO_H": null }, "geometry": null },
{ "type": "Feature", "properties": { "ID": "3", "DEPTO": "Cochabamba", "COD_DEPTO": 30000, "NOM_EESS": "PS. Jatun Cienega (Alfa Mayu)", "COD_EESS": 300140, "DIRECCION": "comunidad alfa mayu", "CONTACTO": "67527703", "HORARIO_ATN": "8 horas 5 dias", "CONS_ENFER": null, "CONS_EXTER": "8:00 a 16:00, lunes a viernes", "URG_EMERG": "SI", "URG_EMER_D": "Lunes a Viernes - 08:00 a 16:00", "INTERNACION": "NO", "INTERNAC_D": null, "N_CAMAS": "0", "N_CUNAS": "0", "AMBUL_TP_1": "0", "AMBUL_TP_2": "1", "AMBUL_TP_3": "0", "AMBUL_TP_4": "0", "ECOGRAF_D": null, "ECOGRAF_H": "0", "LAB_CLI_D": null, "LAB_CLI_H": null, "FARMAC_D": null, "FARMAC_H": null, "TELEMED_D": null, "TELEMED_H": null, "ODON_AMB_D": null, "ODON_AMB_H": null, "LAB_BAS_D": null, "LAB_BAS_H": null, "RAYOS_X_D": null, "RAYOS_X_H": null, "FISIOTRP_D": null, "FISIOTRP_H": null, "ECO_CARD_D": null, "ECO_CARD_H": null, "PEDIATRI_D": null, "PEDIATRI_H": null, "MED_INT_D": null, "MED_INT_H": null, "GINE_OBS_D": null, "GINE_OBS_H": null, "GINE_QUI_D": null, "GINE_QUI_H": null, "CIRG_GRL_D": null, "CIRG_GRL_H": null, "TRAUMATO_D": null, "TRAUMATO_H": null, "TRAU_QUI_D": null, "TRAU_QUI_H": null, "OFTALMO_D": null, "OFTALMO_H": null, "OTORRINO_D": null, "OTORRINO_H": null, "UROLOGIA_D": null, "UROLOGIA_H": null, "UROL_QUI_D": null, "UROL_QUI_H": null, "CARDIO_D": null, "CARDIO_H": null }, "geometry": null },
{ "type": "Feature", "properties": { "ID": "4", "DEPTO": "Cochabamba", "COD_DEPTO": 30000, "NOM_EESS": "PS. Kalallusta", "COD_EESS": 300141, "DIRECCION": "comunidad kalallusta", "CONTACTO": "63904648", "HORARIO_ATN": "8 horas 5 dias", "CONS_ENFER": null, "CONS_EXTER": "8:00 a 16:00, lunes a viernes", "URG_EMERG": "SI", "URG_EMER_D": "Lunes a Viernes - 08:00 a 16:00", "INTERNACION": "NO", "INTERNAC_D": null, "N_CAMAS": "0", "N_CUNAS": "0", "AMBUL_TP_1": "0", "AMBUL_TP_2": "1", "AMBUL_TP_3": "0", "AMBUL_TP_4": "0", "ECOGRAF_D": null, "ECOGRAF_H": "0", "LAB_CLI_D": null, "LAB_CLI_H": null, "FARMAC_D": null, "FARMAC_H": null, "TELEMED_D": null, "TELEMED_H": null, "ODON_AMB_D": null, "ODON_AMB_H": null, "LAB_BAS_D": null, "LAB_BAS_H": null, "RAYOS_X_D": null, "RAYOS_X_H": null, "FISIOTRP_D": null, "FISIOTRP_H": null, "ECO_CARD_D": null, "ECO_CARD_H": null, "PEDIATRI_D": null, "PEDIATRI_H": null, "MED_INT_D": null, "MED_INT_H": null, "GINE_OBS_D": null, "GINE_OBS_H": null, "GINE_QUI_D": null, "GINE_QUI_H": null, "CIRG_GRL_D": null, "CIRG_GRL_H": null, "TRAUMATO_D": null, "TRAUMATO_H": null, "TRAU_QUI_D": null, "TRAU_QUI_H": null, "OFTALMO_D": null, "OFTALMO_H": null, "OTORRINO_D": null, "OTORRINO_H": null, "UROLOGIA_D": null, "UROLOGIA_H": null, "UROL_QUI_D": null, "UROL_QUI_H": null, "CARDIO_D": null, "CARDIO_H": null }, "geometry": null },
{ "type": "Feature", "properties": { "ID": "5", "DEPTO": "Cochabamba", "COD_DEPTO": 30000, "NOM_EESS": "CSA. La Vida", "COD_EESS": 300142, "DIRECCION": "comunidad tayapaya", "CONTACTO": "68464399", "HORARIO_ATN": "6 horas 5 dias", "CONS_ENFER": null, "CONS_EXTER": "8:00 a 14:00, lunes a viernes", "URG_EMERG": "SI", "URG_EMER_D": "Lunes a Viernes - 08:00 a 14:00", "INTERNACION": "NO", "INTERNAC_D": null, "N_CAMAS": "0", "N_CUNAS": "0", "AMBUL_TP_1": "0", "AMBUL_TP_2": "1", "AMBUL_TP_3": "0", "AMBUL_TP_4": "0", "ECOGRAF_D": null, "ECOGRAF_H": "0", "LAB_CLI_D": null, "LAB_CLI_H": null, "FARMAC_D": null, "FARMAC_H": null, "TELEMED_D": null, "TELEMED_H": null, "ODON_AMB_D": null, "ODON_AMB_H": null, "LAB_BAS_D": null, "LAB_BAS_H": null, "RAYOS_X_D": null, "RAYOS_X_H": null, "FISIOTRP_D": null, "FISIOTRP_H": null, "ECO_CARD_D": null, "ECO_CARD_H": null, "PEDIATRI_D": null, "PEDIATRI_H": null, "MED_INT_D": null, "MED_INT_H": null, "GINE_OBS_D": null, "GINE_OBS_H": null, "GINE_QUI_D": null, "GINE_QUI_H": null, "CIRG_GRL_D": null, "CIRG_GRL_H": null, "TRAUMATO_D": null, "TRAUMATO_H": null, "TRAU_QUI_D": null, "TRAU_QUI_H": null, "OFTALMO_D": null, "OFTALMO_H": null, "OTORRINO_D": null, "OTORRINO_H": null, "UROLOGIA_D": null, "UROLOGIA_H": null, "UROL_QUI_D": null, "UROL_QUI_H": null, "CARDIO_D": null, "CARDIO_H": null }, "geometry": null },
{ "type": "Feature", "properties": { "ID": "6", "DEPTO": "Cochabamba", "COD_DEPTO": 30000, "NOM_EESS": "CScI. Mollini", "COD_EESS": 300143, "DIRECCION": "comunidad mollini", "CONTACTO": "71454500", "HORARIO_ATN": "6 horas 5 dias", "CONS_ENFER": "promocion y prevencion, lunes a viernes 08:00 a 14:00", "CONS_EXTER": "no", "URG_EMERG": "SI", "URG_EMER_D": "Lunes a Viernes - 08:00 a 14:00", "INTERNACION": "NO", "INTERNAC_D": null, "N_CAMAS": "0", "N_CUNAS": "0", "AMBUL_TP_1": "0", "AMBUL_TP_2": "1", "AMBUL_TP_3": "0", "AMBUL_TP_4": "0", "ECOGRAF_D": null, "ECOGRAF_H": "0", "LAB_CLI_D": null, "LAB_CLI_H": null, "FARMAC_D": null, "FARMAC_H": null, "TELEMED_D": null, "TELEMED_H": null, "ODON_AMB_D": null, "ODON_AMB_H": null, "LAB_BAS_D": null, "LAB_BAS_H": null, "RAYOS_X_D": null, "RAYOS_X_H": null, "FISIOTRP_D": null, "FISIOTRP_H": null, "ECO_CARD_D": null, "ECO_CARD_H": null, "PEDIATRI_D": null, "PEDIATRI_H": null, "MED_INT_D": null, "MED_INT_H": null, "GINE_OBS_D": null, "GINE_OBS_H": null, "GINE_QUI_D": null, "GINE_QUI_H": null, "CIRG_GRL_D": null, "CIRG_GRL_H": null, "TRAUMATO_D": null, "TRAUMATO_H": null, "TRAU_QUI_D": null, "TRAU_QUI_H": null, "OFTALMO_D": null, "OFTALMO_H": null, "OTORRINO_D": null, "OTORRINO_H": null, "UROLOGIA_D": null, "UROLOGIA_H": null, "UROL_QUI_D": null, "UROL_QUI_H": null, "CARDIO_D": null, "CARDIO_H": null }, "geometry": null },
{ "type": "Feature", "properties": { "ID": "7", "DEPTO": "Cochabamba", "COD_DEPTO": 30000, "NOM_EESS": "PS. Pajchapata Lux", "COD_EESS": 300144, "DIRECCION": "comunidad pajcha pata lux", "CONTACTO": "67598343", "HORARIO_ATN": "6 horas 5 dias", "CONS_ENFER": "promocion y prevencion, lunes a viernes 08:00 a 14:00", "CONS_EXTER": "no", "URG_EMERG": "SI", "URG_EMER_D": "Lunes a Viernes - 08:00 a 14:00", "INTERNACION": "NO", "INTERNAC_D": null, "N_CAMAS": "0", "N_CUNAS": "0", "AMBUL_TP_1": "0", "AMBUL_TP_2": "1", "AMBUL_TP_3": "0", "AMBUL_TP_4": "0", "ECOGRAF_D": null, "ECOGRAF_H": "0", "LAB_CLI_D": null, "LAB_CLI_H": null, "FARMAC_D": null, "FARMAC_H": null, "TELEMED_D": null, "TELEMED_H": null, "ODON_AMB_D": null, "ODON_AMB_H": null, "LAB_BAS_D": null, "LAB_BAS_H": null, "RAYOS_X_D": null, "RAYOS_X_H": null, "FISIOTRP_D": null, "FISIOTRP_H": null, "ECO_CARD_D": null, "ECO_CARD_H": null, "PEDIATRI_D": null, "PEDIATRI_H": null, "MED_INT_D": null, "MED_INT_H": null, "GINE_OBS_D": null, "GINE_OBS_H": null, "GINE_QUI_D": null, "GINE_QUI_H": null, "CIRG_GRL_D": null, "CIRG_GRL_H": null, "TRAUMATO_D": null, "TRAUMATO_H": null, "TRAU_QUI_D": null, "TRAU_QUI_H": null, "OFTALMO_D": null, "OFTALMO_H": null, "OTORRINO_D": null, "OTORRINO_H": null, "UROLOGIA_D": null, "UROLOGIA_H": null, "UROL_QUI_D": null, "UROL_QUI_H": null, "CARDIO_D": null, "CARDIO_H": null }, "geometry": null },
{ "type": "Feature", "properties": { "ID": "8", "DEPTO": "Cochabamba", "COD_DEPTO": 30000, "NOM_EESS": "PS. Pucara", "COD_EESS": 300145, "DIRECCION": "comunidad pucara", "CONTACTO": "74310475", "HORARIO_ATN": "6 horas 5 dias", "CONS_ENFER": null, "CONS_EXTER": "8:00 a 16:00, lunes a viernes", "URG_EMERG": "SI", "URG_EMER_D": "Lunes a Viernes - 08:00 a 16:00", "INTERNACION": "NO", "INTERNAC_D": null, "N_CAMAS": "0", "N_CUNAS": "0", "AMBUL_TP_1": "0", "AMBUL_TP_2": "1", "AMBUL_TP_3": "0", "AMBUL_TP_4": "0", "ECOGRAF_D": null, "ECOGRAF_H": "0", "LAB_CLI_D": null, "LAB_CLI_H": null, "FARMAC_D": null, "FARMAC_H": null, "TELEMED_D": null, "TELEMED_H": null, "ODON_AMB_D": null, "ODON_AMB_H": null, "LAB_BAS_D": null, "LAB_BAS_H": null, "RAYOS_X_D": null, "RAYOS_X_H": null, "FISIOTRP_D": null, "FISIOTRP_H": null, "ECO_CARD_D": null, "ECO_CARD_H": null, "PEDIATRI_D": null, "PEDIATRI_H": null, "MED_INT_D": null, "MED_INT_H": null, "GINE_OBS_D": null, "GINE_OBS_H": null, "GINE_QUI_D": null, "GINE_QUI_H": null, "CIRG_GRL_D": null, "CIRG_GRL_H": null, "TRAUMATO_D": null, "TRAUMATO_H": null, "TRAU_QUI_D": null, "TRAU_QUI_H": null, "OFTALMO_D": null, "OFTALMO_H": null, "OTORRINO_D": null, "OTORRINO_H": null, "UROLOGIA_D": null, "UROLOGIA_H": null, "UROL_QUI_D": null, "UROL_QUI_H": null, "CARDIO_D": null, "CARDIO_H": null }, "geometry": null },
{ "type": "Feature", "properties": { "ID": "9", "DEPTO": "Cochabamba", "COD_DEPTO": 30000, "NOM_EESS": "PS. San Isidro", "COD_EESS": 300146, "DIRECCION": "comunidad san isidro", "CONTACTO": "64936014", "HORARIO_ATN": "6 horas 5 dias", "CONS_ENFER": null, "CONS_EXTER": "8:00 a 16:00, lunes a viernes", "URG_EMERG": "SI", "URG_EMER_D": "Lunes a Viernes - 08:00 a 16:00", "INTERNACION": "NO", "INTERNAC_D": null, "N_CAMAS": "0", "N_CUNAS": "0", "AMBUL_TP_1": "0", "AMBUL_TP_2": "1", "AMBUL_TP_3": "0", "AMBUL_TP_4": "0", "ECOGRAF_D": null, "ECOGRAF_H": "0", "LAB_CLI_D": null, "LAB_CLI_H": null, "FARMAC_D": null, "FARMAC_H": null, "TELEMED_D": null, "TELEMED_H": null, "ODON_AMB_D": null, "ODON_AMB_H": null, "LAB_BAS_D": null, "LAB_BAS_H": null, "RAYOS_X_D": null, "RAYOS_X_H": null, "FISIOTRP_D": null, "FISIOTRP_H": null, "ECO_CARD_D": null, "ECO_CARD_H": null, "PEDIATRI_D": null, "PEDIATRI_H": null, "MED_INT_D": null, "MED_INT_H": null, "GINE_OBS_D": null, "GINE_OBS_H": null, "GINE_QUI_D": null, "GINE_QUI_H": null, "CIRG_GRL_D": null, "CIRG_GRL_H": null, "TRAUMATO_D": null, "TRAUMATO_H": null, "TRAU_QUI_D": null, "TRAU_QUI_H": null, "OFTALMO_D": null, "OFTALMO_H": null, "OTORRINO_D": null, "OTORRINO_H": null, "UROLOGIA_D": null, "UROLOGIA_H": null, "UROL_QUI_D": null, "UROL_QUI_H": null, "CARDIO_D": null, "CARDIO_H": null }, "geometry": null },
{ "type": "Feature", "properties": { "ID": "10", "DEPTO": "Cochabamba", "COD_DEPTO": 30000, "NOM_EESS": "PS. San Jose", "COD_EESS": 300147, "DIRECCION": "comunidad san jose", "CONTACTO": "68575143", "HORARIO_ATN": "8 horas 5 dias", "CONS_ENFER": null, "CONS_EXTER": "8:00 a 16:00, lunes a viernes", "URG_EMERG": "SI", "URG_EMER_D": "Lunes a Viernes - 08:00 a 16:00", "INTERNACION": "NO", "INTERNAC_D": null, "N_CAMAS": "0", "N_CUNAS": "0", "AMBUL_TP_1": "0", "AMBUL_TP_2": "1", "AMBUL_TP_3": "0", "AMBUL_TP_4": "0", "ECOGRAF_D": null, "ECOGRAF_H": "0", "LAB_CLI_D": null, "LAB_CLI_H": null, "FARMAC_D": null, "FARMAC_H": null, "TELEMED_D": null, "TELEMED_H": null, "ODON_AMB_D": null, "ODON_AMB_H": null, "LAB_BAS_D": null, "LAB_BAS_H": null, "RAYOS_X_D": null, "RAYOS_X_H": null, "FISIOTRP_D": null, "FISIOTRP_H": null, "ECO_CARD_D": null, "ECO_CARD_H": null, "PEDIATRI_D": null, "PEDIATRI_H": null, "MED_INT_D": null, "MED_INT_H": null, "GINE_OBS_D": null, "GINE_OBS_H": null, "GINE_QUI_D": null, "GINE_QUI_H": null, "CIRG_GRL_D": null, "CIRG_GRL_H": null, "TRAUMATO_D": null, "TRAUMATO_H": null, "TRAU_QUI_D": null, "TRAU_QUI_H": null, "OFTALMO_D": null, "OFTALMO_H": null, "OTORRINO_D": null, "OTORRINO_H": null, "UROLOGIA_D": null, "UROLOGIA_H": null, "UROL_QUI_D": null, "UROL_QUI_H": null, "CARDIO_D": null, "CARDIO_H": null }, "geometry": null },
{ "type": "Feature", "properties": { "ID": "11", "DEPTO": "Cochabamba", "COD_DEPTO": 30000, "NOM_EESS": "CSINT. Arbieto", "COD_EESS": 300148, "DIRECCION": "arbieto a dos cuadras de la plaza al lado oeste", "CONTACTO": "director 71717880", "HORARIO_ATN": "24 horas/7 dias de la semana", "CONS_ENFER": null, "CONS_EXTER": "08:00 a 14:00, dias:lunes a viernes", "URG_EMERG": "SI", "URG_EMER_D": "24 hrs. - 7 dias de la semana", "INTERNACION": "SI", "INTERNAC_D": "24 hrs. - 7 dias de la semana", "N_CAMAS": "5", "N_CUNAS": "0", "AMBUL_TP_1": "2", "AMBUL_TP_2": "0", "AMBUL_TP_3": "0", "AMBUL_TP_4": "0", "ECOGRAF_D": "Lunes a viernes", "ECOGRAF_H": "08:00 a 14:00", "LAB_CLI_D": "Lunes a viernes", "LAB_CLI_H": "08:00 a 14:00", "FARMAC_D": "Lunes a viernes", "FARMAC_H": "08:00 a 14:00", "TELEMED_D": "Lunes a viernes", "TELEMED_H": "08:00 a 16:00", "ODON_AMB_D": "Lunes a viernes", "ODON_AMB_H": "08:00 a 16:00", "LAB_BAS_D": null, "LAB_BAS_H": null, "RAYOS_X_D": null, "RAYOS_X_H": null, "FISIOTRP_D": null, "FISIOTRP_H": null, "ECO_CARD_D": null, "ECO_CARD_H": null, "PEDIATRI_D": null, "PEDIATRI_H": null, "MED_INT_D": null, "MED_INT_H": null, "GINE_OBS_D": null, "GINE_OBS_H": null, "GINE_QUI_D": null, "GINE_QUI_H": null, "CIRG_GRL_D": null, "CIRG_GRL_H": null, "TRAUMATO_D": null, "TRAUMATO_H": null, "TRAU_QUI_D": null, "TRAU_QUI_H": null, "OFTALMO_D": null, "OFTALMO_H": null, "OTORRINO_D": null, "OTORRINO_H": null, "UROLOGIA_D": null, "UROLOGIA_H": null, "UROL_QUI_D": null, "UROL_QUI_H": null, "CARDIO_D": null, "CARDIO_H": null }, "geometry": null },
{ "type": "Feature", "properties": { "ID": "12", "DEPTO": "Cochabamba", "COD_DEPTO": 30000, "NOM_EESS": "CScI. Copapugio", "COD_EESS": 300149, "DIRECCION": "dirección: carretera tarata cochabamba a lado de la unidad educativa copapujyo", "CONTACTO": "Resp. de c.s. 67577697", "HORARIO_ATN": null, "CONS_ENFER": null, "CONS_EXTER": "08:00 a 16:00, dias:lunes a viernes", "URG_EMERG": "SI", "URG_EMER_D": "Lunes a Viernes- 08:00 a 16:00", "INTERNACION": "NO", "INTERNAC_D": null, "N_CAMAS": "0", "N_CUNAS": "0", "AMBUL_TP_1": "0", "AMBUL_TP_2": "0", "AMBUL_TP_3": "0", "AMBUL_TP_4": "0", "ECOGRAF_D": null, "ECOGRAF_H": null, "LAB_CLI_D": null, "LAB_CLI_H": null, "FARMAC_D": null, "FARMAC_H": null, "TELEMED_D": null, "TELEMED_H": null, "ODON_AMB_D": null, "ODON_AMB_H": null, "LAB_BAS_D": null, "LAB_BAS_H": null, "RAYOS_X_D": null, "RAYOS_X_H": null, "FISIOTRP_D": null, "FISIOTRP_H": null, "ECO_CARD_D": null, "ECO_CARD_H": null, "PEDIATRI_D": null, "PEDIATRI_H": null, "MED_INT_D": null, "MED_INT_H": null, "GINE_OBS_D": null, "GINE_OBS_H": null, "GINE_QUI_D": null, "GINE_QUI_H": null, "CIRG_GRL_D": null, "CIRG_GRL_H": null, "TRAUMATO_D": null, "TRAUMATO_H": null, "TRAU_QUI_D": null, "TRAU_QUI_H": null, "OFTALMO_D": null, "OFTALMO_H": null, "OTORRINO_D": null, "OTORRINO_H": null, "UROLOGIA_D": null, "UROLOGIA_H": null, "UROL_QUI_D": null, "UROL_QUI_H": null, "CARDIO_D": null, "CARDIO_H": null }, "geometry": null },
{ "type": "Feature", "properties": { "ID": "13", "DEPTO": "Cochabamba", "COD_DEPTO": 30000, "NOM_EESS": "CSA. Kaluyo", "COD_EESS": 300150, "DIRECCION": "dirección: km 6 camino a tarata", "CONTACTO": "Resp. de c.s.  71761469", "HORARIO_ATN": "8 horas/5 dias de la semana", "CONS_ENFER": null, "CONS_EXTER": "08:00 a 16:00, dias:lunes a viernes", "URG_EMERG": "SI", "URG_EMER_D": "Lunes a Viernes- 08:00 a 16:00", "INTERNACION": "NO", "INTERNAC_D": null, "N_CAMAS": "0", "N_CUNAS": "0", "AMBUL_TP_1": "0", "AMBUL_TP_2": "0", "AMBUL_TP_3": "0", "AMBUL_TP_4": "0", "ECOGRAF_D": null, "ECOGRAF_H": null, "LAB_CLI_D": null, "LAB_CLI_H": null, "FARMAC_D": null, "FARMAC_H": null, "TELEMED_D": null, "TELEMED_H": null, "ODON_AMB_D": null, "ODON_AMB_H": null, "LAB_BAS_D": null, "LAB_BAS_H": null, "RAYOS_X_D": null, "RAYOS_X_H": null, "FISIOTRP_D": null, "FISIOTRP_H": null, "ECO_CARD_D": null, "ECO_CARD_H": null, "PEDIATRI_D": null, "PEDIATRI_H": null, "MED_INT_D": null, "MED_INT_H": null, "GINE_OBS_D": null, "GINE_OBS_H": null, "GINE_QUI_D": null, "GINE_QUI_H": null, "CIRG_GRL_D": null, "CIRG_GRL_H": null, "TRAUMATO_D": null, "TRAUMATO_H": null, "TRAU_QUI_D": null, "TRAU_QUI_H": null, "OFTALMO_D": null, "OFTALMO_H": null, "OTORRINO_D": null, "OTORRINO_H": null, "UROLOGIA_D": null, "UROLOGIA_H": null, "UROL_QUI_D": null, "UROL_QUI_H": null, "CARDIO_D": null, "CARDIO_H": null }, "geometry": null },
{ "type": "Feature", "properties": { "ID": "14", "DEPTO": "Cochabamba", "COD_DEPTO": 30000, "NOM_EESS": "CScI. La Loma", "COD_EESS": 300151, "DIRECCION": "dirección: km 10 camino a arbieto", "CONTACTO": "Resp. de c.s.  71765692", "HORARIO_ATN": "8 horas/5 dias de la semana", "CONS_ENFER": null, "CONS_EXTER": "08:00 a 16:00, dias:lunes a viernes", "URG_EMERG": "SI", "URG_EMER_D": "Lunes a Viernes- 08:00 a 16:00", "INTERNACION": "NO", "INTERNAC_D": null, "N_CAMAS": "0", "N_CUNAS": "0", "AMBUL_TP_1": "0", "AMBUL_TP_2": "0", "AMBUL_TP_3": "0", "AMBUL_TP_4": "0", "ECOGRAF_D": null, "ECOGRAF_H": null, "LAB_CLI_D": null, "LAB_CLI_H": null, "FARMAC_D": null, "FARMAC_H": null, "TELEMED_D": null, "TELEMED_H": null, "ODON_AMB_D": null, "ODON_AMB_H": null, "LAB_BAS_D": null, "LAB_BAS_H": null, "RAYOS_X_D": null, "RAYOS_X_H": null, "FISIOTRP_D": null, "FISIOTRP_H": null, "ECO_CARD_D": null, "ECO_CARD_H": null, "PEDIATRI_D": null, "PEDIATRI_H": null, "MED_INT_D": null, "MED_INT_H": null, "GINE_OBS_D": null, "GINE_OBS_H": null, "GINE_QUI_D": null, "GINE_QUI_H": null, "CIRG_GRL_D": null, "CIRG_GRL_H": null, "TRAUMATO_D": null, "TRAUMATO_H": null, "TRAU_QUI_D": null, "TRAU_QUI_H": null, "OFTALMO_D": null, "OFTALMO_H": null, "OTORRINO_D": null, "OTORRINO_H": null, "UROLOGIA_D": null, "UROLOGIA_H": null, "UROL_QUI_D": null, "UROL_QUI_H": null, "CARDIO_D": null, "CARDIO_H": null }, "geometry": null },
{ "type": "Feature", "properties": { "ID": "15", "DEPTO": "Cochabamba", "COD_DEPTO": 30000, "NOM_EESS": "CScI. Tiatacu", "COD_EESS": 300152, "DIRECCION": "dirección: a 5 km de arbieto al lado este", "CONTACTO": "Resp. de c.s. 60348585", "HORARIO_ATN": "8 horas/5 dias de la semana", "CONS_ENFER": null, "CONS_EXTER": "08:00 a 16:00, dias:lunes a viernes", "URG_EMERG": "SI", "URG_EMER_D": "Lunes a Viernes- 08:00 a 16:00", "INTERNACION": "NO", "INTERNAC_D": null, "N_CAMAS": "0", "N_CUNAS": "0", "AMBUL_TP_1": "0", "AMBUL_TP_2": "0", "AMBUL_TP_3": "0", "AMBUL_TP_4": "0", "ECOGRAF_D": null, "ECOGRAF_H": null, "LAB_CLI_D": null, "LAB_CLI_H": null, "FARMAC_D": null, "FARMAC_H": null, "TELEMED_D": null, "TELEMED_H": null, "ODON_AMB_D": null, "ODON_AMB_H": null, "LAB_BAS_D": null, "LAB_BAS_H": null, "RAYOS_X_D": null, "RAYOS_X_H": null, "FISIOTRP_D": null, "FISIOTRP_H": null, "ECO_CARD_D": null, "ECO_CARD_H": null, "PEDIATRI_D": null, "PEDIATRI_H": null, "MED_INT_D": null, "MED_INT_H": null, "GINE_OBS_D": null, "GINE_OBS_H": null, "GINE_QUI_D": null, "GINE_QUI_H": null, "CIRG_GRL_D": null, "CIRG_GRL_H": null, "TRAUMATO_D": null, "TRAUMATO_H": null, "TRAU_QUI_D": null, "TRAU_QUI_H": null, "OFTALMO_D": null, "OFTALMO_H": null, "OTORRINO_D": null, "OTORRINO_H": null, "UROLOGIA_D": null, "UROLOGIA_H": null, "UROL_QUI_D": null, "UROL_QUI_H": null, "CARDIO_D": null, "CARDIO_H": null }, "geometry": null },
{ "type": "Feature", "properties": { "ID": "16", "DEPTO": "Cochabamba", "COD_DEPTO": 30000, "NOM_EESS": "CScI. Apillapa", "COD_EESS": 300153, "DIRECCION": "apillapa bajo a la do de la plaza 2 de agosto", "CONTACTO": "cel:74825475", "HORARIO_ATN": "8 horas / 5 dias a la semana", "CONS_ENFER": null, "CONS_EXTER": "08:00 a 16:00 pm, dias: lunes a viernes", "URG_EMERG": "NO", "URG_EMER_D": null, "INTERNACION": "NO", "INTERNAC_D": null, "N_CAMAS": "0", "N_CUNAS": "0", "AMBUL_TP_1": "0", "AMBUL_TP_2": "0", "AMBUL_TP_3": "0", "AMBUL_TP_4": "0", "ECOGRAF_D": null, "ECOGRAF_H": null, "LAB_CLI_D": null, "LAB_CLI_H": null, "FARMAC_D": null, "FARMAC_H": null, "TELEMED_D": null, "TELEMED_H": null, "ODON_AMB_D": null, "ODON_AMB_H": null, "LAB_BAS_D": null, "LAB_BAS_H": null, "RAYOS_X_D": null, "RAYOS_X_H": null, "FISIOTRP_D": null, "FISIOTRP_H": null, "ECO_CARD_D": null, "ECO_CARD_H": null, "PEDIATRI_D": null, "PEDIATRI_H": null, "MED_INT_D": null, "MED_INT_H": null, "GINE_OBS_D": null, "GINE_OBS_H": null, "GINE_QUI_D": null, "GINE_QUI_H": null, "CIRG_GRL_D": null, "CIRG_GRL_H": null, "TRAUMATO_D": null, "TRAUMATO_H": null, "TRAU_QUI_D": null, "TRAU_QUI_H": null, "OFTALMO_D": null, "OFTALMO_H": null, "OTORRINO_D": null, "OTORRINO_H": null, "UROLOGIA_D": null, "UROLOGIA_H": null, "UROL_QUI_D": null, "UROL_QUI_H": null, "CARDIO_D": null, "CARDIO_H": null }, "geometry": null },
{ "type": "Feature", "properties": { "ID": "17", "DEPTO": "Cochabamba", "COD_DEPTO": 30000, "NOM_EESS": "CScI. Matarani", "COD_EESS": 300154, "DIRECCION": "matarani a lado de la cancha sintetica", "CONTACTO": "cel.72927638", "HORARIO_ATN": "8 horas / 5 dias a la semana", "CONS_ENFER": null, "CONS_EXTER": "08:00 a 16:00 pm, dias: lunes a viernes", "URG_EMERG": "NO", "URG_EMER_D": null, "INTERNACION": "NO", "INTERNAC_D": null, "N_CAMAS": "0", "N_CUNAS": "0", "AMBUL_TP_1": "1", "AMBUL_TP_2": "0", "AMBUL_TP_3": "0", "AMBUL_TP_4": "0", "ECOGRAF_D": null, "ECOGRAF_H": null, "LAB_CLI_D": null, "LAB_CLI_H": null, "FARMAC_D": null, "FARMAC_H": null, "TELEMED_D": null, "TELEMED_H": null, "ODON_AMB_D": null, "ODON_AMB_H": null, "LAB_BAS_D": null, "LAB_BAS_H": null, "RAYOS_X_D": null, "RAYOS_X_H": null, "FISIOTRP_D": null, "FISIOTRP_H": null, "ECO_CARD_D": null, "ECO_CARD_H": null, "PEDIATRI_D": null, "PEDIATRI_H": null, "MED_INT_D": null, "MED_INT_H": null, "GINE_OBS_D": null, "GINE_OBS_H": null, "GINE_QUI_D": null, "GINE_QUI_H": null, "CIRG_GRL_D": null, "CIRG_GRL_H": null, "TRAUMATO_D": null, "TRAUMATO_H": null, "TRAU_QUI_D": null, "TRAU_QUI_H": null, "OFTALMO_D": null, "OFTALMO_H": null, "OTORRINO_D": null, "OTORRINO_H": null, "UROLOGIA_D": null, "UROLOGIA_H": null, "UROL_QUI_D": null, "UROL_QUI_H": null, "CARDIO_D": null, "CARDIO_H": null }, "geometry": null },
{ "type": "Feature", "properties": { "ID": "18", "DEPTO": "Cochabamba", "COD_DEPTO": 30000, "NOM_EESS": "CScI. Quecoma", "COD_EESS": 300155, "DIRECCION": "quecoma -villa san isidro frente al internado", "CONTACTO": "cel.68575189", "HORARIO_ATN": "8 horas / 5 dias a la semana", "CONS_ENFER": null, "CONS_EXTER": "08:00 a 16:00 pm, dias: lunes a viernes", "URG_EMERG": "NO", "URG_EMER_D": null, "INTERNACION": "NO", "INTERNAC_D": null, "N_CAMAS": "0", "N_CUNAS": "0", "AMBUL_TP_1": "0", "AMBUL_TP_2": "0", "AMBUL_TP_3": "0", "AMBUL_TP_4": "0", "ECOGRAF_D": null, "ECOGRAF_H": null, "LAB_CLI_D": null, "LAB_CLI_H": null, "FARMAC_D": null, "FARMAC_H": null, "TELEMED_D": null, "TELEMED_H": null, "ODON_AMB_D": null, "ODON_AMB_H": null, "LAB_BAS_D": null, "LAB_BAS_H": null, "RAYOS_X_D": null, "RAYOS_X_H": null, "FISIOTRP_D": null, "FISIOTRP_H": null, "ECO_CARD_D": null, "ECO_CARD_H": null, "PEDIATRI_D": null, "PEDIATRI_H": null, "MED_INT_D": null, "MED_INT_H": null, "GINE_OBS_D": null, "GINE_OBS_H": null, "GINE_QUI_D": null, "GINE_QUI_H": null, "CIRG_GRL_D": null, "CIRG_GRL_H": null, "TRAUMATO_D": null, "TRAUMATO_H": null, "TRAU_QUI_D": null, "TRAU_QUI_H": null, "OFTALMO_D": null, "OFTALMO_H": null, "OTORRINO_D": null, "OTORRINO_H": null, "UROLOGIA_D": null, "UROLOGIA_H": null, "UROL_QUI_D": null, "UROL_QUI_H": null, "CARDIO_D": null, "CARDIO_H": null }, "geometry": null },
{ "type": "Feature", "properties": { "ID": "19", "DEPTO": "Cochabamba", "COD_DEPTO": 30000, "NOM_EESS": "CScI. Sacabamba", "COD_EESS": 300156, "DIRECCION": "a lado de comité civico", "CONTACTO": "cel. 74333800", "HORARIO_ATN": "24 horas / 7 dias a la semana", "CONS_ENFER": null, "CONS_EXTER": "08:00 a 18:00 pm, dias: lunes a viernes", "URG_EMERG": "SI", "URG_EMER_D": "24 hrs. - 7 dias de la semana", "INTERNACION": "SI", "INTERNAC_D": "24 hrs. - 7 dias de la semana", "N_CAMAS": "4", "N_CUNAS": "0", "AMBUL_TP_1": "2", "AMBUL_TP_2": "0", "AMBUL_TP_3": "0", "AMBUL_TP_4": "0", "ECOGRAF_D": null, "ECOGRAF_H": null, "LAB_CLI_D": null, "LAB_CLI_H": null, "FARMAC_D": "Lunes a Viernes", "FARMAC_H": "08:00 a 16:00", "TELEMED_D": null, "TELEMED_H": null, "ODON_AMB_D": "Lunes a Viernes", "ODON_AMB_H": "08:00 a 16:00", "LAB_BAS_D": "Lunes a Viernes", "LAB_BAS_H": "08:00 a 16:00", "RAYOS_X_D": null, "RAYOS_X_H": null, "FISIOTRP_D": null, "FISIOTRP_H": null, "ECO_CARD_D": null, "ECO_CARD_H": null, "PEDIATRI_D": null, "PEDIATRI_H": null, "MED_INT_D": null, "MED_INT_H": null, "GINE_OBS_D": null, "GINE_OBS_H": null, "GINE_QUI_D": null, "GINE_QUI_H": null, "CIRG_GRL_D": null, "CIRG_GRL_H": null, "TRAUMATO_D": null, "TRAUMATO_H": null, "TRAU_QUI_D": null, "TRAU_QUI_H": null, "OFTALMO_D": null, "OFTALMO_H": null, "OTORRINO_D": null, "OTORRINO_H": null, "UROLOGIA_D": null, "UROLOGIA_H": null, "UROL_QUI_D": null, "UROL_QUI_H": null, "CARDIO_D": null, "CARDIO_H": null }, "geometry": null },
{ "type": "Feature", "properties": { "ID": "20", "DEPTO": "Cochabamba", "COD_DEPTO": 30000, "NOM_EESS": "PS. Yunkataqui", "COD_EESS": 300157, "DIRECCION": "yunkataqui", "CONTACTO": "cel.74379386", "HORARIO_ATN": "8 horas / 5 dias a la semana", "CONS_ENFER": "promocion y prevencion, lunes a viernes 08:00 a 14:00 ", "CONS_EXTER": "no", "URG_EMERG": "NO", "URG_EMER_D": null, "INTERNACION": "NO", "INTERNAC_D": null, "N_CAMAS": "0", "N_CUNAS": "0", "AMBUL_TP_1": "0", "AMBUL_TP_2": "0", "AMBUL_TP_3": "0", "AMBUL_TP_4": "0", "ECOGRAF_D": null, "ECOGRAF_H": null, "LAB_CLI_D": null, "LAB_CLI_H": null, "FARMAC_D": null, "FARMAC_H": null, "TELEMED_D": null, "TELEMED_H": null, "ODON_AMB_D": null, "ODON_AMB_H": null, "LAB_BAS_D": null, "LAB_BAS_H": null, "RAYOS_X_D": null, "RAYOS_X_H": null, "FISIOTRP_D": null, "FISIOTRP_H": null, "ECO_CARD_D": null, "ECO_CARD_H": null, "PEDIATRI_D": null, "PEDIATRI_H": null, "MED_INT_D": null, "MED_INT_H": null, "GINE_OBS_D": null, "GINE_OBS_H": null, "GINE_QUI_D": null, "GINE_QUI_H": null, "CIRG_GRL_D": null, "CIRG_GRL_H": null, "TRAUMATO_D": null, "TRAUMATO_H": null, "TRAU_QUI_D": null, "TRAU_QUI_H": null, "OFTALMO_D": null, "OFTALMO_H": null, "OTORRINO_D": null, "OTORRINO_H": null, "UROLOGIA_D": null, "UROLOGIA_H": null, "UROL_QUI_D": null, "UROL_QUI_H": null, "CARDIO_D": null, "CARDIO_H": null }, "geometry": null },
{ "type": "Feature", "properties": { "ID": "21", "DEPTO": "Cochabamba", "COD_DEPTO": 30000, "NOM_EESS": "H2. Cliza", "COD_EESS": 300196, "DIRECCION": "zona norte a lado del arco de cliza calle baptista 0069", "CONTACTO": "78314138", "HORARIO_ATN": "24 horas/7 dias de la semana", "CONS_ENFER": null, "CONS_EXTER": "solo de especialidades", "URG_EMERG": "SI", "URG_EMER_D": "24 hrs - 7 dias de la semana", "INTERNACION": "SI", "INTERNAC_D": "24 hrs - 7 dias de la semana", "N_CAMAS": "28", "N_CUNAS": "3", "AMBUL_TP_1": "1", "AMBUL_TP_2": "1", "AMBUL_TP_3": "0", "AMBUL_TP_4": "0", "ECOGRAF_D": "Lunes a Sabado", "ECOGRAF_H": "08:00 a 18:00 hrs", "LAB_CLI_D": "Lunes a Domingo", "LAB_CLI_H": "24 horas", "FARMAC_D": "Lunes a Domingo", "FARMAC_H": "24 horas", "TELEMED_D": "Lunes a Viernes", "TELEMED_H": "08:00 a 16:00 hrs", "ODON_AMB_D": null, "ODON_AMB_H": null, "LAB_BAS_D": null, "LAB_BAS_H": null, "RAYOS_X_D": "Lunes a Viernes", "RAYOS_X_H": "08:00 a 13:00 hrs", "FISIOTRP_D": "Lunes a Viernes", "FISIOTRP_H": "08:00 a 14:00 hrs", "ECO_CARD_D": null, "ECO_CARD_H": null, "PEDIATRI_D": null, "PEDIATRI_H": "08:00 a 18:00 hrs", "MED_INT_D": "Lunes a Sabado - 24 hrs Emergencia", "MED_INT_H": "08:00 a 18:00 hrs", "GINE_OBS_D": "Lunes a Viernes - 12 hrs Emergencia", "GINE_OBS_H": "08:00 a 18:00 hrs", "GINE_QUI_D": null, "GINE_QUI_H": null, "CIRG_GRL_D": "Lunes a Sabado - 24 hrs Emergencia", "CIRG_GRL_H": "08:00 a 18:00 hrs", "TRAUMATO_D": "Lunes a Viernes", "TRAUMATO_H": "08:00 a 18:00 hrs", "TRAU_QUI_D": null, "TRAU_QUI_H": null, "OFTALMO_D": "Lunes a Miercoles", "OFTALMO_H": "12 Hrs. Emergencia", "OTORRINO_D": null, "OTORRINO_H": null, "UROLOGIA_D": null, "UROLOGIA_H": null, "UROL_QUI_D": null, "UROL_QUI_H": null, "CARDIO_D": null, "CARDIO_H": null }, "geometry": null },
{ "type": "Feature", "properties": { "ID": "22", "DEPTO": "Cochabamba", "COD_DEPTO": 30000, "NOM_EESS": "CSA. Huasa Calle", "COD_EESS": 300197, "DIRECCION": "camino a huasa callle cerca unidad educativa huasa calle", "CONTACTO": "72292024", "HORARIO_ATN": "8 horas / 5 dias a la semana", "CONS_ENFER": null, "CONS_EXTER": "08:00 a 12:00 a 14:00 a 16:00 dias: lunes a viernes", "URG_EMERG": "SI", "URG_EMER_D": "Lunes a Viernes - 08:00 a 16:00", "INTERNACION": "SI", "INTERNAC_D": "Transitoria", "N_CAMAS": "0", "N_CUNAS": "2", "AMBUL_TP_1": "0", "AMBUL_TP_2": "1", "AMBUL_TP_3": "0", "AMBUL_TP_4": "0", "ECOGRAF_D": null, "ECOGRAF_H": "0", "LAB_CLI_D": null, "LAB_CLI_H": null, "FARMAC_D": "Lunes a Viernes", "FARMAC_H": "08:00 a 14:00 pm", "TELEMED_D": null, "TELEMED_H": null, "ODON_AMB_D": null, "ODON_AMB_H": null, "LAB_BAS_D": null, "LAB_BAS_H": null, "RAYOS_X_D": null, "RAYOS_X_H": null, "FISIOTRP_D": null, "FISIOTRP_H": null, "ECO_CARD_D": null, "ECO_CARD_H": null, "PEDIATRI_D": null, "PEDIATRI_H": null, "MED_INT_D": null, "MED_INT_H": null, "GINE_OBS_D": null, "GINE_OBS_H": null, "GINE_QUI_D": null, "GINE_QUI_H": null, "CIRG_GRL_D": null, "CIRG_GRL_H": null, "TRAUMATO_D": null, "TRAUMATO_H": null, "TRAU_QUI_D": null, "TRAU_QUI_H": null, "OFTALMO_D": null, "OFTALMO_H": null, "OTORRINO_D": null, "OTORRINO_H": null, "UROLOGIA_D": null, "UROLOGIA_H": null, "UROL_QUI_D": null, "UROL_QUI_H": null, "CARDIO_D": null, "CARDIO_H": null }, "geometry": null },
{ "type": "Feature", "properties": { "ID": "23", "DEPTO": "Cochabamba", "COD_DEPTO": 30000, "NOM_EESS": "CScI. Ucure", "COD_EESS": 300198, "DIRECCION": "plazuela ucurena - acera sud", "CONTACTO": "71726515", "HORARIO_ATN": "8 horas / 5 dias a la semana", "CONS_ENFER": null, "CONS_EXTER": "08:00 a 12:00 a 14:00 a 16:00 dias: lunes a viernes", "URG_EMERG": "SI", "URG_EMER_D": "Lunes a Viernes - 08:00 a 16:00", "INTERNACION": "SI", "INTERNAC_D": "Transitoria", "N_CAMAS": "0", "N_CUNAS": "2", "AMBUL_TP_1": "0", "AMBUL_TP_2": "1", "AMBUL_TP_3": "0", "AMBUL_TP_4": "0", "ECOGRAF_D": null, "ECOGRAF_H": "0", "LAB_CLI_D": null, "LAB_CLI_H": null, "FARMAC_D": "Lunes a Viernes", "FARMAC_H": "08:00 a 16:00 pm", "TELEMED_D": null, "TELEMED_H": null, "ODON_AMB_D": null, "ODON_AMB_H": null, "LAB_BAS_D": null, "LAB_BAS_H": null, "RAYOS_X_D": null, "RAYOS_X_H": null, "FISIOTRP_D": null, "FISIOTRP_H": null, "ECO_CARD_D": null, "ECO_CARD_H": null, "PEDIATRI_D": null, "PEDIATRI_H": null, "MED_INT_D": null, "MED_INT_H": null, "GINE_OBS_D": null, "GINE_OBS_H": null, "GINE_QUI_D": null, "GINE_QUI_H": null, "CIRG_GRL_D": null, "CIRG_GRL_H": null, "TRAUMATO_D": null, "TRAUMATO_H": null, "TRAU_QUI_D": null, "TRAU_QUI_H": null, "OFTALMO_D": null, "OFTALMO_H": null, "OTORRINO_D": null, "OTORRINO_H": null, "UROLOGIA_D": null, "UROLOGIA_H": null, "UROL_QUI_D": null, "UROL_QUI_H": null, "CARDIO_D": null, "CARDIO_H": null }, "geometry": null },
{ "type": "Feature", "properties": { "ID": "24", "DEPTO": "Cochabamba", "COD_DEPTO": 30000, "NOM_EESS": "CSA. V. Concepcion", "COD_EESS": 300199, "DIRECCION": "plazuela villa concepcion - acera este", "CONTACTO": "61624310", "HORARIO_ATN": "8 horas / 5 dias a la semana", "CONS_ENFER": null, "CONS_EXTER": "08:00 a 16:00 dias: lunes a viernes", "URG_EMERG": "SI", "URG_EMER_D": "Lunes a Viernes - 08:00 a 16:00", "INTERNACION": "NO", "INTERNAC_D": null, "N_CAMAS": "0", "N_CUNAS": "0", "AMBUL_TP_1": "0", "AMBUL_TP_2": "1", "AMBUL_TP_3": "0", "AMBUL_TP_4": "0", "ECOGRAF_D": null, "ECOGRAF_H": "0", "LAB_CLI_D": null, "LAB_CLI_H": null, "FARMAC_D": null, "FARMAC_H": null, "TELEMED_D": null, "TELEMED_H": null, "ODON_AMB_D": null, "ODON_AMB_H": null, "LAB_BAS_D": null, "LAB_BAS_H": null, "RAYOS_X_D": null, "RAYOS_X_H": null, "FISIOTRP_D": null, "FISIOTRP_H": null, "ECO_CARD_D": null, "ECO_CARD_H": null, "PEDIATRI_D": null, "PEDIATRI_H": null, "MED_INT_D": null, "MED_INT_H": null, "GINE_OBS_D": null, "GINE_OBS_H": null, "GINE_QUI_D": null, "GINE_QUI_H": null, "CIRG_GRL_D": null, "CIRG_GRL_H": null, "TRAUMATO_D": null, "TRAUMATO_H": null, "TRAU_QUI_D": null, "TRAU_QUI_H": null, "OFTALMO_D": null, "OFTALMO_H": null, "OTORRINO_D": null, "OTORRINO_H": null, "UROLOGIA_D": null, "UROLOGIA_H": null, "UROL_QUI_D": null, "UROL_QUI_H": null, "CARDIO_D": null, "CARDIO_H": null }, "geometry": null },
{ "type": "Feature", "properties": { "ID": "25", "DEPTO": "Cochabamba", "COD_DEPTO": 30000, "NOM_EESS": "PS. Antakawa", "COD_EESS": 300304, "DIRECCION": "a 20 km camino hacia aiquile", "CONTACTO": "72234554", "HORARIO_ATN": null, "CONS_ENFER": "prevención/promoción: 08:00 a 16:00", "CONS_EXTER": null, "URG_EMERG": "SI", "URG_EMER_D": "Lunes a Viernes - 08:00 a 16:00", "INTERNACION": "NO", "INTERNAC_D": null, "N_CAMAS": "0", "N_CUNAS": "2", "AMBUL_TP_1": "0", "AMBUL_TP_2": "0", "AMBUL_TP_3": "0", "AMBUL_TP_4": "0", "ECOGRAF_D": null, "ECOGRAF_H": "0", "LAB_CLI_D": null, "LAB_CLI_H": null, "FARMAC_D": null, "FARMAC_H": null, "TELEMED_D": null, "TELEMED_H": null, "ODON_AMB_D": null, "ODON_AMB_H": null, "LAB_BAS_D": null, "LAB_BAS_H": null, "RAYOS_X_D": null, "RAYOS_X_H": null, "FISIOTRP_D": null, "FISIOTRP_H": null, "ECO_CARD_D": null, "ECO_CARD_H": null, "PEDIATRI_D": null, "PEDIATRI_H": null, "MED_INT_D": null, "MED_INT_H": null, "GINE_OBS_D": null, "GINE_OBS_H": null, "GINE_QUI_D": null, "GINE_QUI_H": null, "CIRG_GRL_D": null, "CIRG_GRL_H": null, "TRAUMATO_D": null, "TRAUMATO_H": null, "TRAU_QUI_D": null, "TRAU_QUI_H": null, "OFTALMO_D": null, "OFTALMO_H": null, "OTORRINO_D": null, "OTORRINO_H": null, "UROLOGIA_D": null, "UROLOGIA_H": null, "UROL_QUI_D": null, "UROL_QUI_H": null, "CARDIO_D": null, "CARDIO_H": null }, "geometry": null },
{ "type": "Feature", "properties": { "ID": "26", "DEPTO": "Cochabamba", "COD_DEPTO": 30000, "NOM_EESS": "CScI. Copachuncho", "COD_EESS": 300305, "DIRECCION": "a 129 km camino antiguo a santa cruz", "CONTACTO": "72234560", "HORARIO_ATN": null, "CONS_ENFER": "08:00 a 16:00", "CONS_EXTER": "08:00 a 14:00", "URG_EMERG": "SI", "URG_EMER_D": "24 hrs - 7 dias de la semana", "INTERNACION": "NO", "INTERNAC_D": null, "N_CAMAS": "0", "N_CUNAS": "2", "AMBUL_TP_1": "0", "AMBUL_TP_2": "0", "AMBUL_TP_3": "0", "AMBUL_TP_4": "0", "ECOGRAF_D": null, "ECOGRAF_H": "0", "LAB_CLI_D": null, "LAB_CLI_H": null, "FARMAC_D": null, "FARMAC_H": null, "TELEMED_D": null, "TELEMED_H": null, "ODON_AMB_D": null, "ODON_AMB_H": null, "LAB_BAS_D": null, "LAB_BAS_H": null, "RAYOS_X_D": null, "RAYOS_X_H": null, "FISIOTRP_D": null, "FISIOTRP_H": null, "ECO_CARD_D": null, "ECO_CARD_H": null, "PEDIATRI_D": null, "PEDIATRI_H": null, "MED_INT_D": null, "MED_INT_H": null, "GINE_OBS_D": null, "GINE_OBS_H": null, "GINE_QUI_D": null, "GINE_QUI_H": null, "CIRG_GRL_D": null, "CIRG_GRL_H": null, "TRAUMATO_D": null, "TRAUMATO_H": null, "TRAU_QUI_D": null, "TRAU_QUI_H": null, "OFTALMO_D": null, "OFTALMO_H": null, "OTORRINO_D": null, "OTORRINO_H": null, "UROLOGIA_D": null, "UROLOGIA_H": null, "UROL_QUI_D": null, "UROL_QUI_H": null, "CARDIO_D": null, "CARDIO_H": null }, "geometry": null },
{ "type": "Feature", "properties": { "ID": "27", "DEPTO": "Cochabamba", "COD_DEPTO": 30000, "NOM_EESS": "CSA. Epizana", "COD_EESS": 300306, "DIRECCION": "a 129 km camino antiguo a santa cruz", "CONTACTO": "72234558", "HORARIO_ATN": null, "CONS_ENFER": null, "CONS_EXTER": "08:00 a 14:00", "URG_EMERG": "SI", "URG_EMER_D": "24 hrs - 7 dias de la semana", "INTERNACION": "NO", "INTERNAC_D": null, "N_CAMAS": "0", "N_CUNAS": "2", "AMBUL_TP_1": "0", "AMBUL_TP_2": "0", "AMBUL_TP_3": "0", "AMBUL_TP_4": "0", "ECOGRAF_D": null, "ECOGRAF_H": "0", "LAB_CLI_D": null, "LAB_CLI_H": null, "FARMAC_D": null, "FARMAC_H": null, "TELEMED_D": null, "TELEMED_H": null, "ODON_AMB_D": null, "ODON_AMB_H": null, "LAB_BAS_D": null, "LAB_BAS_H": null, "RAYOS_X_D": null, "RAYOS_X_H": null, "FISIOTRP_D": null, "FISIOTRP_H": null, "ECO_CARD_D": null, "ECO_CARD_H": null, "PEDIATRI_D": null, "PEDIATRI_H": null, "MED_INT_D": null, "MED_INT_H": null, "GINE_OBS_D": null, "GINE_OBS_H": null, "GINE_QUI_D": null, "GINE_QUI_H": null, "CIRG_GRL_D": null, "CIRG_GRL_H": null, "TRAUMATO_D": null, "TRAUMATO_H": null, "TRAU_QUI_D": null, "TRAU_QUI_H": null, "OFTALMO_D": null, "OFTALMO_H": null, "OTORRINO_D": null, "OTORRINO_H": null, "UROLOGIA_D": null, "UROLOGIA_H": null, "UROL_QUI_D": null, "UROL_QUI_H": null, "CARDIO_D": null, "CARDIO_H": null }, "geometry": null },
{ "type": "Feature", "properties": { "ID": "28", "DEPTO": "Cochabamba", "COD_DEPTO": 30000, "NOM_EESS": "PS. Laimetoro", "COD_EESS": 300307, "DIRECCION": "a 169 km camino antiguo a santa cruz", "CONTACTO": "72234559", "HORARIO_ATN": null, "CONS_ENFER": null, "CONS_EXTER": "08:00 a 14:00", "URG_EMERG": "SI", "URG_EMER_D": "24 hrs - 7 dias de la semana", "INTERNACION": "NO", "INTERNAC_D": null, "N_CAMAS": "0", "N_CUNAS": "2", "AMBUL_TP_1": "0", "AMBUL_TP_2": "0", "AMBUL_TP_3": "0", "AMBUL_TP_4": "0", "ECOGRAF_D": null, "ECOGRAF_H": "0", "LAB_CLI_D": null, "LAB_CLI_H": null, "FARMAC_D": null, "FARMAC_H": null, "TELEMED_D": null, "TELEMED_H": null, "ODON_AMB_D": null, "ODON_AMB_H": null, "LAB_BAS_D": null, "LAB_BAS_H": null, "RAYOS_X_D": null, "RAYOS_X_H": null, "FISIOTRP_D": null, "FISIOTRP_H": null, "ECO_CARD_D": null, "ECO_CARD_H": null, "PEDIATRI_D": null, "PEDIATRI_H": null, "MED_INT_D": null, "MED_INT_H": null, "GINE_OBS_D": null, "GINE_OBS_H": null, "GINE_QUI_D": null, "GINE_QUI_H": null, "CIRG_GRL_D": null, "CIRG_GRL_H": null, "TRAUMATO_D": null, "TRAUMATO_H": null, "TRAU_QUI_D": null, "TRAU_QUI_H": null, "OFTALMO_D": null, "OFTALMO_H": null, "OTORRINO_D": null, "OTORRINO_H": null, "UROLOGIA_D": null, "UROLOGIA_H": null, "UROL_QUI_D": null, "UROL_QUI_H": null, "CARDIO_D": null, "CARDIO_H": null }, "geometry": null },
{ "type": "Feature", "properties": { "ID": "29", "DEPTO": "Cochabamba", "COD_DEPTO": 30000, "NOM_EESS": "PS. Sauce Pilapata", "COD_EESS": 300308, "DIRECCION": "a 20 km camino hacia omereque", "CONTACTO": "72234556", "HORARIO_ATN": null, "CONS_ENFER": "prevención/promoción: 08:00 a 14:00", "CONS_EXTER": null, "URG_EMERG": "SI", "URG_EMER_D": "Lunes a Viernes - 08:00 a 16:00", "INTERNACION": "NO", "INTERNAC_D": null, "N_CAMAS": "0", "N_CUNAS": "2", "AMBUL_TP_1": "0", "AMBUL_TP_2": "0", "AMBUL_TP_3": "0", "AMBUL_TP_4": "0", "ECOGRAF_D": null, "ECOGRAF_H": "0", "LAB_CLI_D": null, "LAB_CLI_H": null, "FARMAC_D": null, "FARMAC_H": null, "TELEMED_D": null, "TELEMED_H": null, "ODON_AMB_D": null, "ODON_AMB_H": null, "LAB_BAS_D": null, "LAB_BAS_H": null, "RAYOS_X_D": null, "RAYOS_X_H": null, "FISIOTRP_D": null, "FISIOTRP_H": null, "ECO_CARD_D": null, "ECO_CARD_H": null, "PEDIATRI_D": null, "PEDIATRI_H": null, "MED_INT_D": null, "MED_INT_H": null, "GINE_OBS_D": null, "GINE_OBS_H": null, "GINE_QUI_D": null, "GINE_QUI_H": null, "CIRG_GRL_D": null, "CIRG_GRL_H": null, "TRAUMATO_D": null, "TRAUMATO_H": null, "TRAU_QUI_D": null, "TRAU_QUI_H": null, "OFTALMO_D": null, "OFTALMO_H": null, "OTORRINO_D": null, "OTORRINO_H": null, "UROLOGIA_D": null, "UROLOGIA_H": null, "UROL_QUI_D": null, "UROL_QUI_H": null, "CARDIO_D": null, "CARDIO_H": null }, "geometry": null },
{ "type": "Feature", "properties": { "ID": "30", "DEPTO": "Cochabamba", "COD_DEPTO": 30000, "NOM_EESS": "PS. Tikapampa", "COD_EESS": 300309, "DIRECCION": "a 20 km camino hacia aiquile", "CONTACTO": "72234555", "HORARIO_ATN": null, "CONS_ENFER": "prevención/promoción: 08:00 a 16:00", "CONS_EXTER": null, "URG_EMERG": "SI", "URG_EMER_D": "Lunes a Viernes - 08:00 a 16:00", "INTERNACION": "NO", "INTERNAC_D": null, "N_CAMAS": "0", "N_CUNAS": "2", "AMBUL_TP_1": "0", "AMBUL_TP_2": "0", "AMBUL_TP_3": "0", "AMBUL_TP_4": "0", "ECOGRAF_D": null, "ECOGRAF_H": "0", "LAB_CLI_D": null, "LAB_CLI_H": null, "FARMAC_D": null, "FARMAC_H": null, "TELEMED_D": null, "TELEMED_H": null, "ODON_AMB_D": null, "ODON_AMB_H": null, "LAB_BAS_D": null, "LAB_BAS_H": null, "RAYOS_X_D": null, "RAYOS_X_H": null, "FISIOTRP_D": null, "FISIOTRP_H": null, "ECO_CARD_D": null, "ECO_CARD_H": null, "PEDIATRI_D": null, "PEDIATRI_H": null, "MED_INT_D": null, "MED_INT_H": null, "GINE_OBS_D": null, "GINE_OBS_H": null, "GINE_QUI_D": null, "GINE_QUI_H": null, "CIRG_GRL_D": null, "CIRG_GRL_H": null, "TRAUMATO_D": null, "TRAUMATO_H": null, "TRAU_QUI_D": null, "TRAU_QUI_H": null, "OFTALMO_D": null, "OFTALMO_H": null, "OTORRINO_D": null, "OTORRINO_H": null, "UROLOGIA_D": null, "UROLOGIA_H": null, "UROL_QUI_D": null, "UROL_QUI_H": null, "CARDIO_D": null, "CARDIO_H": null }, "geometry": null },
{ "type": "Feature", "properties": { "ID": "31", "DEPTO": "Cochabamba", "COD_DEPTO": 30000, "NOM_EESS": "H2. Hospital Totora", "COD_EESS": 300310, "DIRECCION": "calle general pando sin numero", "CONTACTO": "76481118", "HORARIO_ATN": null, "CONS_ENFER": null, "CONS_EXTER": "08:00 a 12:00 / 14:00 a 18:00", "URG_EMERG": "SI", "URG_EMER_D": "24 hrs - 7 dias de la semana", "INTERNACION": "SI", "INTERNAC_D": "24 hrs - 7 dias de la semana", "N_CAMAS": "24", "N_CUNAS": "4", "AMBUL_TP_1": "0", "AMBUL_TP_2": "0", "AMBUL_TP_3": "0", "AMBUL_TP_4": "2", "ECOGRAF_D": "Domingo - Lunes y Martes", "ECOGRAF_H": "08:00 a 18:00 hrs", "LAB_CLI_D": "Lunes a Domingo", "LAB_CLI_H": "08:00 a 14:00 hrs", "FARMAC_D": "Lunes a Domingo", "FARMAC_H": "08:00 a 14:00 hrs", "TELEMED_D": "Lunes a Viernes", "TELEMED_H": "08:00 a 14:00 hrs", "ODON_AMB_D": "Lunes a Domingo", "ODON_AMB_H": "08:00 a 18:00 hrs", "LAB_BAS_D": null, "LAB_BAS_H": null, "RAYOS_X_D": null, "RAYOS_X_H": "08:00 a 14:00 hrs", "FISIOTRP_D": "Lunes a Viernes", "FISIOTRP_H": "12 hrs", "ECO_CARD_D": "Domingo y Lunes - 6 hrs Martes", "ECO_CARD_H": "12 hrs", "PEDIATRI_D": "Lunes y Martes - 6 hrs Miercoles", "PEDIATRI_H": null, "MED_INT_D": null, "MED_INT_H": null, "GINE_OBS_D": "Domingo y Lunes - 6 hrs Martes", "GINE_OBS_H": "12 hrs", "GINE_QUI_D": null, "GINE_QUI_H": null, "CIRG_GRL_D": null, "CIRG_GRL_H": null, "TRAUMATO_D": null, "TRAUMATO_H": null, "TRAU_QUI_D": null, "TRAU_QUI_H": null, "OFTALMO_D": null, "OFTALMO_H": null, "OTORRINO_D": null, "OTORRINO_H": null, "UROLOGIA_D": null, "UROLOGIA_H": null, "UROL_QUI_D": null, "UROL_QUI_H": null, "CARDIO_D": null, "CARDIO_H": null }, "geometry": null },
{ "type": "Feature", "properties": { "ID": "32", "DEPTO": "Cochabamba", "COD_DEPTO": 30000, "NOM_EESS": "CSA. Challhuani", "COD_EESS": 300312, "DIRECCION": "comunidad challhuani - sobre el camino de acceso a la comunidad", "CONTACTO": "63952469", "HORARIO_ATN": "24 horas / 7 dias", "CONS_ENFER": null, "CONS_EXTER": "si, de 08:00 a 12:00 y de 14:00 a 18:00_lunes a domingo.", "URG_EMERG": "SI", "URG_EMER_D": "24 hrs - 7 dias de la semana", "INTERNACION": "SI", "INTERNAC_D": "24 hrs - 7 dias de la semana", "N_CAMAS": "2", "N_CUNAS": "0", "AMBUL_TP_1": "0", "AMBUL_TP_2": "0", "AMBUL_TP_3": "0", "AMBUL_TP_4": "0", "ECOGRAF_D": null, "ECOGRAF_H": null, "LAB_CLI_D": null, "LAB_CLI_H": null, "FARMAC_D": null, "FARMAC_H": null, "TELEMED_D": null, "TELEMED_H": null, "ODON_AMB_D": null, "ODON_AMB_H": null, "LAB_BAS_D": null, "LAB_BAS_H": null, "RAYOS_X_D": null, "RAYOS_X_H": null, "FISIOTRP_D": null, "FISIOTRP_H": null, "ECO_CARD_D": null, "ECO_CARD_H": null, "PEDIATRI_D": null, "PEDIATRI_H": null, "MED_INT_D": null, "MED_INT_H": null, "GINE_OBS_D": null, "GINE_OBS_H": null, "GINE_QUI_D": null, "GINE_QUI_H": null, "CIRG_GRL_D": null, "CIRG_GRL_H": null, "TRAUMATO_D": null, "TRAUMATO_H": null, "TRAU_QUI_D": null, "TRAU_QUI_H": null, "OFTALMO_D": null, "OFTALMO_H": null, "OTORRINO_D": null, "OTORRINO_H": null, "UROLOGIA_D": null, "UROLOGIA_H": null, "UROL_QUI_D": null, "UROL_QUI_H": null, "CARDIO_D": null, "CARDIO_H": null }, "geometry": null },
{ "type": "Feature", "properties": { "ID": "33", "DEPTO": "Cochabamba", "COD_DEPTO": 30000, "NOM_EESS": "CScI. Dian Pampa", "COD_EESS": 300314, "DIRECCION": "comunidad dian pampa - frente a plaza principal.", "CONTACTO": "67543046", "HORARIO_ATN": "8 horas / lunes a domingo por 20 dias", "CONS_ENFER": "promoción y prevención, de 08:00 a 12:00 y 14:00 a 18:00, 20 dias al mes", "CONS_EXTER": null, "URG_EMERG": "SI", "URG_EMER_D": "Lunes a Domingo - 08:00 a 18:00 (20 dias)", "INTERNACION": "NO", "INTERNAC_D": null, "N_CAMAS": "0", "N_CUNAS": "1", "AMBUL_TP_1": "0", "AMBUL_TP_2": "0", "AMBUL_TP_3": "0", "AMBUL_TP_4": "0", "ECOGRAF_D": null, "ECOGRAF_H": "0", "LAB_CLI_D": null, "LAB_CLI_H": null, "FARMAC_D": null, "FARMAC_H": null, "TELEMED_D": null, "TELEMED_H": null, "ODON_AMB_D": null, "ODON_AMB_H": null, "LAB_BAS_D": null, "LAB_BAS_H": null, "RAYOS_X_D": null, "RAYOS_X_H": null, "FISIOTRP_D": null, "FISIOTRP_H": null, "ECO_CARD_D": null, "ECO_CARD_H": null, "PEDIATRI_D": null, "PEDIATRI_H": null, "MED_INT_D": null, "MED_INT_H": null, "GINE_OBS_D": null, "GINE_OBS_H": null, "GINE_QUI_D": null, "GINE_QUI_H": null, "CIRG_GRL_D": null, "CIRG_GRL_H": null, "TRAUMATO_D": null, "TRAUMATO_H": null, "TRAU_QUI_D": null, "TRAU_QUI_H": null, "OFTALMO_D": null, "OFTALMO_H": null, "OTORRINO_D": null, "OTORRINO_H": null, "UROLOGIA_D": null, "UROLOGIA_H": null, "UROL_QUI_D": null, "UROL_QUI_H": null, "CARDIO_D": null, "CARDIO_H": null }, "geometry": null },
{ "type": "Feature", "properties": { "ID": "34", "DEPTO": "Cochabamba", "COD_DEPTO": 30000, "NOM_EESS": "CSA. Karawasi", "COD_EESS": 300317, "DIRECCION": "comunidcad karahuasi - frente al colegio.", "CONTACTO": "74312485", "HORARIO_ATN": "24 horas / 7 dias", "CONS_ENFER": null, "CONS_EXTER": "si, de 08:00 a 12:00 y de 14:00 a 18:00_lunes a domingo.", "URG_EMERG": "SI", "URG_EMER_D": "24 hrs - 7 dias de la semana", "INTERNACION": "SI", "INTERNAC_D": "24 hrs - 7 dias de la semana", "N_CAMAS": "2", "N_CUNAS": "0", "AMBUL_TP_1": "0", "AMBUL_TP_2": "0", "AMBUL_TP_3": "0", "AMBUL_TP_4": "0", "ECOGRAF_D": null, "ECOGRAF_H": null, "LAB_CLI_D": null, "LAB_CLI_H": null, "FARMAC_D": null, "FARMAC_H": null, "TELEMED_D": null, "TELEMED_H": null, "ODON_AMB_D": null, "ODON_AMB_H": null, "LAB_BAS_D": null, "LAB_BAS_H": null, "RAYOS_X_D": null, "RAYOS_X_H": null, "FISIOTRP_D": null, "FISIOTRP_H": null, "ECO_CARD_D": null, "ECO_CARD_H": null, "PEDIATRI_D": null, "PEDIATRI_H": null, "MED_INT_D": null, "MED_INT_H": null, "GINE_OBS_D": null, "GINE_OBS_H": null, "GINE_QUI_D": null, "GINE_QUI_H": null, "CIRG_GRL_D": null, "CIRG_GRL_H": null, "TRAUMATO_D": null, "TRAUMATO_H": null, "TRAU_QUI_D": null, "TRAU_QUI_H": null, "OFTALMO_D": null, "OFTALMO_H": null, "OTORRINO_D": null, "OTORRINO_H": null, "UROLOGIA_D": null, "UROLOGIA_H": null, "UROL_QUI_D": null, "UROL_QUI_H": null, "CARDIO_D": null, "CARDIO_H": null }, "geometry": null },
{ "type": "Feature", "properties": { "ID": "35", "DEPTO": "Cochabamba", "COD_DEPTO": 30000, "NOM_EESS": "CScI. San Miguel", "COD_EESS": 300320, "DIRECCION": "comunidad pojo - calles sucre y mamoré. sn.", "CONTACTO": "71727236", "HORARIO_ATN": "24 horas / 7 dias", "CONS_ENFER": null, "CONS_EXTER": "si, de 08:00 a 12:00 y de 14:00 a 18:00_lunes a domingo.", "URG_EMERG": "SI", "URG_EMER_D": "24 hrs - 7 dias de la semana", "INTERNACION": "SI", "INTERNAC_D": "24 hrs - 7 dias de la semana", "N_CAMAS": "6", "N_CUNAS": "0", "AMBUL_TP_1": "3", "AMBUL_TP_2": "0", "AMBUL_TP_3": "0", "AMBUL_TP_4": "0", "ECOGRAF_D": "un día a la semana", "ECOGRAF_H": "08:00 a 12:00 y 14:00 a 18:00", "LAB_CLI_D": null, "LAB_CLI_H": null, "FARMAC_D": "24 horas", "FARMAC_H": null, "TELEMED_D": "08:00 a 12:00 y 14:00 a 18:00", "TELEMED_H": "7 dias", "ODON_AMB_D": "Lunes a viernes", "ODON_AMB_H": "08:00 a 12:00 y 14:00 a 18:00", "LAB_BAS_D": "Lunes a viernes", "LAB_BAS_H": null, "RAYOS_X_D": null, "RAYOS_X_H": null, "FISIOTRP_D": null, "FISIOTRP_H": null, "ECO_CARD_D": null, "ECO_CARD_H": null, "PEDIATRI_D": null, "PEDIATRI_H": null, "MED_INT_D": null, "MED_INT_H": null, "GINE_OBS_D": null, "GINE_OBS_H": null, "GINE_QUI_D": null, "GINE_QUI_H": null, "CIRG_GRL_D": null, "CIRG_GRL_H": null, "TRAUMATO_D": null, "TRAUMATO_H": null, "TRAU_QUI_D": null, "TRAU_QUI_H": null, "OFTALMO_D": null, "OFTALMO_H": null, "OTORRINO_D": null, "OTORRINO_H": null, "UROLOGIA_D": null, "UROLOGIA_H": null, "UROL_QUI_D": null, "UROL_QUI_H": null, "CARDIO_D": null, "CARDIO_H": null }, "geometry": null },
{ "type": "Feature", "properties": { "ID": "36", "DEPTO": "Cochabamba", "COD_DEPTO": 30000, "NOM_EESS": "PS. Rodeo Adentro", "COD_EESS": 300321, "DIRECCION": "comunidad rodeo adentro - sobre el camino.", "CONTACTO": "71493879", "HORARIO_ATN": "8 horas / lunes a domingo por 20 dias", "CONS_ENFER": "promoción y prevención, de 08:00 a 12:00 y 14:00 a 18:00, 20 dias al mes", "CONS_EXTER": null, "URG_EMERG": "SI", "URG_EMER_D": "Lunes a Domingo - 08:00 a 18:00 (20 dias)", "INTERNACION": "NO", "INTERNAC_D": null, "N_CAMAS": "0", "N_CUNAS": "1", "AMBUL_TP_1": "0", "AMBUL_TP_2": "0", "AMBUL_TP_3": "0", "AMBUL_TP_4": "0", "ECOGRAF_D": null, "ECOGRAF_H": "0", "LAB_CLI_D": null, "LAB_CLI_H": null, "FARMAC_D": null, "FARMAC_H": null, "TELEMED_D": null, "TELEMED_H": null, "ODON_AMB_D": null, "ODON_AMB_H": null, "LAB_BAS_D": null, "LAB_BAS_H": null, "RAYOS_X_D": null, "RAYOS_X_H": null, "FISIOTRP_D": null, "FISIOTRP_H": null, "ECO_CARD_D": null, "ECO_CARD_H": null, "PEDIATRI_D": null, "PEDIATRI_H": null, "MED_INT_D": null, "MED_INT_H": null, "GINE_OBS_D": null, "GINE_OBS_H": null, "GINE_QUI_D": null, "GINE_QUI_H": null, "CIRG_GRL_D": null, "CIRG_GRL_H": null, "TRAUMATO_D": null, "TRAUMATO_H": null, "TRAU_QUI_D": null, "TRAU_QUI_H": null, "OFTALMO_D": null, "OFTALMO_H": null, "OTORRINO_D": null, "OTORRINO_H": null, "UROLOGIA_D": null, "UROLOGIA_H": null, "UROL_QUI_D": null, "UROL_QUI_H": null, "CARDIO_D": null, "CARDIO_H": null }, "geometry": null },
{ "type": "Feature", "properties": { "ID": "37", "DEPTO": "Cochabamba", "COD_DEPTO": 30000, "NOM_EESS": "CScI. Yuthupampa", "COD_EESS": 300322, "DIRECCION": "sobre la carretera antigua cochabamba-santa cruz. al lado del mercado central.", "CONTACTO": "72205188", "HORARIO_ATN": "24 horas / 7 dias", "CONS_ENFER": null, "CONS_EXTER": "si, de 08:00 a 12:00 y de 14:00 a 18:00_lunes a domingo.", "URG_EMERG": "SI", "URG_EMER_D": "24 hrs - 7 dias de la semana", "INTERNACION": "SI", "INTERNAC_D": "24 hrs - 7 dias de la semana", "N_CAMAS": "1", "N_CUNAS": "0", "AMBUL_TP_1": "0", "AMBUL_TP_2": "0", "AMBUL_TP_3": "0", "AMBUL_TP_4": "0", "ECOGRAF_D": null, "ECOGRAF_H": null, "LAB_CLI_D": null, "LAB_CLI_H": null, "FARMAC_D": null, "FARMAC_H": null, "TELEMED_D": null, "TELEMED_H": null, "ODON_AMB_D": null, "ODON_AMB_H": null, "LAB_BAS_D": null, "LAB_BAS_H": null, "RAYOS_X_D": null, "RAYOS_X_H": null, "FISIOTRP_D": null, "FISIOTRP_H": null, "ECO_CARD_D": null, "ECO_CARD_H": null, "PEDIATRI_D": null, "PEDIATRI_H": null, "MED_INT_D": null, "MED_INT_H": null, "GINE_OBS_D": null, "GINE_OBS_H": null, "GINE_QUI_D": null, "GINE_QUI_H": null, "CIRG_GRL_D": null, "CIRG_GRL_H": null, "TRAUMATO_D": null, "TRAUMATO_H": null, "TRAU_QUI_D": null, "TRAU_QUI_H": null, "OFTALMO_D": null, "OFTALMO_H": null, "OTORRINO_D": null, "OTORRINO_H": null, "UROLOGIA_D": null, "UROLOGIA_H": null, "UROL_QUI_D": null, "UROL_QUI_H": null, "CARDIO_D": null, "CARDIO_H": null }, "geometry": null },
{ "type": "Feature", "properties": { "ID": "38", "DEPTO": "Cochabamba", "COD_DEPTO": 30000, "NOM_EESS": "PS. La Villa", "COD_EESS": 300377, "DIRECCION": "comunidad cursani", "CONTACTO": "dra. mirian quiruchi cel 78325153", "HORARIO_ATN": "6 horas/5 dias", "CONS_ENFER": null, "CONS_EXTER": "8:00 a 14:00, de lunes a viernes", "URG_EMERG": "Si", "URG_EMER_D": "8:00 a 14:00 de lunes a viernes", "INTERNACION": "no", "INTERNAC_D": null, "N_CAMAS": "0", "N_CUNAS": "0", "AMBUL_TP_1": "0", "AMBUL_TP_2": "1", "AMBUL_TP_3": "0", "AMBUL_TP_4": "0", "ECOGRAF_D": null, "ECOGRAF_H": null, "LAB_CLI_D": null, "LAB_CLI_H": null, "FARMAC_D": null, "FARMAC_H": null, "TELEMED_D": null, "TELEMED_H": null, "ODON_AMB_D": null, "ODON_AMB_H": null, "LAB_BAS_D": null, "LAB_BAS_H": null, "RAYOS_X_D": null, "RAYOS_X_H": null, "FISIOTRP_D": null, "FISIOTRP_H": null, "ECO_CARD_D": null, "ECO_CARD_H": null, "PEDIATRI_D": null, "PEDIATRI_H": null, "MED_INT_D": null, "MED_INT_H": null, "GINE_OBS_D": null, "GINE_OBS_H": null, "GINE_QUI_D": null, "GINE_QUI_H": null, "CIRG_GRL_D": null, "CIRG_GRL_H": null, "TRAUMATO_D": null, "TRAUMATO_H": null, "TRAU_QUI_D": null, "TRAU_QUI_H": null, "OFTALMO_D": null, "OFTALMO_H": null, "OTORRINO_D": null, "OTORRINO_H": null, "UROLOGIA_D": null, "UROLOGIA_H": null, "UROL_QUI_D": null, "UROL_QUI_H": null, "CARDIO_D": null, "CARDIO_H": null }, "geometry": null },
{ "type": "Feature", "properties": { "ID": "39", "DEPTO": "Cochabamba", "COD_DEPTO": 30000, "NOM_EESS": "H2. Hospital Punata \"Manuel A.Villarroel\"", "COD_EESS": 300378, "DIRECCION": "calle cobija entre hnos hinojosa y dr. ruben ferrufino", "CONTACTO": "telef. 4577019, dr. gonzalo castro cel:74823444", "HORARIO_ATN": "24 horas 7 dias", "CONS_ENFER": null, "CONS_EXTER": "horario: 8:00 a 14:00, lunes a viernes", "URG_EMERG": "SI", "URG_EMER_D": "24 hrs - 7 dias de la semana", "INTERNACION": "SI", "INTERNAC_D": "24 hrs - 7 dias de la semana", "N_CAMAS": "101", "N_CUNAS": "9", "AMBUL_TP_1": "10", "AMBUL_TP_2": "1", "AMBUL_TP_3": "1", "AMBUL_TP_4": "1", "ECOGRAF_D": "Lunes a Viernes", "ECOGRAF_H": "08:00 a 18:00 pm", "LAB_CLI_D": "Lunes a Domingo", "LAB_CLI_H": "24 horas", "FARMAC_D": "Lunes a Domingo", "FARMAC_H": "24 horas", "TELEMED_D": null, "TELEMED_H": null, "ODON_AMB_D": "lunes a viernes", "ODON_AMB_H": "08:00 a 14:00 pm", "LAB_BAS_D": null, "LAB_BAS_H": null, "RAYOS_X_D": "lunes a domingo", "RAYOS_X_H": "24 horas", "FISIOTRP_D": "lunes a viernes", "FISIOTRP_H": "08:00 a 14:00 pm", "ECO_CARD_D": "lunes a viernes", "ECO_CARD_H": "08:00 a 14:00 pm", "PEDIATRI_D": "Lunes a Sabado", "PEDIATRI_H": "08:00 a 18:00 pm", "MED_INT_D": "Lunes a Viernes", "MED_INT_H": "08:00 a 14:00 pm", "GINE_OBS_D": "Lunes a Viernes", "GINE_OBS_H": "08:00 a 18:00 pm", "GINE_QUI_D": "lunes a domingo", "GINE_QUI_H": "24 horas", "CIRG_GRL_D": "lunes a domingo", "CIRG_GRL_H": "24 horas", "TRAUMATO_D": "Lunes a Viernes", "TRAUMATO_H": "08:00 a 18:00 pm", "TRAU_QUI_D": "lunes a sabado", "TRAU_QUI_H": "08:00 a 18:00 pm", "OFTALMO_D": "Lunes a Viernes", "OFTALMO_H": "08:00 a 14:00 pm", "OTORRINO_D": "lunes a viernes", "OTORRINO_H": "8:00 a 18:00", "UROLOGIA_D": "lunes a viernes", "UROLOGIA_H": "8:00 a 14:00", "UROL_QUI_D": "lunes a viernes", "UROL_QUI_H": "08:00 a 14:00 p", "CARDIO_D": "lunes a viernes", "CARDIO_H": "08:00 a 18:00" }, "geometry": null },
{ "type": "Feature", "properties": { "ID": "40", "DEPTO": "Cochabamba", "COD_DEPTO": 30000, "NOM_EESS": "PS. Punata", "COD_EESS": 300379, "DIRECCION": "av. ruben ferrufino entre hns hinojosa y cobija", "CONTACTO": "telefono: 4787332", "HORARIO_ATN": "6 horas/5 dias de la semana", "CONS_ENFER": null, "CONS_EXTER": "8:00 a 14:00, de lunes a viernes", "URG_EMERG": "SI", "URG_EMER_D": "Lunes a Viernes - 08:00 a 14:00", "INTERNACION": "NO", "INTERNAC_D": null, "N_CAMAS": "0", "N_CUNAS": "0", "AMBUL_TP_1": "0", "AMBUL_TP_2": "1", "AMBUL_TP_3": "0", "AMBUL_TP_4": "0", "ECOGRAF_D": null, "ECOGRAF_H": "0", "LAB_CLI_D": null, "LAB_CLI_H": null, "FARMAC_D": null, "FARMAC_H": null, "TELEMED_D": null, "TELEMED_H": null, "ODON_AMB_D": null, "ODON_AMB_H": null, "LAB_BAS_D": null, "LAB_BAS_H": null, "RAYOS_X_D": null, "RAYOS_X_H": null, "FISIOTRP_D": null, "FISIOTRP_H": null, "ECO_CARD_D": null, "ECO_CARD_H": null, "PEDIATRI_D": null, "PEDIATRI_H": null, "MED_INT_D": null, "MED_INT_H": null, "GINE_OBS_D": null, "GINE_OBS_H": null, "GINE_QUI_D": null, "GINE_QUI_H": null, "CIRG_GRL_D": null, "CIRG_GRL_H": null, "TRAUMATO_D": null, "TRAUMATO_H": null, "TRAU_QUI_D": null, "TRAU_QUI_H": null, "OFTALMO_D": null, "OFTALMO_H": null, "OTORRINO_D": null, "OTORRINO_H": null, "UROLOGIA_D": null, "UROLOGIA_H": null, "UROL_QUI_D": null, "UROL_QUI_H": null, "CARDIO_D": null, "CARDIO_H": null }, "geometry": null },
{ "type": "Feature", "properties": { "ID": "41", "DEPTO": "Cochabamba", "COD_DEPTO": 30000, "NOM_EESS": "PS. Virgen de Guadalupe", "COD_EESS": 300381, "DIRECCION": "comunidad de pampa grande frente a la u.e.boliviano japonez guadalupano", "CONTACTO": "dra.maria r. torrico cel:74339833", "HORARIO_ATN": "6 horas/5 dias de la semana", "CONS_ENFER": null, "CONS_EXTER": "8:00 a 14:00, de lunes a viernes", "URG_EMERG": "SI", "URG_EMER_D": "Lunes a Viernes - 08:00 a 14:00", "INTERNACION": "NO", "INTERNAC_D": null, "N_CAMAS": "0", "N_CUNAS": "0", "AMBUL_TP_1": "0", "AMBUL_TP_2": "1", "AMBUL_TP_3": "0", "AMBUL_TP_4": "0", "ECOGRAF_D": null, "ECOGRAF_H": "0", "LAB_CLI_D": null, "LAB_CLI_H": null, "FARMAC_D": null, "FARMAC_H": null, "TELEMED_D": null, "TELEMED_H": null, "ODON_AMB_D": null, "ODON_AMB_H": null, "LAB_BAS_D": null, "LAB_BAS_H": null, "RAYOS_X_D": null, "RAYOS_X_H": null, "FISIOTRP_D": null, "FISIOTRP_H": null, "ECO_CARD_D": null, "ECO_CARD_H": null, "PEDIATRI_D": null, "PEDIATRI_H": null, "MED_INT_D": null, "MED_INT_H": null, "GINE_OBS_D": null, "GINE_OBS_H": null, "GINE_QUI_D": null, "GINE_QUI_H": null, "CIRG_GRL_D": null, "CIRG_GRL_H": null, "TRAUMATO_D": null, "TRAUMATO_H": null, "TRAU_QUI_D": null, "TRAU_QUI_H": null, "OFTALMO_D": null, "OFTALMO_H": null, "OTORRINO_D": null, "OTORRINO_H": null, "UROLOGIA_D": null, "UROLOGIA_H": null, "UROL_QUI_D": null, "UROL_QUI_H": null, "CARDIO_D": null, "CARDIO_H": null }, "geometry": null },
{ "type": "Feature", "properties": { "ID": "42", "DEPTO": "Cochabamba", "COD_DEPTO": 30000, "NOM_EESS": "CScI. Leon Rancho", "COD_EESS": 300382, "DIRECCION": "comunidad de leon rancho", "CONTACTO": "dra albina loza cel. 72798116", "HORARIO_ATN": "6 horas/5 dias de la semana", "CONS_ENFER": null, "CONS_EXTER": "8:00 a 14:00, de lunes a viernes", "URG_EMERG": "SI", "URG_EMER_D": "Lunes a Viernes - 08:00 a 14:00", "INTERNACION": "NO", "INTERNAC_D": null, "N_CAMAS": "0", "N_CUNAS": "0", "AMBUL_TP_1": "0", "AMBUL_TP_2": "1", "AMBUL_TP_3": "0", "AMBUL_TP_4": "0", "ECOGRAF_D": null, "ECOGRAF_H": "0", "LAB_CLI_D": null, "LAB_CLI_H": null, "FARMAC_D": null, "FARMAC_H": null, "TELEMED_D": null, "TELEMED_H": null, "ODON_AMB_D": null, "ODON_AMB_H": null, "LAB_BAS_D": null, "LAB_BAS_H": null, "RAYOS_X_D": null, "RAYOS_X_H": null, "FISIOTRP_D": null, "FISIOTRP_H": null, "ECO_CARD_D": null, "ECO_CARD_H": null, "PEDIATRI_D": null, "PEDIATRI_H": null, "MED_INT_D": null, "MED_INT_H": null, "GINE_OBS_D": null, "GINE_OBS_H": null, "GINE_QUI_D": null, "GINE_QUI_H": null, "CIRG_GRL_D": null, "CIRG_GRL_H": null, "TRAUMATO_D": null, "TRAUMATO_H": null, "TRAU_QUI_D": null, "TRAU_QUI_H": null, "OFTALMO_D": null, "OFTALMO_H": null, "OTORRINO_D": null, "OTORRINO_H": null, "UROLOGIA_D": null, "UROLOGIA_H": null, "UROL_QUI_D": null, "UROL_QUI_H": null, "CARDIO_D": null, "CARDIO_H": null }, "geometry": null },
{ "type": "Feature", "properties": { "ID": "43", "DEPTO": "Cochabamba", "COD_DEPTO": 30000, "NOM_EESS": "PS. Tajamar", "COD_EESS": 300383, "DIRECCION": "comunidad tajmar carretera punata - cliza", "CONTACTO": "67581696 dra. carina illanes", "HORARIO_ATN": "6 horas/5 dias", "CONS_ENFER": null, "CONS_EXTER": "8:00 a 14:00, de lunes a viernes", "URG_EMERG": "Si", "URG_EMER_D": "Lunes a Viernes - 08:00 a 14:00", "INTERNACION": "no", "INTERNAC_D": null, "N_CAMAS": "0", "N_CUNAS": "0", "AMBUL_TP_1": "0", "AMBUL_TP_2": "1", "AMBUL_TP_3": "0", "AMBUL_TP_4": "0", "ECOGRAF_D": null, "ECOGRAF_H": null, "LAB_CLI_D": null, "LAB_CLI_H": null, "FARMAC_D": null, "FARMAC_H": null, "TELEMED_D": null, "TELEMED_H": null, "ODON_AMB_D": null, "ODON_AMB_H": null, "LAB_BAS_D": null, "LAB_BAS_H": null, "RAYOS_X_D": null, "RAYOS_X_H": null, "FISIOTRP_D": null, "FISIOTRP_H": null, "ECO_CARD_D": null, "ECO_CARD_H": null, "PEDIATRI_D": null, "PEDIATRI_H": null, "MED_INT_D": null, "MED_INT_H": null, "GINE_OBS_D": null, "GINE_OBS_H": null, "GINE_QUI_D": null, "GINE_QUI_H": null, "CIRG_GRL_D": null, "CIRG_GRL_H": null, "TRAUMATO_D": null, "TRAUMATO_H": null, "TRAU_QUI_D": null, "TRAU_QUI_H": null, "OFTALMO_D": null, "OFTALMO_H": null, "OTORRINO_D": null, "OTORRINO_H": null, "UROLOGIA_D": null, "UROLOGIA_H": null, "UROL_QUI_D": null, "UROL_QUI_H": null, "CARDIO_D": null, "CARDIO_H": null }, "geometry": null },
{ "type": "Feature", "properties": { "ID": "44", "DEPTO": "Cochabamba", "COD_DEPTO": 30000, "NOM_EESS": "PS. Laguna Sulti", "COD_EESS": 300384, "DIRECCION": "av. libertadores carretera cliza - punata", "CONTACTO": "Cel. 60761234 (dra. claudia zerna)", "HORARIO_ATN": "6 horas/5 dias", "CONS_ENFER": null, "CONS_EXTER": "8:00 a 14:00, de lunes a viernes", "URG_EMERG": "Si", "URG_EMER_D": "Lunes a Viernes - 08:00 a 14:00", "INTERNACION": "no", "INTERNAC_D": null, "N_CAMAS": "0", "N_CUNAS": "0", "AMBUL_TP_1": "0", "AMBUL_TP_2": "1", "AMBUL_TP_3": "0", "AMBUL_TP_4": "0", "ECOGRAF_D": null, "ECOGRAF_H": null, "LAB_CLI_D": null, "LAB_CLI_H": null, "FARMAC_D": null, "FARMAC_H": null, "TELEMED_D": null, "TELEMED_H": null, "ODON_AMB_D": null, "ODON_AMB_H": null, "LAB_BAS_D": null, "LAB_BAS_H": null, "RAYOS_X_D": null, "RAYOS_X_H": null, "FISIOTRP_D": null, "FISIOTRP_H": null, "ECO_CARD_D": null, "ECO_CARD_H": null, "PEDIATRI_D": null, "PEDIATRI_H": null, "MED_INT_D": null, "MED_INT_H": null, "GINE_OBS_D": null, "GINE_OBS_H": null, "GINE_QUI_D": null, "GINE_QUI_H": null, "CIRG_GRL_D": null, "CIRG_GRL_H": null, "TRAUMATO_D": null, "TRAUMATO_H": null, "TRAU_QUI_D": null, "TRAU_QUI_H": null, "OFTALMO_D": null, "OFTALMO_H": null, "OTORRINO_D": null, "OTORRINO_H": null, "UROLOGIA_D": null, "UROLOGIA_H": null, "UROL_QUI_D": null, "UROL_QUI_H": null, "CARDIO_D": null, "CARDIO_H": null }, "geometry": null },
{ "type": "Feature", "properties": { "ID": "45", "DEPTO": "Cochabamba", "COD_DEPTO": 30000, "NOM_EESS": "PS. Cursani", "COD_EESS": 300388, "DIRECCION": "comunidad cursani", "CONTACTO": "dr. ruben mamani cel: 71403287", "HORARIO_ATN": "6 horas/5 dias", "CONS_ENFER": null, "CONS_EXTER": "8:00 a 14:00, de lunes a viernes", "URG_EMERG": "Si", "URG_EMER_D": "8:00 a 14:00 de lunes a viernes", "INTERNACION": "no", "INTERNAC_D": null, "N_CAMAS": "0", "N_CUNAS": "0", "AMBUL_TP_1": "0", "AMBUL_TP_2": "1", "AMBUL_TP_3": "0", "AMBUL_TP_4": "0", "ECOGRAF_D": null, "ECOGRAF_H": null, "LAB_CLI_D": null, "LAB_CLI_H": null, "FARMAC_D": null, "FARMAC_H": null, "TELEMED_D": null, "TELEMED_H": null, "ODON_AMB_D": null, "ODON_AMB_H": null, "LAB_BAS_D": null, "LAB_BAS_H": null, "RAYOS_X_D": null, "RAYOS_X_H": null, "FISIOTRP_D": null, "FISIOTRP_H": null, "ECO_CARD_D": null, "ECO_CARD_H": null, "PEDIATRI_D": null, "PEDIATRI_H": null, "MED_INT_D": null, "MED_INT_H": null, "GINE_OBS_D": null, "GINE_OBS_H": null, "GINE_QUI_D": null, "GINE_QUI_H": null, "CIRG_GRL_D": null, "CIRG_GRL_H": null, "TRAUMATO_D": null, "TRAUMATO_H": null, "TRAU_QUI_D": null, "TRAU_QUI_H": null, "OFTALMO_D": null, "OFTALMO_H": null, "OTORRINO_D": null, "OTORRINO_H": null, "UROLOGIA_D": null, "UROLOGIA_H": null, "UROL_QUI_D": null, "UROL_QUI_H": null, "CARDIO_D": null, "CARDIO_H": null }, "geometry": null },
{ "type": "Feature", "properties": { "ID": "46", "DEPTO": "Cochabamba", "COD_DEPTO": 30000, "NOM_EESS": "PS. Palca", "COD_EESS": 300476, "DIRECCION": "comunidad palca", "CONTACTO": "68458070", "HORARIO_ATN": "8 horas / lunes a domingo por 20 dias", "CONS_ENFER": "promoción y prevención, de 08:00 a 12:00 y 14:00 a 18:00, 20 dias al mes", "CONS_EXTER": "horas 8:00 a 14:00, lunes a viernes", "URG_EMERG": "SI", "URG_EMER_D": "Lunes a Domingo - 08:00 a 18:00 (20 dias)", "INTERNACION": "NO", "INTERNAC_D": null, "N_CAMAS": "1", "N_CUNAS": "1", "AMBUL_TP_1": "0", "AMBUL_TP_2": "0", "AMBUL_TP_3": "0", "AMBUL_TP_4": "0", "ECOGRAF_D": null, "ECOGRAF_H": "0", "LAB_CLI_D": null, "LAB_CLI_H": null, "FARMAC_D": null, "FARMAC_H": null, "TELEMED_D": null, "TELEMED_H": null, "ODON_AMB_D": null, "ODON_AMB_H": null, "LAB_BAS_D": null, "LAB_BAS_H": null, "RAYOS_X_D": null, "RAYOS_X_H": null, "FISIOTRP_D": null, "FISIOTRP_H": null, "ECO_CARD_D": null, "ECO_CARD_H": null, "PEDIATRI_D": null, "PEDIATRI_H": null, "MED_INT_D": null, "MED_INT_H": null, "GINE_OBS_D": null, "GINE_OBS_H": null, "GINE_QUI_D": null, "GINE_QUI_H": null, "CIRG_GRL_D": null, "CIRG_GRL_H": null, "TRAUMATO_D": null, "TRAUMATO_H": null, "TRAU_QUI_D": null, "TRAU_QUI_H": null, "OFTALMO_D": null, "OFTALMO_H": null, "OTORRINO_D": null, "OTORRINO_H": null, "UROLOGIA_D": null, "UROLOGIA_H": null, "UROL_QUI_D": null, "UROL_QUI_H": null, "CARDIO_D": null, "CARDIO_H": null }, "geometry": null },
{ "type": "Feature", "properties": { "ID": "47", "DEPTO": "Cochabamba", "COD_DEPTO": 30000, "NOM_EESS": "PS. Capilla", "COD_EESS": 300479, "DIRECCION": "capilla antigua, parada de taxis rosario", "CONTACTO": "72209294 (dra. esther yale )", "HORARIO_ATN": "6 horas/5 dias", "CONS_ENFER": null, "CONS_EXTER": "8:00 a 14:00, de lunes a viernes", "URG_EMERG": "Si", "URG_EMER_D": "8:00 a 14:00 de lunes a viernes", "INTERNACION": "no", "INTERNAC_D": null, "N_CAMAS": "0", "N_CUNAS": "0", "AMBUL_TP_1": "0", "AMBUL_TP_2": "1", "AMBUL_TP_3": "0", "AMBUL_TP_4": "0", "ECOGRAF_D": null, "ECOGRAF_H": null, "LAB_CLI_D": null, "LAB_CLI_H": null, "FARMAC_D": null, "FARMAC_H": null, "TELEMED_D": null, "TELEMED_H": null, "ODON_AMB_D": null, "ODON_AMB_H": null, "LAB_BAS_D": null, "LAB_BAS_H": null, "RAYOS_X_D": null, "RAYOS_X_H": null, "FISIOTRP_D": null, "FISIOTRP_H": null, "ECO_CARD_D": null, "ECO_CARD_H": null, "PEDIATRI_D": null, "PEDIATRI_H": null, "MED_INT_D": null, "MED_INT_H": null, "GINE_OBS_D": null, "GINE_OBS_H": null, "GINE_QUI_D": null, "GINE_QUI_H": null, "CIRG_GRL_D": null, "CIRG_GRL_H": null, "TRAUMATO_D": null, "TRAUMATO_H": null, "TRAU_QUI_D": null, "TRAU_QUI_H": null, "OFTALMO_D": null, "OFTALMO_H": null, "OTORRINO_D": null, "OTORRINO_H": null, "UROLOGIA_D": null, "UROLOGIA_H": null, "UROL_QUI_D": null, "UROL_QUI_H": null, "CARDIO_D": null, "CARDIO_H": null }, "geometry": null },
{ "type": "Feature", "properties": { "ID": "48", "DEPTO": "Cochabamba", "COD_DEPTO": 30000, "NOM_EESS": "PS. Aramasi", "COD_EESS": 300496, "DIRECCION": "linde aramasi", "CONTACTO": null, "HORARIO_ATN": "6 horas de lunes a viernes", "CONS_ENFER": null, "CONS_EXTER": "8:00 a 16:00, lunes a viernes", "URG_EMERG": "Si", "URG_EMER_D": "8 horas 5 dias", "INTERNACION": "no", "INTERNAC_D": null, "N_CAMAS": "0", "N_CUNAS": "0", "AMBUL_TP_1": "0", "AMBUL_TP_2": "0", "AMBUL_TP_3": "0", "AMBUL_TP_4": "0", "ECOGRAF_D": null, "ECOGRAF_H": null, "LAB_CLI_D": null, "LAB_CLI_H": null, "FARMAC_D": null, "FARMAC_H": null, "TELEMED_D": null, "TELEMED_H": null, "ODON_AMB_D": null, "ODON_AMB_H": null, "LAB_BAS_D": null, "LAB_BAS_H": null, "RAYOS_X_D": null, "RAYOS_X_H": null, "FISIOTRP_D": null, "FISIOTRP_H": null, "ECO_CARD_D": null, "ECO_CARD_H": null, "PEDIATRI_D": null, "PEDIATRI_H": null, "MED_INT_D": null, "MED_INT_H": null, "GINE_OBS_D": null, "GINE_OBS_H": null, "GINE_QUI_D": null, "GINE_QUI_H": null, "CIRG_GRL_D": null, "CIRG_GRL_H": null, "TRAUMATO_D": null, "TRAUMATO_H": null, "TRAU_QUI_D": null, "TRAU_QUI_H": null, "OFTALMO_D": null, "OFTALMO_H": null, "OTORRINO_D": null, "OTORRINO_H": null, "UROLOGIA_D": null, "UROLOGIA_H": null, "UROL_QUI_D": null, "UROL_QUI_H": null, "CARDIO_D": null, "CARDIO_H": null }, "geometry": null },
{ "type": "Feature", "properties": { "ID": "49", "DEPTO": "Cochabamba", "COD_DEPTO": 30000, "NOM_EESS": "CScI. Arani", "COD_EESS": 300158, "DIRECCION": "av. 11 de octubre plazuela excombatientes", "CONTACTO": "contacto: 4576146", "HORARIO_ATN": "24 horas/7 dias", "CONS_ENFER": null, "CONS_EXTER": "lunes a viernes de 8:00 a 14:00", "URG_EMERG": "Si", "URG_EMER_D": "24 hrs / 7 dias", "INTERNACION": "si", "INTERNAC_D": null, "N_CAMAS": "0", "N_CUNAS": "0", "AMBUL_TP_1": "0", "AMBUL_TP_2": "0", "AMBUL_TP_3": "0", "AMBUL_TP_4": "0", "ECOGRAF_D": null, "ECOGRAF_H": null, "LAB_CLI_D": null, "LAB_CLI_H": null, "FARMAC_D": null, "FARMAC_H": null, "TELEMED_D": null, "TELEMED_H": null, "ODON_AMB_D": null, "ODON_AMB_H": null, "LAB_BAS_D": null, "LAB_BAS_H": null, "RAYOS_X_D": null, "RAYOS_X_H": null, "FISIOTRP_D": null, "FISIOTRP_H": null, "ECO_CARD_D": null, "ECO_CARD_H": null, "PEDIATRI_D": "lunes a viernes", "PEDIATRI_H": "8:00 a 14:00 pm", "MED_INT_D": null, "MED_INT_H": null, "GINE_OBS_D": null, "GINE_OBS_H": null, "GINE_QUI_D": null, "GINE_QUI_H": null, "CIRG_GRL_D": null, "CIRG_GRL_H": null, "TRAUMATO_D": null, "TRAUMATO_H": null, "TRAU_QUI_D": null, "TRAU_QUI_H": null, "OFTALMO_D": null, "OFTALMO_H": null, "OTORRINO_D": null, "OTORRINO_H": null, "UROLOGIA_D": null, "UROLOGIA_H": null, "UROL_QUI_D": null, "UROL_QUI_H": null, "CARDIO_D": null, "CARDIO_H": null }, "geometry": null },
{ "type": "Feature", "properties": { "ID": "50", "DEPTO": "Cochabamba", "COD_DEPTO": 30000, "NOM_EESS": "CSA. Collpaciaco", "COD_EESS": 300159, "DIRECCION": "comunidad de collpaciaco", "CONTACTO": null, "HORARIO_ATN": "6 horas / 5 dias", "CONS_ENFER": "promocion prevencion 6 horas/5 dias a la semana", "CONS_EXTER": "no", "URG_EMERG": "Si", "URG_EMER_D": "6 horas / 5 dias a la semana", "INTERNACION": "no", "INTERNAC_D": null, "N_CAMAS": "0", "N_CUNAS": "0", "AMBUL_TP_1": "0", "AMBUL_TP_2": "0", "AMBUL_TP_3": "0", "AMBUL_TP_4": "0", "ECOGRAF_D": null, "ECOGRAF_H": null, "LAB_CLI_D": null, "LAB_CLI_H": null, "FARMAC_D": null, "FARMAC_H": null, "TELEMED_D": null, "TELEMED_H": null, "ODON_AMB_D": null, "ODON_AMB_H": null, "LAB_BAS_D": null, "LAB_BAS_H": null, "RAYOS_X_D": null, "RAYOS_X_H": null, "FISIOTRP_D": null, "FISIOTRP_H": null, "ECO_CARD_D": null, "ECO_CARD_H": null, "PEDIATRI_D": null, "PEDIATRI_H": null, "MED_INT_D": null, "MED_INT_H": null, "GINE_OBS_D": null, "GINE_OBS_H": null, "GINE_QUI_D": null, "GINE_QUI_H": null, "CIRG_GRL_D": null, "CIRG_GRL_H": null, "TRAUMATO_D": null, "TRAUMATO_H": null, "TRAU_QUI_D": null, "TRAU_QUI_H": null, "OFTALMO_D": null, "OFTALMO_H": null, "OTORRINO_D": null, "OTORRINO_H": null, "UROLOGIA_D": null, "UROLOGIA_H": null, "UROL_QUI_D": null, "UROL_QUI_H": null, "CARDIO_D": null, "CARDIO_H": null }, "geometry": null },
{ "type": "Feature", "properties": { "ID": "51", "DEPTO": "Cochabamba", "COD_DEPTO": 30000, "NOM_EESS": "PS. Pocoata", "COD_EESS": 300160, "DIRECCION": "comunidad de pocoata", "CONTACTO": null, "HORARIO_ATN": "6 horas / 5 dias", "CONS_ENFER": "promocion prevencion 6 horas/5 dias a la semana", "CONS_EXTER": "no", "URG_EMERG": "Si", "URG_EMER_D": "6 horas / 5 dias a la semana", "INTERNACION": "no", "INTERNAC_D": null, "N_CAMAS": "0", "N_CUNAS": "0", "AMBUL_TP_1": "0", "AMBUL_TP_2": "0", "AMBUL_TP_3": "0", "AMBUL_TP_4": "0", "ECOGRAF_D": null, "ECOGRAF_H": null, "LAB_CLI_D": null, "LAB_CLI_H": null, "FARMAC_D": null, "FARMAC_H": null, "TELEMED_D": null, "TELEMED_H": null, "ODON_AMB_D": null, "ODON_AMB_H": null, "LAB_BAS_D": null, "LAB_BAS_H": null, "RAYOS_X_D": null, "RAYOS_X_H": null, "FISIOTRP_D": null, "FISIOTRP_H": null, "ECO_CARD_D": null, "ECO_CARD_H": null, "PEDIATRI_D": null, "PEDIATRI_H": null, "MED_INT_D": null, "MED_INT_H": null, "GINE_OBS_D": null, "GINE_OBS_H": null, "GINE_QUI_D": null, "GINE_QUI_H": null, "CIRG_GRL_D": null, "CIRG_GRL_H": null, "TRAUMATO_D": null, "TRAUMATO_H": null, "TRAU_QUI_D": null, "TRAU_QUI_H": null, "OFTALMO_D": null, "OFTALMO_H": null, "OTORRINO_D": null, "OTORRINO_H": null, "UROLOGIA_D": null, "UROLOGIA_H": null, "UROL_QUI_D": null, "UROL_QUI_H": null, "CARDIO_D": null, "CARDIO_H": null }, "geometry": null },
{ "type": "Feature", "properties": { "ID": "52", "DEPTO": "Cochabamba", "COD_DEPTO": 30000, "NOM_EESS": "PS. Cañadas", "COD_EESS": 300161, "DIRECCION": "sobre carretera a vacas pueblo de cañadas lado del u.e.", "CONTACTO": null, "HORARIO_ATN": " 6 horas / 5 dias", "CONS_ENFER": null, "CONS_EXTER": "8:00 a 14:00, lunes a viernes", "URG_EMERG": "Si", "URG_EMER_D": "6 horas de lunes a viernes", "INTERNACION": "no", "INTERNAC_D": null, "N_CAMAS": "1", "N_CUNAS": "0", "AMBUL_TP_1": "0", "AMBUL_TP_2": "0", "AMBUL_TP_3": "0", "AMBUL_TP_4": "0", "ECOGRAF_D": null, "ECOGRAF_H": null, "LAB_CLI_D": null, "LAB_CLI_H": null, "FARMAC_D": null, "FARMAC_H": null, "TELEMED_D": null, "TELEMED_H": null, "ODON_AMB_D": "lunes a viernes", "ODON_AMB_H": "8:00 a 14:00 pm", "LAB_BAS_D": null, "LAB_BAS_H": null, "RAYOS_X_D": null, "RAYOS_X_H": null, "FISIOTRP_D": null, "FISIOTRP_H": null, "ECO_CARD_D": null, "ECO_CARD_H": null, "PEDIATRI_D": null, "PEDIATRI_H": null, "MED_INT_D": null, "MED_INT_H": null, "GINE_OBS_D": null, "GINE_OBS_H": null, "GINE_QUI_D": null, "GINE_QUI_H": null, "CIRG_GRL_D": null, "CIRG_GRL_H": null, "TRAUMATO_D": null, "TRAUMATO_H": null, "TRAU_QUI_D": null, "TRAU_QUI_H": null, "OFTALMO_D": null, "OFTALMO_H": null, "OTORRINO_D": null, "OTORRINO_H": null, "UROLOGIA_D": null, "UROLOGIA_H": null, "UROL_QUI_D": null, "UROL_QUI_H": null, "CARDIO_D": null, "CARDIO_H": null }, "geometry": null },
{ "type": "Feature", "properties": { "ID": "53", "DEPTO": "Cochabamba", "COD_DEPTO": 30000, "NOM_EESS": "PS. Pedregal", "COD_EESS": 300162, "DIRECCION": "sobre carretera a vacas comunidad de pedregal lado de la iglesia cristiana", "CONTACTO": "71436096", "HORARIO_ATN": " 6 horas / 5 dias", "CONS_ENFER": null, "CONS_EXTER": "8:00 a 14:00, lunes a viernes", "URG_EMERG": "Si", "URG_EMER_D": "6 horas de lunes a viernes", "INTERNACION": "no", "INTERNAC_D": null, "N_CAMAS": "1", "N_CUNAS": "0", "AMBUL_TP_1": "0", "AMBUL_TP_2": "0", "AMBUL_TP_3": "0", "AMBUL_TP_4": "0", "ECOGRAF_D": null, "ECOGRAF_H": null, "LAB_CLI_D": null, "LAB_CLI_H": null, "FARMAC_D": null, "FARMAC_H": null, "TELEMED_D": null, "TELEMED_H": null, "ODON_AMB_D": null, "ODON_AMB_H": null, "LAB_BAS_D": null, "LAB_BAS_H": null, "RAYOS_X_D": null, "RAYOS_X_H": null, "FISIOTRP_D": null, "FISIOTRP_H": null, "ECO_CARD_D": null, "ECO_CARD_H": null, "PEDIATRI_D": null, "PEDIATRI_H": null, "MED_INT_D": null, "MED_INT_H": null, "GINE_OBS_D": null, "GINE_OBS_H": null, "GINE_QUI_D": null, "GINE_QUI_H": null, "CIRG_GRL_D": null, "CIRG_GRL_H": null, "TRAUMATO_D": null, "TRAUMATO_H": null, "TRAU_QUI_D": null, "TRAU_QUI_H": null, "OFTALMO_D": null, "OFTALMO_H": null, "OTORRINO_D": null, "OTORRINO_H": null, "UROLOGIA_D": null, "UROLOGIA_H": null, "UROL_QUI_D": null, "UROL_QUI_H": null, "CARDIO_D": null, "CARDIO_H": null }, "geometry": null },
{ "type": "Feature", "properties": { "ID": "54", "DEPTO": "Cochabamba", "COD_DEPTO": 30000, "NOM_EESS": "PS. Totora Pampa", "COD_EESS": 300163, "DIRECCION": "sobre carretera a mizque a la frente la capilla", "CONTACTO": "fono 71487500", "HORARIO_ATN": " 8 horas / 5 dias", "CONS_ENFER": null, "CONS_EXTER": "8:00 a 14:00, lunes a viernes", "URG_EMERG": "Si", "URG_EMER_D": "6 horas de lunes a viernes", "INTERNACION": "no", "INTERNAC_D": null, "N_CAMAS": "1", "N_CUNAS": "0", "AMBUL_TP_1": "0", "AMBUL_TP_2": "0", "AMBUL_TP_3": "0", "AMBUL_TP_4": "0", "ECOGRAF_D": null, "ECOGRAF_H": null, "LAB_CLI_D": null, "LAB_CLI_H": null, "FARMAC_D": null, "FARMAC_H": null, "TELEMED_D": null, "TELEMED_H": null, "ODON_AMB_D": null, "ODON_AMB_H": null, "LAB_BAS_D": null, "LAB_BAS_H": null, "RAYOS_X_D": null, "RAYOS_X_H": null, "FISIOTRP_D": null, "FISIOTRP_H": null, "ECO_CARD_D": null, "ECO_CARD_H": null, "PEDIATRI_D": null, "PEDIATRI_H": null, "MED_INT_D": null, "MED_INT_H": null, "GINE_OBS_D": null, "GINE_OBS_H": null, "GINE_QUI_D": null, "GINE_QUI_H": null, "CIRG_GRL_D": null, "CIRG_GRL_H": null, "TRAUMATO_D": null, "TRAUMATO_H": null, "TRAU_QUI_D": null, "TRAU_QUI_H": null, "OFTALMO_D": null, "OFTALMO_H": null, "OTORRINO_D": null, "OTORRINO_H": null, "UROLOGIA_D": null, "UROLOGIA_H": null, "UROL_QUI_D": null, "UROL_QUI_H": null, "CARDIO_D": null, "CARDIO_H": null }, "geometry": null },
{ "type": "Feature", "properties": { "ID": "55", "DEPTO": "Cochabamba", "COD_DEPTO": 30000, "NOM_EESS": "CSA. Rodeo", "COD_EESS": 300164, "DIRECCION": "sobre carretera a mizque pueblo de rodeo", "CONTACTO": "fono71487500", "HORARIO_ATN": "24 horas / 7 dias", "CONS_ENFER": null, "CONS_EXTER": "8:00 a 14:00, lunes a viernes", "URG_EMERG": "Si", "URG_EMER_D": "24 horas / 7 dias", "INTERNACION": "si", "INTERNAC_D": null, "N_CAMAS": "2", "N_CUNAS": "0", "AMBUL_TP_1": "0", "AMBUL_TP_2": "0", "AMBUL_TP_3": "0", "AMBUL_TP_4": "0", "ECOGRAF_D": null, "ECOGRAF_H": null, "LAB_CLI_D": null, "LAB_CLI_H": null, "FARMAC_D": null, "FARMAC_H": null, "TELEMED_D": null, "TELEMED_H": null, "ODON_AMB_D": "lunes a miércoles", "ODON_AMB_H": "8:00 a 16:00 pm", "LAB_BAS_D": null, "LAB_BAS_H": null, "RAYOS_X_D": null, "RAYOS_X_H": null, "FISIOTRP_D": null, "FISIOTRP_H": null, "ECO_CARD_D": null, "ECO_CARD_H": null, "PEDIATRI_D": null, "PEDIATRI_H": null, "MED_INT_D": null, "MED_INT_H": null, "GINE_OBS_D": null, "GINE_OBS_H": null, "GINE_QUI_D": null, "GINE_QUI_H": null, "CIRG_GRL_D": null, "CIRG_GRL_H": null, "TRAUMATO_D": null, "TRAUMATO_H": null, "TRAU_QUI_D": null, "TRAU_QUI_H": null, "OFTALMO_D": null, "OFTALMO_H": null, "OTORRINO_D": null, "OTORRINO_H": null, "UROLOGIA_D": null, "UROLOGIA_H": null, "UROL_QUI_D": null, "UROL_QUI_H": null, "CARDIO_D": null, "CARDIO_H": null }, "geometry": null },
{ "type": "Feature", "properties": { "ID": "56", "DEPTO": "Cochabamba", "COD_DEPTO": 30000, "NOM_EESS": "CScI. Vacas", "COD_EESS": 300165, "DIRECCION": "pueblo de vacas c/final aroma lado gam vacas", "CONTACTO": "68452733", "HORARIO_ATN": " 24 horas / 7 dias", "CONS_ENFER": null, "CONS_EXTER": "8:00 a 16:00 pm: lunes a viernes", "URG_EMERG": "Si", "URG_EMER_D": "24 horas / 7 dias", "INTERNACION": "si", "INTERNAC_D": null, "N_CAMAS": "2", "N_CUNAS": "0", "AMBUL_TP_1": "0", "AMBUL_TP_2": "0", "AMBUL_TP_3": "0", "AMBUL_TP_4": "0", "ECOGRAF_D": "lunes a viernes", "ECOGRAF_H": "8:00 am 16:00", "LAB_CLI_D": null, "LAB_CLI_H": null, "FARMAC_D": "lunes a viernes", "FARMAC_H": "8:00 am 17:00 pm", "TELEMED_D": null, "TELEMED_H": null, "ODON_AMB_D": "lunes a viernes", "ODON_AMB_H": "8:00 a 16:00pm", "LAB_BAS_D": "lunes a viernes", "LAB_BAS_H": "8:00 am 17:00 pm", "RAYOS_X_D": null, "RAYOS_X_H": null, "FISIOTRP_D": null, "FISIOTRP_H": null, "ECO_CARD_D": null, "ECO_CARD_H": null, "PEDIATRI_D": null, "PEDIATRI_H": null, "MED_INT_D": null, "MED_INT_H": null, "GINE_OBS_D": null, "GINE_OBS_H": null, "GINE_QUI_D": null, "GINE_QUI_H": null, "CIRG_GRL_D": null, "CIRG_GRL_H": null, "TRAUMATO_D": null, "TRAUMATO_H": null, "TRAU_QUI_D": null, "TRAU_QUI_H": null, "OFTALMO_D": null, "OFTALMO_H": null, "OTORRINO_D": null, "OTORRINO_H": null, "UROLOGIA_D": null, "UROLOGIA_H": null, "UROL_QUI_D": null, "UROL_QUI_H": null, "CARDIO_D": null, "CARDIO_H": null }, "geometry": null },
{ "type": "Feature", "properties": { "ID": "57", "DEPTO": "Cochabamba", "COD_DEPTO": 30000, "NOM_EESS": "CSA. Paredones", "COD_EESS": 300166, "DIRECCION": "camino vacas-pocona pubelos de paredones", "CONTACTO": "fono 76489169", "HORARIO_ATN": "24 horas / 7 dias", "CONS_ENFER": null, "CONS_EXTER": "8:00 a 18:00, lunes a viernes", "URG_EMERG": "Si", "URG_EMER_D": "24 horas / 7 dias", "INTERNACION": "si", "INTERNAC_D": null, "N_CAMAS": "2", "N_CUNAS": "0", "AMBUL_TP_1": "0", "AMBUL_TP_2": "0", "AMBUL_TP_3": "0", "AMBUL_TP_4": "0", "ECOGRAF_D": null, "ECOGRAF_H": null, "LAB_CLI_D": null, "LAB_CLI_H": null, "FARMAC_D": null, "FARMAC_H": null, "TELEMED_D": null, "TELEMED_H": null, "ODON_AMB_D": "lunes a miércoles", "ODON_AMB_H": "8:00 a 18:00 pm", "LAB_BAS_D": null, "LAB_BAS_H": null, "RAYOS_X_D": null, "RAYOS_X_H": null, "FISIOTRP_D": null, "FISIOTRP_H": null, "ECO_CARD_D": null, "ECO_CARD_H": null, "PEDIATRI_D": null, "PEDIATRI_H": null, "MED_INT_D": null, "MED_INT_H": null, "GINE_OBS_D": null, "GINE_OBS_H": null, "GINE_QUI_D": null, "GINE_QUI_H": null, "CIRG_GRL_D": null, "CIRG_GRL_H": null, "TRAUMATO_D": null, "TRAUMATO_H": null, "TRAU_QUI_D": null, "TRAU_QUI_H": null, "OFTALMO_D": null, "OFTALMO_H": null, "OTORRINO_D": null, "OTORRINO_H": null, "UROLOGIA_D": null, "UROLOGIA_H": null, "UROL_QUI_D": null, "UROL_QUI_H": null, "CARDIO_D": null, "CARDIO_H": null }, "geometry": null },
{ "type": "Feature", "properties": { "ID": "58", "DEPTO": "Cochabamba", "COD_DEPTO": 30000, "NOM_EESS": "CSA. Ana Rancho", "COD_EESS": 300200, "DIRECCION": "distrito b, anarrancho", "CONTACTO": "telef: 4574845 ", "HORARIO_ATN": "lunes a viernes de 08:00-16:00", "CONS_ENFER": "promocion y prevencion, lunes a viernes 08:00 a 14:00 ", "CONS_EXTER": "lunes a viernes 08:00 a 16:00", "URG_EMERG": "NO", "URG_EMER_D": null, "INTERNACION": "NO", "INTERNAC_D": null, "N_CAMAS": "0", "N_CUNAS": "0", "AMBUL_TP_1": "0", "AMBUL_TP_2": "0", "AMBUL_TP_3": "0", "AMBUL_TP_4": "0", "ECOGRAF_D": null, "ECOGRAF_H": null, "LAB_CLI_D": null, "LAB_CLI_H": null, "FARMAC_D": null, "FARMAC_H": null, "TELEMED_D": null, "TELEMED_H": null, "ODON_AMB_D": null, "ODON_AMB_H": null, "LAB_BAS_D": null, "LAB_BAS_H": null, "RAYOS_X_D": null, "RAYOS_X_H": null, "FISIOTRP_D": null, "FISIOTRP_H": null, "ECO_CARD_D": null, "ECO_CARD_H": null, "PEDIATRI_D": null, "PEDIATRI_H": null, "MED_INT_D": null, "MED_INT_H": null, "GINE_OBS_D": null, "GINE_OBS_H": null, "GINE_QUI_D": null, "GINE_QUI_H": null, "CIRG_GRL_D": null, "CIRG_GRL_H": null, "TRAUMATO_D": null, "TRAUMATO_H": null, "TRAU_QUI_D": null, "TRAU_QUI_H": null, "OFTALMO_D": null, "OFTALMO_H": null, "OTORRINO_D": null, "OTORRINO_H": null, "UROLOGIA_D": null, "UROLOGIA_H": null, "UROL_QUI_D": null, "UROL_QUI_H": null, "CARDIO_D": null, "CARDIO_H": null }, "geometry": null },
{ "type": "Feature", "properties": { "ID": "59", "DEPTO": "Cochabamba", "COD_DEPTO": 30000, "NOM_EESS": "CSA. Chillicchi (Toko)", "COD_EESS": 300201, "DIRECCION": "comunidad chillicchi lado cancha deportiva camino al cementerio", "CONTACTO": "telf. 4573054", "HORARIO_ATN": "lunes a viernes de 08:00-16:00", "CONS_ENFER": "promocion y prevencion, lunes a viernes 08:00 a 14:00 ", "CONS_EXTER": "lunes a viernes 08:00 a 16:00", "URG_EMERG": "NO", "URG_EMER_D": null, "INTERNACION": "NO", "INTERNAC_D": null, "N_CAMAS": "0", "N_CUNAS": "0", "AMBUL_TP_1": "0", "AMBUL_TP_2": "0", "AMBUL_TP_3": "0", "AMBUL_TP_4": "0", "ECOGRAF_D": null, "ECOGRAF_H": null, "LAB_CLI_D": null, "LAB_CLI_H": null, "FARMAC_D": null, "FARMAC_H": null, "TELEMED_D": null, "TELEMED_H": null, "ODON_AMB_D": null, "ODON_AMB_H": null, "LAB_BAS_D": null, "LAB_BAS_H": null, "RAYOS_X_D": null, "RAYOS_X_H": null, "FISIOTRP_D": null, "FISIOTRP_H": null, "ECO_CARD_D": null, "ECO_CARD_H": null, "PEDIATRI_D": null, "PEDIATRI_H": null, "MED_INT_D": null, "MED_INT_H": null, "GINE_OBS_D": null, "GINE_OBS_H": null, "GINE_QUI_D": null, "GINE_QUI_H": null, "CIRG_GRL_D": null, "CIRG_GRL_H": null, "TRAUMATO_D": null, "TRAUMATO_H": null, "TRAU_QUI_D": null, "TRAU_QUI_H": null, "OFTALMO_D": null, "OFTALMO_H": null, "OTORRINO_D": null, "OTORRINO_H": null, "UROLOGIA_D": null, "UROLOGIA_H": null, "UROL_QUI_D": null, "UROL_QUI_H": null, "CARDIO_D": null, "CARDIO_H": null }, "geometry": null },
{ "type": "Feature", "properties": { "ID": "60", "DEPTO": "Cochabamba", "COD_DEPTO": 30000, "NOM_EESS": "PS. Sichez", "COD_EESS": 300202, "DIRECCION": "comunidad sichez", "CONTACTO": "telef: 67524193 - 71416152", "HORARIO_ATN": "lunes a viernes de 08:00-16:00", "CONS_ENFER": "promocion y prevencion, lunes a viernes 08:00 a 14:00 ", "CONS_EXTER": "lunes a viernes08:00 a 16:00", "URG_EMERG": "NO", "URG_EMER_D": null, "INTERNACION": "NO", "INTERNAC_D": null, "N_CAMAS": "0", "N_CUNAS": "0", "AMBUL_TP_1": "0", "AMBUL_TP_2": "0", "AMBUL_TP_3": "0", "AMBUL_TP_4": "0", "ECOGRAF_D": null, "ECOGRAF_H": null, "LAB_CLI_D": null, "LAB_CLI_H": null, "FARMAC_D": null, "FARMAC_H": null, "TELEMED_D": null, "TELEMED_H": null, "ODON_AMB_D": null, "ODON_AMB_H": null, "LAB_BAS_D": null, "LAB_BAS_H": null, "RAYOS_X_D": null, "RAYOS_X_H": null, "FISIOTRP_D": null, "FISIOTRP_H": null, "ECO_CARD_D": null, "ECO_CARD_H": null, "PEDIATRI_D": null, "PEDIATRI_H": null, "MED_INT_D": null, "MED_INT_H": null, "GINE_OBS_D": null, "GINE_OBS_H": null, "GINE_QUI_D": null, "GINE_QUI_H": null, "CIRG_GRL_D": null, "CIRG_GRL_H": null, "TRAUMATO_D": null, "TRAUMATO_H": null, "TRAU_QUI_D": null, "TRAU_QUI_H": null, "OFTALMO_D": null, "OFTALMO_H": null, "OTORRINO_D": null, "OTORRINO_H": null, "UROLOGIA_D": null, "UROLOGIA_H": null, "UROL_QUI_D": null, "UROL_QUI_H": null, "CARDIO_D": null, "CARDIO_H": null }, "geometry": null },
{ "type": "Feature", "properties": { "ID": "61", "DEPTO": "Cochabamba", "COD_DEPTO": 30000, "NOM_EESS": "CScI. Toko", "COD_EESS": 300203, "DIRECCION": "centro urbano calle innominada a 6 cuadras de la plaza principal lado sud", "CONTACTO": "Corp: 68580374", "HORARIO_ATN": "24/7 lunes a domingo", "CONS_ENFER": null, "CONS_EXTER": "lunes a viernes08:00 a 14:00", "URG_EMERG": "SI", "URG_EMER_D": "24 hrs. - 7 dias de la semana", "INTERNACION": "SI", "INTERNAC_D": "24 hrs. - 7 dias de la semana", "N_CAMAS": "8", "N_CUNAS": "0", "AMBUL_TP_1": "3", "AMBUL_TP_2": "0", "AMBUL_TP_3": "0", "AMBUL_TP_4": "0", "ECOGRAF_D": "Lunes a Viernes", "ECOGRAF_H": "08:00 a 14:00", "LAB_CLI_D": "Lunes a Viernes", "LAB_CLI_H": "08:00 a 16:00", "FARMAC_D": "Lunes a viernes", "FARMAC_H": "08:00 a 16:00", "TELEMED_D": "Lunes a Viernes", "TELEMED_H": "08:00 a 16:00", "ODON_AMB_D": "Lunes a Viernes", "ODON_AMB_H": "08:00 a 14:00", "LAB_BAS_D": null, "LAB_BAS_H": null, "RAYOS_X_D": null, "RAYOS_X_H": null, "FISIOTRP_D": null, "FISIOTRP_H": null, "ECO_CARD_D": null, "ECO_CARD_H": null, "PEDIATRI_D": null, "PEDIATRI_H": null, "MED_INT_D": null, "MED_INT_H": null, "GINE_OBS_D": null, "GINE_OBS_H": null, "GINE_QUI_D": null, "GINE_QUI_H": null, "CIRG_GRL_D": null, "CIRG_GRL_H": null, "TRAUMATO_D": null, "TRAUMATO_H": null, "TRAU_QUI_D": null, "TRAU_QUI_H": null, "OFTALMO_D": null, "OFTALMO_H": null, "OTORRINO_D": null, "OTORRINO_H": null, "UROLOGIA_D": null, "UROLOGIA_H": null, "UROL_QUI_D": null, "UROL_QUI_H": null, "CARDIO_D": null, "CARDIO_H": null }, "geometry": null },
{ "type": "Feature", "properties": { "ID": "62", "DEPTO": "Cochabamba", "COD_DEPTO": 30000, "NOM_EESS": "CSA. Carcaje", "COD_EESS": 300204, "DIRECCION": "carretera antigua a santa cruz km 21", "CONTACTO": "4786641", "HORARIO_ATN": "6 horas/5 dias", "CONS_ENFER": null, "CONS_EXTER": "lunes y viernes 08:00 a 14:00", "URG_EMERG": "SI", "URG_EMER_D": "Lunes a Viernes - 08:00 a 14:00", "INTERNACION": "NO", "INTERNAC_D": null, "N_CAMAS": "0", "N_CUNAS": "0", "AMBUL_TP_1": "0", "AMBUL_TP_2": "1", "AMBUL_TP_3": "0", "AMBUL_TP_4": "0", "ECOGRAF_D": null, "ECOGRAF_H": "0", "LAB_CLI_D": null, "LAB_CLI_H": null, "FARMAC_D": null, "FARMAC_H": null, "TELEMED_D": null, "TELEMED_H": null, "ODON_AMB_D": null, "ODON_AMB_H": null, "LAB_BAS_D": null, "LAB_BAS_H": null, "RAYOS_X_D": null, "RAYOS_X_H": null, "FISIOTRP_D": null, "FISIOTRP_H": null, "ECO_CARD_D": null, "ECO_CARD_H": null, "PEDIATRI_D": null, "PEDIATRI_H": null, "MED_INT_D": null, "MED_INT_H": null, "GINE_OBS_D": null, "GINE_OBS_H": null, "GINE_QUI_D": null, "GINE_QUI_H": null, "CIRG_GRL_D": null, "CIRG_GRL_H": null, "TRAUMATO_D": null, "TRAUMATO_H": null, "TRAU_QUI_D": null, "TRAU_QUI_H": null, "OFTALMO_D": null, "OFTALMO_H": null, "OTORRINO_D": null, "OTORRINO_H": null, "UROLOGIA_D": null, "UROLOGIA_H": null, "UROL_QUI_D": null, "UROL_QUI_H": null, "CARDIO_D": null, "CARDIO_H": null }, "geometry": null },
{ "type": "Feature", "properties": { "ID": "63", "DEPTO": "Cochabamba", "COD_DEPTO": 30000, "NOM_EESS": "CSA. Tolata", "COD_EESS": 300205, "DIRECCION": "calle martires democracia monseñor walter rosales", "CONTACTO": "4575681", "HORARIO_ATN": "24 horas/7 dias", "CONS_ENFER": null, "CONS_EXTER": "lunes a viernes 08:00 a 16:00", "URG_EMERG": "SI", "URG_EMER_D": "24 hrs - 7 dias de la semana", "INTERNACION": "SI", "INTERNAC_D": "24 hrs - 7 dias de la semana", "N_CAMAS": "4", "N_CUNAS": "0", "AMBUL_TP_1": "2", "AMBUL_TP_2": "0", "AMBUL_TP_3": "0", "AMBUL_TP_4": "0", "ECOGRAF_D": "Lunes a Viernes", "ECOGRAF_H": "08:00 a 14:00", "LAB_CLI_D": null, "LAB_CLI_H": null, "FARMAC_D": "Lunes a Viernes", "FARMAC_H": "08:00 a 14:00", "TELEMED_D": "Lunes a Viernes", "TELEMED_H": "08:00 a 16:00", "ODON_AMB_D": "Lunes a Viernes", "ODON_AMB_H": "08:00 a 16:00", "LAB_BAS_D": null, "LAB_BAS_H": null, "RAYOS_X_D": null, "RAYOS_X_H": null, "FISIOTRP_D": null, "FISIOTRP_H": null, "ECO_CARD_D": null, "ECO_CARD_H": null, "PEDIATRI_D": null, "PEDIATRI_H": null, "MED_INT_D": null, "MED_INT_H": null, "GINE_OBS_D": null, "GINE_OBS_H": null, "GINE_QUI_D": null, "GINE_QUI_H": null, "CIRG_GRL_D": null, "CIRG_GRL_H": null, "TRAUMATO_D": null, "TRAUMATO_H": null, "TRAU_QUI_D": null, "TRAU_QUI_H": null, "OFTALMO_D": null, "OFTALMO_H": null, "OTORRINO_D": null, "OTORRINO_H": null, "UROLOGIA_D": null, "UROLOGIA_H": null, "UROL_QUI_D": null, "UROL_QUI_H": null, "CARDIO_D": null, "CARDIO_H": null }, "geometry": null },
{ "type": "Feature", "properties": { "ID": "64", "DEPTO": "Cochabamba", "COD_DEPTO": 30000, "NOM_EESS": "CScI. Chillijchi", "COD_EESS": 300324, "DIRECCION": "chillijchi", "CONTACTO": "cel. 74351149", "HORARIO_ATN": "8 horas de lunes a domingo por 21 dias", "CONS_ENFER": null, "CONS_EXTER": null, "URG_EMERG": "SI", "URG_EMER_D": "Lunes a Domingo- 08:00 a 16:00 (21 dias)", "INTERNACION": "NO", "INTERNAC_D": null, "N_CAMAS": "2", "N_CUNAS": "0", "AMBUL_TP_1": "0", "AMBUL_TP_2": "0", "AMBUL_TP_3": "0", "AMBUL_TP_4": "0", "ECOGRAF_D": null, "ECOGRAF_H": null, "LAB_CLI_D": null, "LAB_CLI_H": null, "FARMAC_D": null, "FARMAC_H": null, "TELEMED_D": null, "TELEMED_H": null, "ODON_AMB_D": "Lunes a Viernes", "ODON_AMB_H": "08:00-12:00 y 14:00-18:00", "LAB_BAS_D": null, "LAB_BAS_H": null, "RAYOS_X_D": null, "RAYOS_X_H": null, "FISIOTRP_D": null, "FISIOTRP_H": null, "ECO_CARD_D": null, "ECO_CARD_H": null, "PEDIATRI_D": null, "PEDIATRI_H": null, "MED_INT_D": null, "MED_INT_H": null, "GINE_OBS_D": null, "GINE_OBS_H": null, "GINE_QUI_D": null, "GINE_QUI_H": null, "CIRG_GRL_D": null, "CIRG_GRL_H": null, "TRAUMATO_D": null, "TRAUMATO_H": null, "TRAU_QUI_D": null, "TRAU_QUI_H": null, "OFTALMO_D": null, "OFTALMO_H": null, "OTORRINO_D": null, "OTORRINO_H": null, "UROLOGIA_D": null, "UROLOGIA_H": null, "UROL_QUI_D": null, "UROL_QUI_H": null, "CARDIO_D": null, "CARDIO_H": null }, "geometry": null },
{ "type": "Feature", "properties": { "ID": "65", "DEPTO": "Cochabamba", "COD_DEPTO": 30000, "NOM_EESS": "CScI. Conda Baja", "COD_EESS": 300325, "DIRECCION": "conda baja", "CONTACTO": "cel 74547272", "HORARIO_ATN": "24 horas / 7 dias ", "CONS_ENFER": null, "CONS_EXTER": "8 hrs de lunes a viernes", "URG_EMERG": "SI", "URG_EMER_D": "24 hrs. - 7 dias de la semana", "INTERNACION": "SI", "INTERNAC_D": "Transitoria - 24 hrs. - 7 dias de la semana", "N_CAMAS": "2", "N_CUNAS": "0", "AMBUL_TP_1": "2", "AMBUL_TP_2": "0", "AMBUL_TP_3": "0", "AMBUL_TP_4": "0", "ECOGRAF_D": null, "ECOGRAF_H": null, "LAB_CLI_D": null, "LAB_CLI_H": null, "FARMAC_D": null, "FARMAC_H": null, "TELEMED_D": null, "TELEMED_H": null, "ODON_AMB_D": null, "ODON_AMB_H": null, "LAB_BAS_D": null, "LAB_BAS_H": null, "RAYOS_X_D": null, "RAYOS_X_H": null, "FISIOTRP_D": null, "FISIOTRP_H": null, "ECO_CARD_D": null, "ECO_CARD_H": null, "PEDIATRI_D": null, "PEDIATRI_H": null, "MED_INT_D": null, "MED_INT_H": null, "GINE_OBS_D": null, "GINE_OBS_H": null, "GINE_QUI_D": null, "GINE_QUI_H": null, "CIRG_GRL_D": null, "CIRG_GRL_H": null, "TRAUMATO_D": null, "TRAUMATO_H": null, "TRAU_QUI_D": null, "TRAU_QUI_H": null, "OFTALMO_D": null, "OFTALMO_H": null, "OTORRINO_D": null, "OTORRINO_H": null, "UROLOGIA_D": null, "UROLOGIA_H": null, "UROL_QUI_D": null, "UROL_QUI_H": null, "CARDIO_D": null, "CARDIO_H": null }, "geometry": null },
{ "type": "Feature", "properties": { "ID": "66", "DEPTO": "Cochabamba", "COD_DEPTO": 30000, "NOM_EESS": "CScI. Laimiaa", "COD_EESS": 300326, "DIRECCION": "laimilla", "CONTACTO": "cel.68500970", "HORARIO_ATN": "8 horas de lunes a viernes", "CONS_ENFER": null, "CONS_EXTER": "8 hrs de lunes a viernes", "URG_EMERG": "SI", "URG_EMER_D": "Lunes a Viernes- 08:00 a 16:00", "INTERNACION": "NO", "INTERNAC_D": null, "N_CAMAS": "2", "N_CUNAS": "0", "AMBUL_TP_1": "0", "AMBUL_TP_2": "0", "AMBUL_TP_3": "0", "AMBUL_TP_4": "0", "ECOGRAF_D": null, "ECOGRAF_H": null, "LAB_CLI_D": null, "LAB_CLI_H": null, "FARMAC_D": null, "FARMAC_H": null, "TELEMED_D": null, "TELEMED_H": null, "ODON_AMB_D": "Lunes a Viernes", "ODON_AMB_H": "08:00-12:00 y 14:00-18:00", "LAB_BAS_D": null, "LAB_BAS_H": null, "RAYOS_X_D": null, "RAYOS_X_H": null, "FISIOTRP_D": null, "FISIOTRP_H": null, "ECO_CARD_D": null, "ECO_CARD_H": null, "PEDIATRI_D": null, "PEDIATRI_H": null, "MED_INT_D": null, "MED_INT_H": null, "GINE_OBS_D": null, "GINE_OBS_H": null, "GINE_QUI_D": null, "GINE_QUI_H": null, "CIRG_GRL_D": null, "CIRG_GRL_H": null, "TRAUMATO_D": null, "TRAUMATO_H": null, "TRAU_QUI_D": null, "TRAU_QUI_H": null, "OFTALMO_D": null, "OFTALMO_H": null, "OTORRINO_D": null, "OTORRINO_H": null, "UROLOGIA_D": null, "UROLOGIA_H": null, "UROL_QUI_D": null, "UROL_QUI_H": null, "CARDIO_D": null, "CARDIO_H": null }, "geometry": null },
{ "type": "Feature", "properties": { "ID": "67", "DEPTO": "Cochabamba", "COD_DEPTO": 30000, "NOM_EESS": "PS. Loman Chiuchi", "COD_EESS": 300327, "DIRECCION": null, "CONTACTO": "cel 68319396", "HORARIO_ATN": "8 horas de lunes a domingo por 21 dias", "CONS_ENFER": null, "CONS_EXTER": null, "URG_EMERG": "SI", "URG_EMER_D": "Lunes a Domingo- 08:00 a 16:00 (21 dias)", "INTERNACION": "NO", "INTERNAC_D": null, "N_CAMAS": "0", "N_CUNAS": "0", "AMBUL_TP_1": "0", "AMBUL_TP_2": "0", "AMBUL_TP_3": "0", "AMBUL_TP_4": "0", "ECOGRAF_D": null, "ECOGRAF_H": null, "LAB_CLI_D": null, "LAB_CLI_H": null, "FARMAC_D": null, "FARMAC_H": null, "TELEMED_D": null, "TELEMED_H": null, "ODON_AMB_D": null, "ODON_AMB_H": null, "LAB_BAS_D": null, "LAB_BAS_H": null, "RAYOS_X_D": null, "RAYOS_X_H": null, "FISIOTRP_D": null, "FISIOTRP_H": null, "ECO_CARD_D": null, "ECO_CARD_H": null, "PEDIATRI_D": null, "PEDIATRI_H": null, "MED_INT_D": null, "MED_INT_H": null, "GINE_OBS_D": null, "GINE_OBS_H": null, "GINE_QUI_D": null, "GINE_QUI_H": null, "CIRG_GRL_D": null, "CIRG_GRL_H": null, "TRAUMATO_D": null, "TRAUMATO_H": null, "TRAU_QUI_D": null, "TRAU_QUI_H": null, "OFTALMO_D": null, "OFTALMO_H": null, "OTORRINO_D": null, "OTORRINO_H": null, "UROLOGIA_D": null, "UROLOGIA_H": null, "UROL_QUI_D": null, "UROL_QUI_H": null, "CARDIO_D": null, "CARDIO_H": null }, "geometry": null },
{ "type": "Feature", "properties": { "ID": "68", "DEPTO": "Cochabamba", "COD_DEPTO": 30000, "NOM_EESS": "CScI. Lope Mendoza", "COD_EESS": 300328, "DIRECCION": "lope mendoza", "CONTACTO": "cel.74316414, 74316414", "HORARIO_ATN": "24 horas / 7 dias", "CONS_ENFER": null, "CONS_EXTER": "8 hrs de lunes a viernes", "URG_EMERG": "SI", "URG_EMER_D": "24 hrs. - 7 dias de la semana", "INTERNACION": "SI", "INTERNAC_D": "24 hrs. - 7 dias de la semana", "N_CAMAS": "1", "N_CUNAS": "0", "AMBUL_TP_1": "0", "AMBUL_TP_2": "0", "AMBUL_TP_3": "0", "AMBUL_TP_4": "0", "ECOGRAF_D": null, "ECOGRAF_H": null, "LAB_CLI_D": null, "LAB_CLI_H": null, "FARMAC_D": null, "FARMAC_H": null, "TELEMED_D": null, "TELEMED_H": null, "ODON_AMB_D": null, "ODON_AMB_H": null, "LAB_BAS_D": null, "LAB_BAS_H": null, "RAYOS_X_D": null, "RAYOS_X_H": null, "FISIOTRP_D": null, "FISIOTRP_H": null, "ECO_CARD_D": null, "ECO_CARD_H": null, "PEDIATRI_D": null, "PEDIATRI_H": null, "MED_INT_D": null, "MED_INT_H": null, "GINE_OBS_D": null, "GINE_OBS_H": null, "GINE_QUI_D": null, "GINE_QUI_H": null, "CIRG_GRL_D": null, "CIRG_GRL_H": null, "TRAUMATO_D": null, "TRAUMATO_H": null, "TRAU_QUI_D": null, "TRAU_QUI_H": null, "OFTALMO_D": null, "OFTALMO_H": null, "OTORRINO_D": null, "OTORRINO_H": null, "UROLOGIA_D": null, "UROLOGIA_H": null, "UROL_QUI_D": null, "UROL_QUI_H": null, "CARDIO_D": null, "CARDIO_H": null }, "geometry": null },
{ "type": "Feature", "properties": { "ID": "69", "DEPTO": "Cochabamba", "COD_DEPTO": 30000, "NOM_EESS": "CScI. Pocona", "COD_EESS": 300329, "DIRECCION": "pocona", "CONTACTO": "cel 72236127", "HORARIO_ATN": "24 horas / 7 dias", "CONS_ENFER": null, "CONS_EXTER": "8:00 a 16:00pm, dias: lunes a viernes", "URG_EMERG": "SI", "URG_EMER_D": "24 hrs. - 7 dias de la semana", "INTERNACION": "SI", "INTERNAC_D": "24 hrs. - 7 dias de la semana", "N_CAMAS": "2", "N_CUNAS": "0", "AMBUL_TP_1": "2", "AMBUL_TP_2": "0", "AMBUL_TP_3": "0", "AMBUL_TP_4": "0", "ECOGRAF_D": null, "ECOGRAF_H": null, "LAB_CLI_D": null, "LAB_CLI_H": null, "FARMAC_D": "Lunes a Viernes", "FARMAC_H": "08:00 a 16:00", "TELEMED_D": null, "TELEMED_H": null, "ODON_AMB_D": "Miercoles a Viernes", "ODON_AMB_H": "08:00 a 14:00", "LAB_BAS_D": null, "LAB_BAS_H": null, "RAYOS_X_D": null, "RAYOS_X_H": null, "FISIOTRP_D": null, "FISIOTRP_H": null, "ECO_CARD_D": null, "ECO_CARD_H": null, "PEDIATRI_D": null, "PEDIATRI_H": null, "MED_INT_D": null, "MED_INT_H": null, "GINE_OBS_D": null, "GINE_OBS_H": null, "GINE_QUI_D": null, "GINE_QUI_H": null, "CIRG_GRL_D": null, "CIRG_GRL_H": null, "TRAUMATO_D": null, "TRAUMATO_H": null, "TRAU_QUI_D": null, "TRAU_QUI_H": null, "OFTALMO_D": null, "OFTALMO_H": null, "OTORRINO_D": null, "OTORRINO_H": null, "UROLOGIA_D": null, "UROLOGIA_H": null, "UROL_QUI_D": null, "UROL_QUI_H": null, "CARDIO_D": null, "CARDIO_H": null }, "geometry": null },
{ "type": "Feature", "properties": { "ID": "70", "DEPTO": "Cochabamba", "COD_DEPTO": 30000, "NOM_EESS": "CSA. Qhopy", "COD_EESS": 300330, "DIRECCION": "qhopy", "CONTACTO": "cel.74811406", "HORARIO_ATN": "8 horas de lunes a domingo por 21 dias", "CONS_ENFER": null, "CONS_EXTER": null, "URG_EMERG": "SI", "URG_EMER_D": "Lunes a Domingo- 08:00 a 16:00 (21 dias)", "INTERNACION": "NO", "INTERNAC_D": null, "N_CAMAS": "2", "N_CUNAS": "0", "AMBUL_TP_1": "0", "AMBUL_TP_2": "0", "AMBUL_TP_3": "0", "AMBUL_TP_4": "0", "ECOGRAF_D": null, "ECOGRAF_H": null, "LAB_CLI_D": null, "LAB_CLI_H": null, "FARMAC_D": null, "FARMAC_H": null, "TELEMED_D": null, "TELEMED_H": null, "ODON_AMB_D": null, "ODON_AMB_H": null, "LAB_BAS_D": null, "LAB_BAS_H": null, "RAYOS_X_D": null, "RAYOS_X_H": null, "FISIOTRP_D": null, "FISIOTRP_H": null, "ECO_CARD_D": null, "ECO_CARD_H": null, "PEDIATRI_D": null, "PEDIATRI_H": null, "MED_INT_D": null, "MED_INT_H": null, "GINE_OBS_D": null, "GINE_OBS_H": null, "GINE_QUI_D": null, "GINE_QUI_H": null, "CIRG_GRL_D": null, "CIRG_GRL_H": null, "TRAUMATO_D": null, "TRAUMATO_H": null, "TRAU_QUI_D": null, "TRAU_QUI_H": null, "OFTALMO_D": null, "OFTALMO_H": null, "OTORRINO_D": null, "OTORRINO_H": null, "UROLOGIA_D": null, "UROLOGIA_H": null, "UROL_QUI_D": null, "UROL_QUI_H": null, "CARDIO_D": null, "CARDIO_H": null }, "geometry": null },
{ "type": "Feature", "properties": { "ID": "71", "DEPTO": "Cochabamba", "COD_DEPTO": 30000, "NOM_EESS": "PS. Quewiña Pampa", "COD_EESS": 300331, "DIRECCION": "quewiñapampa", "CONTACTO": "cel.63854635", "HORARIO_ATN": "8 horas de lunes a domingo por 21 dias", "CONS_ENFER": null, "CONS_EXTER": null, "URG_EMERG": "SI", "URG_EMER_D": "Lunes a Domingo- 08:00 a 16:00 (21 dias)", "INTERNACION": "NO", "INTERNAC_D": null, "N_CAMAS": "1", "N_CUNAS": "0", "AMBUL_TP_1": "0", "AMBUL_TP_2": "0", "AMBUL_TP_3": "0", "AMBUL_TP_4": "0", "ECOGRAF_D": null, "ECOGRAF_H": null, "LAB_CLI_D": null, "LAB_CLI_H": null, "FARMAC_D": null, "FARMAC_H": null, "TELEMED_D": null, "TELEMED_H": null, "ODON_AMB_D": null, "ODON_AMB_H": null, "LAB_BAS_D": null, "LAB_BAS_H": null, "RAYOS_X_D": null, "RAYOS_X_H": null, "FISIOTRP_D": null, "FISIOTRP_H": null, "ECO_CARD_D": null, "ECO_CARD_H": null, "PEDIATRI_D": null, "PEDIATRI_H": null, "MED_INT_D": null, "MED_INT_H": null, "GINE_OBS_D": null, "GINE_OBS_H": null, "GINE_QUI_D": null, "GINE_QUI_H": null, "CIRG_GRL_D": null, "CIRG_GRL_H": null, "TRAUMATO_D": null, "TRAUMATO_H": null, "TRAU_QUI_D": null, "TRAU_QUI_H": null, "OFTALMO_D": null, "OFTALMO_H": null, "OTORRINO_D": null, "OTORRINO_H": null, "UROLOGIA_D": null, "UROLOGIA_H": null, "UROL_QUI_D": null, "UROL_QUI_H": null, "CARDIO_D": null, "CARDIO_H": null }, "geometry": null },
{ "type": "Feature", "properties": { "ID": "72", "DEPTO": "Cochabamba", "COD_DEPTO": 30000, "NOM_EESS": "CSA. Wayapacha", "COD_EESS": 300332, "DIRECCION": "wayapacha", "CONTACTO": "cel.71713331", "HORARIO_ATN": "24 horas / 7 dias ", "CONS_ENFER": null, "CONS_EXTER": "8 hrs de lunes a viernes", "URG_EMERG": "SI", "URG_EMER_D": "24 hrs. - 7 dias de la semana", "INTERNACION": "SI", "INTERNAC_D": "24 hrs. - 7 dias de la semana", "N_CAMAS": "1", "N_CUNAS": "0", "AMBUL_TP_1": "0", "AMBUL_TP_2": "0", "AMBUL_TP_3": "0", "AMBUL_TP_4": "0", "ECOGRAF_D": null, "ECOGRAF_H": null, "LAB_CLI_D": null, "LAB_CLI_H": null, "FARMAC_D": null, "FARMAC_H": null, "TELEMED_D": null, "TELEMED_H": null, "ODON_AMB_D": null, "ODON_AMB_H": null, "LAB_BAS_D": null, "LAB_BAS_H": null, "RAYOS_X_D": null, "RAYOS_X_H": null, "FISIOTRP_D": null, "FISIOTRP_H": null, "ECO_CARD_D": null, "ECO_CARD_H": null, "PEDIATRI_D": null, "PEDIATRI_H": null, "MED_INT_D": null, "MED_INT_H": null, "GINE_OBS_D": null, "GINE_OBS_H": null, "GINE_QUI_D": null, "GINE_QUI_H": null, "CIRG_GRL_D": null, "CIRG_GRL_H": null, "TRAUMATO_D": null, "TRAUMATO_H": null, "TRAU_QUI_D": null, "TRAU_QUI_H": null, "OFTALMO_D": null, "OFTALMO_H": null, "OTORRINO_D": null, "OTORRINO_H": null, "UROLOGIA_D": null, "UROLOGIA_H": null, "UROL_QUI_D": null, "UROL_QUI_H": null, "CARDIO_D": null, "CARDIO_H": null }, "geometry": null },
{ "type": "Feature", "properties": { "ID": "73", "DEPTO": "Cochabamba", "COD_DEPTO": 30000, "NOM_EESS": "PS. Yurak Molino", "COD_EESS": 300333, "DIRECCION": "yuraj molino", "CONTACTO": "cel.74376244", "HORARIO_ATN": "24 horas / 7 dias ", "CONS_ENFER": null, "CONS_EXTER": "8 hrs de lunes a viernes", "URG_EMERG": "SI", "URG_EMER_D": "24 hrs. - 7 dias de la semana", "INTERNACION": "SI", "INTERNAC_D": "Transitoria - 24 hrs. - 7 dias de la semana", "N_CAMAS": "1", "N_CUNAS": "0", "AMBUL_TP_1": "0", "AMBUL_TP_2": "0", "AMBUL_TP_3": "0", "AMBUL_TP_4": "0", "ECOGRAF_D": null, "ECOGRAF_H": null, "LAB_CLI_D": null, "LAB_CLI_H": null, "FARMAC_D": null, "FARMAC_H": null, "TELEMED_D": null, "TELEMED_H": null, "ODON_AMB_D": "Lunes a Viernes", "ODON_AMB_H": "08:00-12:00 y 14:00-18:00", "LAB_BAS_D": null, "LAB_BAS_H": null, "RAYOS_X_D": null, "RAYOS_X_H": null, "FISIOTRP_D": null, "FISIOTRP_H": null, "ECO_CARD_D": null, "ECO_CARD_H": null, "PEDIATRI_D": null, "PEDIATRI_H": null, "MED_INT_D": null, "MED_INT_H": null, "GINE_OBS_D": null, "GINE_OBS_H": null, "GINE_QUI_D": null, "GINE_QUI_H": null, "CIRG_GRL_D": null, "CIRG_GRL_H": null, "TRAUMATO_D": null, "TRAUMATO_H": null, "TRAU_QUI_D": null, "TRAU_QUI_H": null, "OFTALMO_D": null, "OFTALMO_H": null, "OTORRINO_D": null, "OTORRINO_H": null, "UROLOGIA_D": null, "UROLOGIA_H": null, "UROL_QUI_D": null, "UROL_QUI_H": null, "CARDIO_D": null, "CARDIO_H": null }, "geometry": null },
{ "type": "Feature", "properties": { "ID": "74", "DEPTO": "Cochabamba", "COD_DEPTO": 30000, "NOM_EESS": "CScI. Villa Rivero", "COD_EESS": 300386, "DIRECCION": "av. gualberto villarroel", "CONTACTO": "fono 4570669", "HORARIO_ATN": "24 horas /7 dias", "CONS_ENFER": null, "CONS_EXTER": "8:00 a 16:00, lunes a viernes", "URG_EMERG": "Si", "URG_EMER_D": "24 horas 7 dias", "INTERNACION": "Si", "INTERNAC_D": "24 horas 7 dias", "N_CAMAS": "5", "N_CUNAS": "0", "AMBUL_TP_1": "0", "AMBUL_TP_2": "0", "AMBUL_TP_3": "0", "AMBUL_TP_4": "0", "ECOGRAF_D": null, "ECOGRAF_H": null, "LAB_CLI_D": null, "LAB_CLI_H": null, "FARMAC_D": null, "FARMAC_H": null, "TELEMED_D": null, "TELEMED_H": null, "ODON_AMB_D": "lunes a viernes", "ODON_AMB_H": "8:00 a 16:00pm", "LAB_BAS_D": "lunes a viernes", "LAB_BAS_H": "8:00 a 16:00pm", "RAYOS_X_D": null, "RAYOS_X_H": null, "FISIOTRP_D": "lunes a viernes", "FISIOTRP_H": "8:00 a 16:00 pm", "ECO_CARD_D": null, "ECO_CARD_H": null, "PEDIATRI_D": null, "PEDIATRI_H": null, "MED_INT_D": null, "MED_INT_H": null, "GINE_OBS_D": null, "GINE_OBS_H": null, "GINE_QUI_D": null, "GINE_QUI_H": null, "CIRG_GRL_D": null, "CIRG_GRL_H": null, "TRAUMATO_D": null, "TRAUMATO_H": null, "TRAU_QUI_D": null, "TRAU_QUI_H": null, "OFTALMO_D": null, "OFTALMO_H": null, "OTORRINO_D": null, "OTORRINO_H": null, "UROLOGIA_D": null, "UROLOGIA_H": null, "UROL_QUI_D": null, "UROL_QUI_H": null, "CARDIO_D": null, "CARDIO_H": null }, "geometry": null },
{ "type": "Feature", "properties": { "ID": "75", "DEPTO": "Cochabamba", "COD_DEPTO": 30000, "NOM_EESS": "PS. Sunchu Pampa", "COD_EESS": 300392, "DIRECCION": "plaza principal de sunchu pampa acera sud", "CONTACTO": "72734395 aux. yovana arispe", "HORARIO_ATN": "5 dias/8 horas 8:00am - 18:00 pm", "CONS_ENFER": null, "CONS_EXTER": "8hrs / 5 dias", "URG_EMERG": "no", "URG_EMER_D": "no", "INTERNACION": "no", "INTERNAC_D": null, "N_CAMAS": "1", "N_CUNAS": "0", "AMBUL_TP_1": "0", "AMBUL_TP_2": "0", "AMBUL_TP_3": "0", "AMBUL_TP_4": "0", "ECOGRAF_D": null, "ECOGRAF_H": null, "LAB_CLI_D": null, "LAB_CLI_H": null, "FARMAC_D": null, "FARMAC_H": null, "TELEMED_D": null, "TELEMED_H": null, "ODON_AMB_D": "lunes a viernes", "ODON_AMB_H": "8:00 a 16:00", "LAB_BAS_D": null, "LAB_BAS_H": null, "RAYOS_X_D": null, "RAYOS_X_H": null, "FISIOTRP_D": null, "FISIOTRP_H": null, "ECO_CARD_D": null, "ECO_CARD_H": null, "PEDIATRI_D": null, "PEDIATRI_H": null, "MED_INT_D": null, "MED_INT_H": null, "GINE_OBS_D": null, "GINE_OBS_H": null, "GINE_QUI_D": null, "GINE_QUI_H": null, "CIRG_GRL_D": null, "CIRG_GRL_H": null, "TRAUMATO_D": null, "TRAUMATO_H": null, "TRAU_QUI_D": null, "TRAU_QUI_H": null, "OFTALMO_D": null, "OFTALMO_H": null, "OTORRINO_D": null, "OTORRINO_H": null, "UROLOGIA_D": null, "UROLOGIA_H": null, "UROL_QUI_D": null, "UROL_QUI_H": null, "CARDIO_D": null, "CARDIO_H": null }, "geometry": null },
{ "type": "Feature", "properties": { "ID": "76", "DEPTO": "Cochabamba", "COD_DEPTO": 30000, "NOM_EESS": "CScI. Laguna Carmen", "COD_EESS": 300389, "DIRECCION": "plaza principal de laguna carmen acera sud", "CONTACTO": "65311643 dr rudy quinteros", "HORARIO_ATN": "5 dias/8 horas 8:00am - 16:00 pm", "CONS_ENFER": null, "CONS_EXTER": "8hrs / 5 dias", "URG_EMERG": "no", "URG_EMER_D": "no", "INTERNACION": "no", "INTERNAC_D": null, "N_CAMAS": "1", "N_CUNAS": "0", "AMBUL_TP_1": "0", "AMBUL_TP_2": "0", "AMBUL_TP_3": "0", "AMBUL_TP_4": "0", "ECOGRAF_D": null, "ECOGRAF_H": null, "LAB_CLI_D": null, "LAB_CLI_H": null, "FARMAC_D": null, "FARMAC_H": null, "TELEMED_D": null, "TELEMED_H": null, "ODON_AMB_D": "lunes a viernes", "ODON_AMB_H": "8:00 a 16:00", "LAB_BAS_D": null, "LAB_BAS_H": null, "RAYOS_X_D": null, "RAYOS_X_H": null, "FISIOTRP_D": null, "FISIOTRP_H": null, "ECO_CARD_D": null, "ECO_CARD_H": null, "PEDIATRI_D": null, "PEDIATRI_H": null, "MED_INT_D": null, "MED_INT_H": null, "GINE_OBS_D": null, "GINE_OBS_H": null, "GINE_QUI_D": null, "GINE_QUI_H": null, "CIRG_GRL_D": null, "CIRG_GRL_H": null, "TRAUMATO_D": null, "TRAUMATO_H": null, "TRAU_QUI_D": null, "TRAU_QUI_H": null, "OFTALMO_D": null, "OFTALMO_H": null, "OTORRINO_D": null, "OTORRINO_H": null, "UROLOGIA_D": null, "UROLOGIA_H": null, "UROL_QUI_D": null, "UROL_QUI_H": null, "CARDIO_D": null, "CARDIO_H": null }, "geometry": null },
{ "type": "Feature", "properties": { "ID": "77", "DEPTO": "Cochabamba", "COD_DEPTO": 30000, "NOM_EESS": "CScI. Paracaya", "COD_EESS": 300391, "DIRECCION": "carretera antigua cbba-santa cruz km45 av. manuel a. villarroel", "CONTACTO": null, "HORARIO_ATN": "24 horas /7 dias", "CONS_ENFER": null, "CONS_EXTER": "enfermeria (7/12 hrs), safci-mi salud (5/6hrs)", "URG_EMERG": "Si", "URG_EMER_D": "7 dias/24hrs", "INTERNACION": "si", "INTERNAC_D": null, "N_CAMAS": "6", "N_CUNAS": "0", "AMBUL_TP_1": "0", "AMBUL_TP_2": "0", "AMBUL_TP_3": "0", "AMBUL_TP_4": "0", "ECOGRAF_D": null, "ECOGRAF_H": null, "LAB_CLI_D": null, "LAB_CLI_H": null, "FARMAC_D": null, "FARMAC_H": null, "TELEMED_D": null, "TELEMED_H": null, "ODON_AMB_D": "lunes a viernes", "ODON_AMB_H": "8:00 a 16:00", "LAB_BAS_D": "lunes a viernes", "LAB_BAS_H": "8:00 a 16:00", "RAYOS_X_D": null, "RAYOS_X_H": null, "FISIOTRP_D": null, "FISIOTRP_H": null, "ECO_CARD_D": null, "ECO_CARD_H": null, "PEDIATRI_D": null, "PEDIATRI_H": null, "MED_INT_D": null, "MED_INT_H": null, "GINE_OBS_D": null, "GINE_OBS_H": null, "GINE_QUI_D": null, "GINE_QUI_H": null, "CIRG_GRL_D": null, "CIRG_GRL_H": null, "TRAUMATO_D": null, "TRAUMATO_H": null, "TRAU_QUI_D": null, "TRAU_QUI_H": null, "OFTALMO_D": null, "OFTALMO_H": null, "OTORRINO_D": null, "OTORRINO_H": null, "UROLOGIA_D": null, "UROLOGIA_H": null, "UROL_QUI_D": null, "UROL_QUI_H": null, "CARDIO_D": null, "CARDIO_H": null }, "geometry": null },
{ "type": "Feature", "properties": { "ID": "78", "DEPTO": "Cochabamba", "COD_DEPTO": 30000, "NOM_EESS": "PS. Alisu Mayu", "COD_EESS": 300387, "DIRECCION": "comunidad de alisumayu", "CONTACTO": null, "HORARIO_ATN": "5 dias/8 horas 8:00am - 16:00 pm", "CONS_ENFER": null, "CONS_EXTER": "8hrs/5 dias", "URG_EMERG": "no", "URG_EMER_D": "no", "INTERNACION": "no", "INTERNAC_D": null, "N_CAMAS": "1", "N_CUNAS": "0", "AMBUL_TP_1": "0", "AMBUL_TP_2": "0", "AMBUL_TP_3": "0", "AMBUL_TP_4": "0", "ECOGRAF_D": null, "ECOGRAF_H": null, "LAB_CLI_D": null, "LAB_CLI_H": null, "FARMAC_D": null, "FARMAC_H": null, "TELEMED_D": null, "TELEMED_H": null, "ODON_AMB_D": null, "ODON_AMB_H": null, "LAB_BAS_D": null, "LAB_BAS_H": null, "RAYOS_X_D": null, "RAYOS_X_H": null, "FISIOTRP_D": null, "FISIOTRP_H": null, "ECO_CARD_D": null, "ECO_CARD_H": null, "PEDIATRI_D": null, "PEDIATRI_H": null, "MED_INT_D": null, "MED_INT_H": null, "GINE_OBS_D": null, "GINE_OBS_H": null, "GINE_QUI_D": null, "GINE_QUI_H": null, "CIRG_GRL_D": null, "CIRG_GRL_H": null, "TRAUMATO_D": null, "TRAUMATO_H": null, "TRAU_QUI_D": null, "TRAU_QUI_H": null, "OFTALMO_D": null, "OFTALMO_H": null, "OTORRINO_D": null, "OTORRINO_H": null, "UROLOGIA_D": null, "UROLOGIA_H": null, "UROL_QUI_D": null, "UROL_QUI_H": null, "CARDIO_D": null, "CARDIO_H": null }, "geometry": null },
{ "type": "Feature", "properties": { "ID": "79", "DEPTO": "Cochabamba", "COD_DEPTO": 30000, "NOM_EESS": "CScI. San Francisco", "COD_EESS": 300393, "DIRECCION": "comunidad san francisco", "CONTACTO": null, "HORARIO_ATN": "6 horas de lunes a viernes", "CONS_ENFER": null, "CONS_EXTER": "8:00 a 16:00, lunes a viernes", "URG_EMERG": "Si", "URG_EMER_D": "8 horas 5 dias", "INTERNACION": "no", "INTERNAC_D": null, "N_CAMAS": "0", "N_CUNAS": "0", "AMBUL_TP_1": "0", "AMBUL_TP_2": "0", "AMBUL_TP_3": "0", "AMBUL_TP_4": "0", "ECOGRAF_D": null, "ECOGRAF_H": null, "LAB_CLI_D": null, "LAB_CLI_H": null, "FARMAC_D": null, "FARMAC_H": null, "TELEMED_D": null, "TELEMED_H": null, "ODON_AMB_D": null, "ODON_AMB_H": null, "LAB_BAS_D": null, "LAB_BAS_H": null, "RAYOS_X_D": null, "RAYOS_X_H": null, "FISIOTRP_D": null, "FISIOTRP_H": null, "ECO_CARD_D": null, "ECO_CARD_H": null, "PEDIATRI_D": null, "PEDIATRI_H": null, "MED_INT_D": null, "MED_INT_H": null, "GINE_OBS_D": null, "GINE_OBS_H": null, "GINE_QUI_D": null, "GINE_QUI_H": null, "CIRG_GRL_D": null, "CIRG_GRL_H": null, "TRAUMATO_D": null, "TRAUMATO_H": null, "TRAU_QUI_D": null, "TRAU_QUI_H": null, "OFTALMO_D": null, "OFTALMO_H": null, "OTORRINO_D": null, "OTORRINO_H": null, "UROLOGIA_D": null, "UROLOGIA_H": null, "UROL_QUI_D": null, "UROL_QUI_H": null, "CARDIO_D": null, "CARDIO_H": null }, "geometry": null },
{ "type": "Feature", "properties": { "ID": "80", "DEPTO": "Cochabamba", "COD_DEPTO": 30000, "NOM_EESS": "CScI. Tacachi", "COD_EESS": 300394, "DIRECCION": "porvenir y educacional", "CONTACTO": "contacto 71435682", "HORARIO_ATN": "24 horas/7 dias", "CONS_ENFER": null, "CONS_EXTER": "safci-mi salud y telesalud8:00 - 16:00 lun-vier", "URG_EMERG": "Si", "URG_EMER_D": "24 horas / 7 dias", "INTERNACION": "si", "INTERNAC_D": null, "N_CAMAS": "3", "N_CUNAS": "0", "AMBUL_TP_1": "0", "AMBUL_TP_2": "0", "AMBUL_TP_3": "0", "AMBUL_TP_4": "0", "ECOGRAF_D": null, "ECOGRAF_H": null, "LAB_CLI_D": null, "LAB_CLI_H": null, "FARMAC_D": null, "FARMAC_H": null, "TELEMED_D": null, "TELEMED_H": null, "ODON_AMB_D": "lunes a viernes", "ODON_AMB_H": "8:00 a 16:00", "LAB_BAS_D": "lunes a viernes", "LAB_BAS_H": "8:00 a 16:00", "RAYOS_X_D": null, "RAYOS_X_H": null, "FISIOTRP_D": null, "FISIOTRP_H": null, "ECO_CARD_D": null, "ECO_CARD_H": null, "PEDIATRI_D": null, "PEDIATRI_H": null, "MED_INT_D": null, "MED_INT_H": null, "GINE_OBS_D": null, "GINE_OBS_H": null, "GINE_QUI_D": null, "GINE_QUI_H": null, "CIRG_GRL_D": null, "CIRG_GRL_H": null, "TRAUMATO_D": null, "TRAUMATO_H": null, "TRAU_QUI_D": null, "TRAU_QUI_H": null, "OFTALMO_D": null, "OFTALMO_H": null, "OTORRINO_D": null, "OTORRINO_H": null, "UROLOGIA_D": null, "UROLOGIA_H": null, "UROL_QUI_D": null, "UROL_QUI_H": null, "CARDIO_D": null, "CARDIO_H": null }, "geometry": null },
{ "type": "Feature", "properties": { "ID": "81", "DEPTO": "Cochabamba", "COD_DEPTO": 30000, "NOM_EESS": "CSA. Gualberto Villarroel", "COD_EESS": 300395, "DIRECCION": "final calle hermanos velarde otb cuchumuela (casco viejo)", "CONTACTO": null, "HORARIO_ATN": "24 horas /7 dias", "CONS_ENFER": null, "CONS_EXTER": "8:00 a 16:00, lunes a viernes", "URG_EMERG": "Si", "URG_EMER_D": "24 horas / 7 dias", "INTERNACION": "si", "INTERNAC_D": null, "N_CAMAS": "5", "N_CUNAS": "0", "AMBUL_TP_1": "0", "AMBUL_TP_2": "0", "AMBUL_TP_3": "0", "AMBUL_TP_4": "0", "ECOGRAF_D": null, "ECOGRAF_H": null, "LAB_CLI_D": null, "LAB_CLI_H": null, "FARMAC_D": "lunes a viernes", "FARMAC_H": "8:00 a 16:00", "TELEMED_D": null, "TELEMED_H": null, "ODON_AMB_D": "lunes a viernes", "ODON_AMB_H": "8:00 a 16:00pm", "LAB_BAS_D": "lunes a viernes", "LAB_BAS_H": "8:00 a 16:00", "RAYOS_X_D": null, "RAYOS_X_H": null, "FISIOTRP_D": null, "FISIOTRP_H": null, "ECO_CARD_D": null, "ECO_CARD_H": null, "PEDIATRI_D": null, "PEDIATRI_H": null, "MED_INT_D": null, "MED_INT_H": null, "GINE_OBS_D": null, "GINE_OBS_H": null, "GINE_QUI_D": null, "GINE_QUI_H": null, "CIRG_GRL_D": null, "CIRG_GRL_H": null, "TRAUMATO_D": null, "TRAUMATO_H": null, "TRAU_QUI_D": null, "TRAU_QUI_H": null, "OFTALMO_D": null, "OFTALMO_H": null, "OTORRINO_D": null, "OTORRINO_H": null, "UROLOGIA_D": null, "UROLOGIA_H": null, "UROL_QUI_D": null, "UROL_QUI_H": null, "CARDIO_D": null, "CARDIO_H": null }, "geometry": null },
{ "type": "Feature", "properties": { "ID": "82", "DEPTO": "Cochabamba", "COD_DEPTO": 30000, "NOM_EESS": "PS. Yana Rumi", "COD_EESS": 300396, "DIRECCION": "comunidad villa victoria", "CONTACTO": null, "HORARIO_ATN": "5 dias/ 8 horas", "CONS_ENFER": null, "CONS_EXTER": "8:00 a 16:00, lunes a viernes", "URG_EMERG": "Si", "URG_EMER_D": "8 horas / 5 dias (lunes a viernes)", "INTERNACION": "no", "INTERNAC_D": null, "N_CAMAS": "2", "N_CUNAS": "0", "AMBUL_TP_1": "0", "AMBUL_TP_2": "0", "AMBUL_TP_3": "0", "AMBUL_TP_4": "0", "ECOGRAF_D": null, "ECOGRAF_H": null, "LAB_CLI_D": null, "LAB_CLI_H": null, "FARMAC_D": null, "FARMAC_H": null, "TELEMED_D": null, "TELEMED_H": null, "ODON_AMB_D": null, "ODON_AMB_H": null, "LAB_BAS_D": null, "LAB_BAS_H": null, "RAYOS_X_D": null, "RAYOS_X_H": null, "FISIOTRP_D": null, "FISIOTRP_H": null, "ECO_CARD_D": null, "ECO_CARD_H": null, "PEDIATRI_D": null, "PEDIATRI_H": null, "MED_INT_D": null, "MED_INT_H": null, "GINE_OBS_D": null, "GINE_OBS_H": null, "GINE_QUI_D": null, "GINE_QUI_H": null, "CIRG_GRL_D": null, "CIRG_GRL_H": null, "TRAUMATO_D": null, "TRAUMATO_H": null, "TRAU_QUI_D": null, "TRAU_QUI_H": null, "OFTALMO_D": null, "OFTALMO_H": null, "OTORRINO_D": null, "OTORRINO_H": null, "UROLOGIA_D": null, "UROLOGIA_H": null, "UROL_QUI_D": null, "UROL_QUI_H": null, "CARDIO_D": null, "CARDIO_H": null }, "geometry": null },
{ "type": "Feature", "properties": { "ID": "83", "DEPTO": "Cochabamba", "COD_DEPTO": 30000, "NOM_EESS": "CSA. Cotani Alto", "COD_EESS": 300402, "DIRECCION": "cotani alto", "CONTACTO": null, "HORARIO_ATN": "08:00 a 14:00 pm", "CONS_ENFER": null, "CONS_EXTER": "horas 8:00 a 14:00, lunes a viernes", "URG_EMERG": "no", "URG_EMER_D": "no", "INTERNACION": "no", "INTERNAC_D": null, "N_CAMAS": "1", "N_CUNAS": "0", "AMBUL_TP_1": "0", "AMBUL_TP_2": "0", "AMBUL_TP_3": "0", "AMBUL_TP_4": "0", "ECOGRAF_D": null, "ECOGRAF_H": null, "LAB_CLI_D": null, "LAB_CLI_H": null, "FARMAC_D": null, "FARMAC_H": null, "TELEMED_D": null, "TELEMED_H": null, "ODON_AMB_D": null, "ODON_AMB_H": null, "LAB_BAS_D": null, "LAB_BAS_H": null, "RAYOS_X_D": null, "RAYOS_X_H": null, "FISIOTRP_D": null, "FISIOTRP_H": null, "ECO_CARD_D": null, "ECO_CARD_H": null, "PEDIATRI_D": null, "PEDIATRI_H": null, "MED_INT_D": null, "MED_INT_H": null, "GINE_OBS_D": null, "GINE_OBS_H": null, "GINE_QUI_D": null, "GINE_QUI_H": null, "CIRG_GRL_D": null, "CIRG_GRL_H": null, "TRAUMATO_D": null, "TRAUMATO_H": null, "TRAU_QUI_D": null, "TRAU_QUI_H": null, "OFTALMO_D": null, "OFTALMO_H": null, "OTORRINO_D": null, "OTORRINO_H": null, "UROLOGIA_D": null, "UROLOGIA_H": null, "UROL_QUI_D": null, "UROL_QUI_H": null, "CARDIO_D": null, "CARDIO_H": null }, "geometry": null },
{ "type": "Feature", "properties": { "ID": "84", "DEPTO": "Cochabamba", "COD_DEPTO": 30000, "NOM_EESS": "PS. Cotani Bajo", "COD_EESS": 300403, "DIRECCION": "cotani bajo", "CONTACTO": null, "HORARIO_ATN": "08:00 a 14:00pm", "CONS_ENFER": null, "CONS_EXTER": "horas 8:00 a 14:00, lunes a viernes", "URG_EMERG": "no", "URG_EMER_D": "no", "INTERNACION": "no", "INTERNAC_D": null, "N_CAMAS": "1", "N_CUNAS": "0", "AMBUL_TP_1": "0", "AMBUL_TP_2": "0", "AMBUL_TP_3": "0", "AMBUL_TP_4": "0", "ECOGRAF_D": null, "ECOGRAF_H": null, "LAB_CLI_D": null, "LAB_CLI_H": null, "FARMAC_D": null, "FARMAC_H": null, "TELEMED_D": null, "TELEMED_H": null, "ODON_AMB_D": "lunes a viernes", "ODON_AMB_H": "8:00 a 16:00pm", "LAB_BAS_D": null, "LAB_BAS_H": null, "RAYOS_X_D": null, "RAYOS_X_H": null, "FISIOTRP_D": null, "FISIOTRP_H": null, "ECO_CARD_D": null, "ECO_CARD_H": null, "PEDIATRI_D": null, "PEDIATRI_H": null, "MED_INT_D": null, "MED_INT_H": null, "GINE_OBS_D": null, "GINE_OBS_H": null, "GINE_QUI_D": null, "GINE_QUI_H": null, "CIRG_GRL_D": null, "CIRG_GRL_H": null, "TRAUMATO_D": null, "TRAUMATO_H": null, "TRAU_QUI_D": null, "TRAU_QUI_H": null, "OFTALMO_D": null, "OFTALMO_H": null, "OTORRINO_D": null, "OTORRINO_H": null, "UROLOGIA_D": null, "UROLOGIA_H": null, "UROL_QUI_D": null, "UROL_QUI_H": null, "CARDIO_D": null, "CARDIO_H": null }, "geometry": null },
{ "type": "Feature", "properties": { "ID": "85", "DEPTO": "Cochabamba", "COD_DEPTO": 30000, "NOM_EESS": "PS. Iskay Wasi", "COD_EESS": 300405, "DIRECCION": "iskay wasi", "CONTACTO": null, "HORARIO_ATN": "08:00 a 14:00pm", "CONS_ENFER": null, "CONS_EXTER": "horas 8:00 a 14:00, lunes a viernes", "URG_EMERG": "no", "URG_EMER_D": "no", "INTERNACION": "no", "INTERNAC_D": null, "N_CAMAS": "1", "N_CUNAS": "0", "AMBUL_TP_1": "0", "AMBUL_TP_2": "0", "AMBUL_TP_3": "0", "AMBUL_TP_4": "0", "ECOGRAF_D": null, "ECOGRAF_H": null, "LAB_CLI_D": null, "LAB_CLI_H": null, "FARMAC_D": null, "FARMAC_H": null, "TELEMED_D": null, "TELEMED_H": null, "ODON_AMB_D": null, "ODON_AMB_H": null, "LAB_BAS_D": null, "LAB_BAS_H": null, "RAYOS_X_D": null, "RAYOS_X_H": null, "FISIOTRP_D": null, "FISIOTRP_H": null, "ECO_CARD_D": null, "ECO_CARD_H": null, "PEDIATRI_D": null, "PEDIATRI_H": null, "MED_INT_D": null, "MED_INT_H": null, "GINE_OBS_D": null, "GINE_OBS_H": null, "GINE_QUI_D": null, "GINE_QUI_H": null, "CIRG_GRL_D": null, "CIRG_GRL_H": null, "TRAUMATO_D": null, "TRAUMATO_H": null, "TRAU_QUI_D": null, "TRAU_QUI_H": null, "OFTALMO_D": null, "OFTALMO_H": null, "OTORRINO_D": null, "OTORRINO_H": null, "UROLOGIA_D": null, "UROLOGIA_H": null, "UROL_QUI_D": null, "UROL_QUI_H": null, "CARDIO_D": null, "CARDIO_H": null }, "geometry": null },
{ "type": "Feature", "properties": { "ID": "86", "DEPTO": "Cochabamba", "COD_DEPTO": 30000, "NOM_EESS": "PS. Kaspicancha Alta", "COD_EESS": 300406, "DIRECCION": "kaspi cancha", "CONTACTO": null, "HORARIO_ATN": "08:00 a 14:00pm", "CONS_ENFER": null, "CONS_EXTER": "horas 8:00 a 14:00, lunes a viernes", "URG_EMERG": "no", "URG_EMER_D": "no", "INTERNACION": "no", "INTERNAC_D": null, "N_CAMAS": "1", "N_CUNAS": "0", "AMBUL_TP_1": "0", "AMBUL_TP_2": "0", "AMBUL_TP_3": "0", "AMBUL_TP_4": "0", "ECOGRAF_D": null, "ECOGRAF_H": null, "LAB_CLI_D": null, "LAB_CLI_H": null, "FARMAC_D": null, "FARMAC_H": null, "TELEMED_D": null, "TELEMED_H": null, "ODON_AMB_D": "lunes a viernes", "ODON_AMB_H": "8:00 a 16:00pm", "LAB_BAS_D": null, "LAB_BAS_H": null, "RAYOS_X_D": null, "RAYOS_X_H": null, "FISIOTRP_D": null, "FISIOTRP_H": null, "ECO_CARD_D": null, "ECO_CARD_H": null, "PEDIATRI_D": null, "PEDIATRI_H": null, "MED_INT_D": null, "MED_INT_H": null, "GINE_OBS_D": null, "GINE_OBS_H": null, "GINE_QUI_D": null, "GINE_QUI_H": null, "CIRG_GRL_D": null, "CIRG_GRL_H": null, "TRAUMATO_D": null, "TRAUMATO_H": null, "TRAU_QUI_D": null, "TRAU_QUI_H": null, "OFTALMO_D": null, "OFTALMO_H": null, "OTORRINO_D": null, "OTORRINO_H": null, "UROLOGIA_D": null, "UROLOGIA_H": null, "UROL_QUI_D": null, "UROL_QUI_H": null, "CARDIO_D": null, "CARDIO_H": null }, "geometry": null },
{ "type": "Feature", "properties": { "ID": "87", "DEPTO": "Cochabamba", "COD_DEPTO": 30000, "NOM_EESS": "CSA. Kayarani", "COD_EESS": 300407, "DIRECCION": "kayarani", "CONTACTO": null, "HORARIO_ATN": "08:00 a 16:00", "CONS_ENFER": null, "CONS_EXTER": "horas 8:00 a 14:00, lunes a viernes", "URG_EMERG": "no", "URG_EMER_D": "no", "INTERNACION": "no", "INTERNAC_D": null, "N_CAMAS": "1", "N_CUNAS": "0", "AMBUL_TP_1": "0", "AMBUL_TP_2": "0", "AMBUL_TP_3": "0", "AMBUL_TP_4": "0", "ECOGRAF_D": null, "ECOGRAF_H": null, "LAB_CLI_D": null, "LAB_CLI_H": null, "FARMAC_D": null, "FARMAC_H": null, "TELEMED_D": null, "TELEMED_H": null, "ODON_AMB_D": "lunes a viernes", "ODON_AMB_H": "8:00 a 16:00pm", "LAB_BAS_D": null, "LAB_BAS_H": null, "RAYOS_X_D": null, "RAYOS_X_H": null, "FISIOTRP_D": null, "FISIOTRP_H": null, "ECO_CARD_D": null, "ECO_CARD_H": null, "PEDIATRI_D": null, "PEDIATRI_H": null, "MED_INT_D": null, "MED_INT_H": null, "GINE_OBS_D": null, "GINE_OBS_H": null, "GINE_QUI_D": null, "GINE_QUI_H": null, "CIRG_GRL_D": null, "CIRG_GRL_H": null, "TRAUMATO_D": null, "TRAUMATO_H": null, "TRAU_QUI_D": null, "TRAU_QUI_H": null, "OFTALMO_D": null, "OFTALMO_H": null, "OTORRINO_D": null, "OTORRINO_H": null, "UROLOGIA_D": null, "UROLOGIA_H": null, "UROL_QUI_D": null, "UROL_QUI_H": null, "CARDIO_D": null, "CARDIO_H": null }, "geometry": null },
{ "type": "Feature", "properties": { "ID": "88", "DEPTO": "Cochabamba", "COD_DEPTO": 30000, "NOM_EESS": "PS. Koari", "COD_EESS": 300410, "DIRECCION": "koari", "CONTACTO": null, "HORARIO_ATN": "08:00 a 14:00pm", "CONS_ENFER": null, "CONS_EXTER": "horas 8:00 a 14:00, lunes a viernes", "URG_EMERG": "no", "URG_EMER_D": "no", "INTERNACION": "no", "INTERNAC_D": null, "N_CAMAS": "1", "N_CUNAS": "0", "AMBUL_TP_1": "0", "AMBUL_TP_2": "0", "AMBUL_TP_3": "0", "AMBUL_TP_4": "0", "ECOGRAF_D": null, "ECOGRAF_H": null, "LAB_CLI_D": null, "LAB_CLI_H": null, "FARMAC_D": null, "FARMAC_H": null, "TELEMED_D": null, "TELEMED_H": null, "ODON_AMB_D": "lunes a viernes", "ODON_AMB_H": "8:00 a 16:00pm", "LAB_BAS_D": null, "LAB_BAS_H": null, "RAYOS_X_D": null, "RAYOS_X_H": null, "FISIOTRP_D": null, "FISIOTRP_H": null, "ECO_CARD_D": null, "ECO_CARD_H": null, "PEDIATRI_D": null, "PEDIATRI_H": null, "MED_INT_D": null, "MED_INT_H": null, "GINE_OBS_D": null, "GINE_OBS_H": null, "GINE_QUI_D": null, "GINE_QUI_H": null, "CIRG_GRL_D": null, "CIRG_GRL_H": null, "TRAUMATO_D": null, "TRAUMATO_H": null, "TRAU_QUI_D": null, "TRAU_QUI_H": null, "OFTALMO_D": null, "OFTALMO_H": null, "OTORRINO_D": null, "OTORRINO_H": null, "UROLOGIA_D": null, "UROLOGIA_H": null, "UROL_QUI_D": null, "UROL_QUI_H": null, "CARDIO_D": null, "CARDIO_H": null }, "geometry": null },
{ "type": "Feature", "properties": { "ID": "89", "DEPTO": "Cochabamba", "COD_DEPTO": 30000, "NOM_EESS": "CSA. Sankayani", "COD_EESS": 300411, "DIRECCION": "sankayani", "CONTACTO": null, "HORARIO_ATN": "08:00 a 14:00pm", "CONS_ENFER": null, "CONS_EXTER": "horas 8:00 a 14:00, lunes a viernes", "URG_EMERG": "no", "URG_EMER_D": "no", "INTERNACION": "no", "INTERNAC_D": null, "N_CAMAS": "1", "N_CUNAS": "0", "AMBUL_TP_1": "0", "AMBUL_TP_2": "0", "AMBUL_TP_3": "0", "AMBUL_TP_4": "0", "ECOGRAF_D": null, "ECOGRAF_H": null, "LAB_CLI_D": null, "LAB_CLI_H": null, "FARMAC_D": null, "FARMAC_H": null, "TELEMED_D": null, "TELEMED_H": null, "ODON_AMB_D": "lunes a viernes", "ODON_AMB_H": "8:00 a 16:00pm", "LAB_BAS_D": null, "LAB_BAS_H": null, "RAYOS_X_D": null, "RAYOS_X_H": null, "FISIOTRP_D": null, "FISIOTRP_H": null, "ECO_CARD_D": null, "ECO_CARD_H": null, "PEDIATRI_D": null, "PEDIATRI_H": null, "MED_INT_D": null, "MED_INT_H": null, "GINE_OBS_D": null, "GINE_OBS_H": null, "GINE_QUI_D": null, "GINE_QUI_H": null, "CIRG_GRL_D": null, "CIRG_GRL_H": null, "TRAUMATO_D": null, "TRAUMATO_H": null, "TRAU_QUI_D": null, "TRAU_QUI_H": null, "OFTALMO_D": null, "OFTALMO_H": null, "OTORRINO_D": null, "OTORRINO_H": null, "UROLOGIA_D": null, "UROLOGIA_H": null, "UROL_QUI_D": null, "UROL_QUI_H": null, "CARDIO_D": null, "CARDIO_H": null }, "geometry": null },
{ "type": "Feature", "properties": { "ID": "90", "DEPTO": "Cochabamba", "COD_DEPTO": 30000, "NOM_EESS": "CS. Tiraque", "COD_EESS": 300414, "DIRECCION": "av. santa cruz", "CONTACTO": null, "HORARIO_ATN": "atención 24 horas / 7 dias", "CONS_ENFER": null, "CONS_EXTER": "6 horas y 5 dias.", "URG_EMERG": "Si", "URG_EMER_D": "24 horas / 7 dias", "INTERNACION": "si", "INTERNAC_D": null, "N_CAMAS": "5", "N_CUNAS": "1", "AMBUL_TP_1": "0", "AMBUL_TP_2": "0", "AMBUL_TP_3": "0", "AMBUL_TP_4": "0", "ECOGRAF_D": "lunes a viernes", "ECOGRAF_H": "8 a 16:00", "LAB_CLI_D": null, "LAB_CLI_H": null, "FARMAC_D": null, "FARMAC_H": null, "TELEMED_D": null, "TELEMED_H": null, "ODON_AMB_D": "lunes a viernes", "ODON_AMB_H": "8:00 am a 16:00pm", "LAB_BAS_D": "lunes a viernes", "LAB_BAS_H": "24 horas / 7 dias", "RAYOS_X_D": null, "RAYOS_X_H": null, "FISIOTRP_D": "lunes a viernes", "FISIOTRP_H": "8:00 a 16", "ECO_CARD_D": null, "ECO_CARD_H": null, "PEDIATRI_D": "lunes a viernes", "PEDIATRI_H": "8 a 14:00", "MED_INT_D": null, "MED_INT_H": null, "GINE_OBS_D": "lunes a viernes", "GINE_OBS_H": "8 a 14:00", "GINE_QUI_D": null, "GINE_QUI_H": null, "CIRG_GRL_D": null, "CIRG_GRL_H": null, "TRAUMATO_D": null, "TRAUMATO_H": null, "TRAU_QUI_D": null, "TRAU_QUI_H": null, "OFTALMO_D": null, "OFTALMO_H": null, "OTORRINO_D": null, "OTORRINO_H": null, "UROLOGIA_D": null, "UROLOGIA_H": null, "UROL_QUI_D": null, "UROL_QUI_H": null, "CARDIO_D": null, "CARDIO_H": null }, "geometry": null },
{ "type": "Feature", "properties": { "ID": "91", "DEPTO": "Cochabamba", "COD_DEPTO": 30000, "NOM_EESS": "PS. Pairumani", "COD_EESS": 300415, "DIRECCION": "pairumani", "CONTACTO": null, "HORARIO_ATN": "08:00 a 14:00pm", "CONS_ENFER": null, "CONS_EXTER": "horas 8:00 a 14:00, lunes a viernes", "URG_EMERG": "no", "URG_EMER_D": "no", "INTERNACION": "no", "INTERNAC_D": null, "N_CAMAS": "1", "N_CUNAS": "0", "AMBUL_TP_1": "0", "AMBUL_TP_2": "0", "AMBUL_TP_3": "0", "AMBUL_TP_4": "0", "ECOGRAF_D": null, "ECOGRAF_H": null, "LAB_CLI_D": null, "LAB_CLI_H": null, "FARMAC_D": null, "FARMAC_H": null, "TELEMED_D": null, "TELEMED_H": null, "ODON_AMB_D": "lunes a viernes", "ODON_AMB_H": "8:00 a 16:00pm", "LAB_BAS_D": null, "LAB_BAS_H": null, "RAYOS_X_D": null, "RAYOS_X_H": null, "FISIOTRP_D": null, "FISIOTRP_H": null, "ECO_CARD_D": null, "ECO_CARD_H": null, "PEDIATRI_D": null, "PEDIATRI_H": null, "MED_INT_D": null, "MED_INT_H": null, "GINE_OBS_D": null, "GINE_OBS_H": null, "GINE_QUI_D": null, "GINE_QUI_H": null, "CIRG_GRL_D": null, "CIRG_GRL_H": null, "TRAUMATO_D": null, "TRAUMATO_H": null, "TRAU_QUI_D": null, "TRAU_QUI_H": null, "OFTALMO_D": null, "OFTALMO_H": null, "OTORRINO_D": null, "OTORRINO_H": null, "UROLOGIA_D": null, "UROLOGIA_H": null, "UROL_QUI_D": null, "UROL_QUI_H": null, "CARDIO_D": null, "CARDIO_H": null }, "geometry": null },
{ "type": "Feature", "properties": { "ID": "92", "DEPTO": "Cochabamba", "COD_DEPTO": 30000, "NOM_EESS": "PS. Iluri", "COD_EESS": 300416, "DIRECCION": "iluri", "CONTACTO": null, "HORARIO_ATN": "08:00 a 14:00pm", "CONS_ENFER": null, "CONS_EXTER": "horas 8:00 a 14:00, lunes a viernes", "URG_EMERG": "no", "URG_EMER_D": "no", "INTERNACION": "no", "INTERNAC_D": null, "N_CAMAS": "1", "N_CUNAS": "0", "AMBUL_TP_1": "0", "AMBUL_TP_2": "0", "AMBUL_TP_3": "0", "AMBUL_TP_4": "0", "ECOGRAF_D": null, "ECOGRAF_H": null, "LAB_CLI_D": null, "LAB_CLI_H": null, "FARMAC_D": null, "FARMAC_H": null, "TELEMED_D": null, "TELEMED_H": null, "ODON_AMB_D": "lunes a viernes", "ODON_AMB_H": "8:00 a 16:00pm", "LAB_BAS_D": null, "LAB_BAS_H": null, "RAYOS_X_D": null, "RAYOS_X_H": null, "FISIOTRP_D": null, "FISIOTRP_H": null, "ECO_CARD_D": null, "ECO_CARD_H": null, "PEDIATRI_D": null, "PEDIATRI_H": null, "MED_INT_D": null, "MED_INT_H": null, "GINE_OBS_D": null, "GINE_OBS_H": null, "GINE_QUI_D": null, "GINE_QUI_H": null, "CIRG_GRL_D": null, "CIRG_GRL_H": null, "TRAUMATO_D": null, "TRAUMATO_H": null, "TRAU_QUI_D": null, "TRAU_QUI_H": null, "OFTALMO_D": null, "OFTALMO_H": null, "OTORRINO_D": null, "OTORRINO_H": null, "UROLOGIA_D": null, "UROLOGIA_H": null, "UROL_QUI_D": null, "UROL_QUI_H": null, "CARDIO_D": null, "CARDIO_H": null }, "geometry": null },
{ "type": "Feature", "properties": { "ID": "93", "DEPTO": "Cochabamba", "COD_DEPTO": 30000, "NOM_EESS": "PS. Toralapa", "COD_EESS": 300417, "DIRECCION": "toralapa", "CONTACTO": null, "HORARIO_ATN": "08:00 a 14:00pm", "CONS_ENFER": null, "CONS_EXTER": "horas 8:00 a 14:00, lunes a viernes", "URG_EMERG": "no", "URG_EMER_D": "no", "INTERNACION": "no", "INTERNAC_D": null, "N_CAMAS": "1", "N_CUNAS": "0", "AMBUL_TP_1": "0", "AMBUL_TP_2": "0", "AMBUL_TP_3": "0", "AMBUL_TP_4": "0", "ECOGRAF_D": null, "ECOGRAF_H": null, "LAB_CLI_D": null, "LAB_CLI_H": null, "FARMAC_D": null, "FARMAC_H": null, "TELEMED_D": null, "TELEMED_H": null, "ODON_AMB_D": "lunes a viernes", "ODON_AMB_H": "8:00 a 16:00pm", "LAB_BAS_D": null, "LAB_BAS_H": null, "RAYOS_X_D": null, "RAYOS_X_H": null, "FISIOTRP_D": null, "FISIOTRP_H": null, "ECO_CARD_D": null, "ECO_CARD_H": null, "PEDIATRI_D": null, "PEDIATRI_H": null, "MED_INT_D": null, "MED_INT_H": null, "GINE_OBS_D": null, "GINE_OBS_H": null, "GINE_QUI_D": null, "GINE_QUI_H": null, "CIRG_GRL_D": null, "CIRG_GRL_H": null, "TRAUMATO_D": null, "TRAUMATO_H": null, "TRAU_QUI_D": null, "TRAU_QUI_H": null, "OFTALMO_D": null, "OFTALMO_H": null, "OTORRINO_D": null, "OTORRINO_H": null, "UROLOGIA_D": null, "UROLOGIA_H": null, "UROL_QUI_D": null, "UROL_QUI_H": null, "CARDIO_D": null, "CARDIO_H": null }, "geometry": null },
{ "type": "Feature", "properties": { "ID": "94", "DEPTO": "Cochabamba", "COD_DEPTO": 30000, "NOM_EESS": "PS. Lagunitas", "COD_EESS": 300425, "DIRECCION": "comunidad de lagunita", "CONTACTO": null, "HORARIO_ATN": "6 horas / 5 dias", "CONS_ENFER": "promocion prevencion 6 horas/5 dias a la semana", "CONS_EXTER": "no", "URG_EMERG": "Si", "URG_EMER_D": "6 horas / 5 dias a la semana", "INTERNACION": "no", "INTERNAC_D": null, "N_CAMAS": "0", "N_CUNAS": "0", "AMBUL_TP_1": "0", "AMBUL_TP_2": "0", "AMBUL_TP_3": "0", "AMBUL_TP_4": "0", "ECOGRAF_D": null, "ECOGRAF_H": null, "LAB_CLI_D": null, "LAB_CLI_H": null, "FARMAC_D": null, "FARMAC_H": null, "TELEMED_D": null, "TELEMED_H": null, "ODON_AMB_D": null, "ODON_AMB_H": null, "LAB_BAS_D": null, "LAB_BAS_H": null, "RAYOS_X_D": null, "RAYOS_X_H": null, "FISIOTRP_D": null, "FISIOTRP_H": null, "ECO_CARD_D": null, "ECO_CARD_H": null, "PEDIATRI_D": null, "PEDIATRI_H": null, "MED_INT_D": null, "MED_INT_H": null, "GINE_OBS_D": null, "GINE_OBS_H": null, "GINE_QUI_D": null, "GINE_QUI_H": null, "CIRG_GRL_D": null, "CIRG_GRL_H": null, "TRAUMATO_D": null, "TRAUMATO_H": null, "TRAU_QUI_D": null, "TRAU_QUI_H": null, "OFTALMO_D": null, "OFTALMO_H": null, "OTORRINO_D": null, "OTORRINO_H": null, "UROLOGIA_D": null, "UROLOGIA_H": null, "UROL_QUI_D": null, "UROL_QUI_H": null, "CARDIO_D": null, "CARDIO_H": null }, "geometry": null },
{ "type": "Feature", "properties": { "ID": "95", "DEPTO": "Cochabamba", "COD_DEPTO": 30000, "NOM_EESS": "PS. Juntutuyo", "COD_EESS": 300427, "DIRECCION": "carretera mizque comunidad de juntu tuyu", "CONTACTO": "fono 74102761", "HORARIO_ATN": " 6 horas / 5 dias", "CONS_ENFER": null, "CONS_EXTER": "8:00 a 14:00, lunes a viernes", "URG_EMERG": "Si", "URG_EMER_D": "6 horas de lunes a viernes", "INTERNACION": "no", "INTERNAC_D": null, "N_CAMAS": "1", "N_CUNAS": "0", "AMBUL_TP_1": "0", "AMBUL_TP_2": "0", "AMBUL_TP_3": "0", "AMBUL_TP_4": "0", "ECOGRAF_D": null, "ECOGRAF_H": null, "LAB_CLI_D": null, "LAB_CLI_H": null, "FARMAC_D": null, "FARMAC_H": null, "TELEMED_D": null, "TELEMED_H": null, "ODON_AMB_D": null, "ODON_AMB_H": null, "LAB_BAS_D": null, "LAB_BAS_H": null, "RAYOS_X_D": null, "RAYOS_X_H": null, "FISIOTRP_D": null, "FISIOTRP_H": null, "ECO_CARD_D": null, "ECO_CARD_H": null, "PEDIATRI_D": null, "PEDIATRI_H": null, "MED_INT_D": null, "MED_INT_H": null, "GINE_OBS_D": null, "GINE_OBS_H": null, "GINE_QUI_D": null, "GINE_QUI_H": null, "CIRG_GRL_D": null, "CIRG_GRL_H": null, "TRAUMATO_D": null, "TRAUMATO_H": null, "TRAU_QUI_D": null, "TRAU_QUI_H": null, "OFTALMO_D": null, "OFTALMO_H": null, "OTORRINO_D": null, "OTORRINO_H": null, "UROLOGIA_D": null, "UROLOGIA_H": null, "UROL_QUI_D": null, "UROL_QUI_H": null, "CARDIO_D": null, "CARDIO_H": null }, "geometry": null },
{ "type": "Feature", "properties": { "ID": "96", "DEPTO": "Cochabamba", "COD_DEPTO": 30000, "NOM_EESS": "PS. Mama Huasi", "COD_EESS": 300475, "DIRECCION": "mamahuasi", "CONTACTO": "cel. 68520398", "HORARIO_ATN": "8 horas de lunes a domingo por 21 dias", "CONS_ENFER": null, "CONS_EXTER": null, "URG_EMERG": "SI", "URG_EMER_D": "Lunes a Domingo- 08:00 a 16:00 (21 dias)", "INTERNACION": "NO", "INTERNAC_D": null, "N_CAMAS": "2", "N_CUNAS": "0", "AMBUL_TP_1": "0", "AMBUL_TP_2": "0", "AMBUL_TP_3": "0", "AMBUL_TP_4": "0", "ECOGRAF_D": null, "ECOGRAF_H": null, "LAB_CLI_D": null, "LAB_CLI_H": null, "FARMAC_D": null, "FARMAC_H": null, "TELEMED_D": null, "TELEMED_H": null, "ODON_AMB_D": "Lunes a Viernes", "ODON_AMB_H": "08:00-12:00 y 14:00-18:00", "LAB_BAS_D": null, "LAB_BAS_H": null, "RAYOS_X_D": null, "RAYOS_X_H": null, "FISIOTRP_D": null, "FISIOTRP_H": null, "ECO_CARD_D": null, "ECO_CARD_H": null, "PEDIATRI_D": null, "PEDIATRI_H": null, "MED_INT_D": null, "MED_INT_H": null, "GINE_OBS_D": null, "GINE_OBS_H": null, "GINE_QUI_D": null, "GINE_QUI_H": null, "CIRG_GRL_D": null, "CIRG_GRL_H": null, "TRAUMATO_D": null, "TRAUMATO_H": null, "TRAU_QUI_D": null, "TRAU_QUI_H": null, "OFTALMO_D": null, "OFTALMO_H": null, "OTORRINO_D": null, "OTORRINO_H": null, "UROLOGIA_D": null, "UROLOGIA_H": null, "UROL_QUI_D": null, "UROL_QUI_H": null, "CARDIO_D": null, "CARDIO_H": null }, "geometry": null },
{ "type": "Feature", "properties": { "ID": "97", "DEPTO": "Cochabamba", "COD_DEPTO": 30000, "NOM_EESS": "PS. Saga-Saga", "COD_EESS": 300480, "DIRECCION": "comunidad de saga saga", "CONTACTO": null, "HORARIO_ATN": "8 horas / 5 dias", "CONS_ENFER": "promocion prevencion 6 horas/5 dias a la semana", "CONS_EXTER": "no", "URG_EMERG": "Si", "URG_EMER_D": "6 horas / 5 dias a la semana", "INTERNACION": "no", "INTERNAC_D": null, "N_CAMAS": "0", "N_CUNAS": "0", "AMBUL_TP_1": "0", "AMBUL_TP_2": "0", "AMBUL_TP_3": "0", "AMBUL_TP_4": "0", "ECOGRAF_D": null, "ECOGRAF_H": null, "LAB_CLI_D": null, "LAB_CLI_H": null, "FARMAC_D": null, "FARMAC_H": null, "TELEMED_D": null, "TELEMED_H": null, "ODON_AMB_D": null, "ODON_AMB_H": null, "LAB_BAS_D": null, "LAB_BAS_H": null, "RAYOS_X_D": null, "RAYOS_X_H": null, "FISIOTRP_D": null, "FISIOTRP_H": null, "ECO_CARD_D": null, "ECO_CARD_H": null, "PEDIATRI_D": null, "PEDIATRI_H": null, "MED_INT_D": null, "MED_INT_H": null, "GINE_OBS_D": null, "GINE_OBS_H": null, "GINE_QUI_D": null, "GINE_QUI_H": null, "CIRG_GRL_D": null, "CIRG_GRL_H": null, "TRAUMATO_D": null, "TRAUMATO_H": null, "TRAU_QUI_D": null, "TRAU_QUI_H": null, "OFTALMO_D": null, "OFTALMO_H": null, "OTORRINO_D": null, "OTORRINO_H": null, "UROLOGIA_D": null, "UROLOGIA_H": null, "UROL_QUI_D": null, "UROL_QUI_H": null, "CARDIO_D": null, "CARDIO_H": null }, "geometry": null },
{ "type": "Feature", "properties": { "ID": "98", "DEPTO": "Cochabamba", "COD_DEPTO": 30000, "NOM_EESS": "CScI. Monte Punku", "COD_EESS": 300515, "DIRECCION": "montepunku", "CONTACTO": "cel.63878945", "HORARIO_ATN": "24 horas / 7 dias ", "CONS_ENFER": null, "CONS_EXTER": "8 hrs de lunes a viernes", "URG_EMERG": "SI", "URG_EMER_D": "24 hrs. - 7 dias de la semana", "INTERNACION": "SI", "INTERNAC_D": "Transitoria - 24 hrs. - 7 dias de la semana", "N_CAMAS": "2", "N_CUNAS": "0", "AMBUL_TP_1": "0", "AMBUL_TP_2": "0", "AMBUL_TP_3": "0", "AMBUL_TP_4": "0", "ECOGRAF_D": null, "ECOGRAF_H": null, "LAB_CLI_D": null, "LAB_CLI_H": null, "FARMAC_D": null, "FARMAC_H": null, "TELEMED_D": null, "TELEMED_H": null, "ODON_AMB_D": null, "ODON_AMB_H": null, "LAB_BAS_D": null, "LAB_BAS_H": null, "RAYOS_X_D": null, "RAYOS_X_H": null, "FISIOTRP_D": null, "FISIOTRP_H": null, "ECO_CARD_D": null, "ECO_CARD_H": null, "PEDIATRI_D": null, "PEDIATRI_H": null, "MED_INT_D": null, "MED_INT_H": null, "GINE_OBS_D": null, "GINE_OBS_H": null, "GINE_QUI_D": null, "GINE_QUI_H": null, "CIRG_GRL_D": null, "CIRG_GRL_H": null, "TRAUMATO_D": null, "TRAUMATO_H": null, "TRAU_QUI_D": null, "TRAU_QUI_H": null, "OFTALMO_D": null, "OFTALMO_H": null, "OTORRINO_D": null, "OTORRINO_H": null, "UROLOGIA_D": null, "UROLOGIA_H": null, "UROL_QUI_D": null, "UROL_QUI_H": null, "CARDIO_D": null, "CARDIO_H": null }, "geometry": null },
{ "type": "Feature", "properties": { "ID": "99", "DEPTO": "Cochabamba", "COD_DEPTO": 30000, "NOM_EESS": "PS. Quewiñakasa", "COD_EESS": 300516, "DIRECCION": "quewiña kasa", "CONTACTO": "cel.63932686", "HORARIO_ATN": "8 horas de lunes a domingo por 21 dias", "CONS_ENFER": null, "CONS_EXTER": null, "URG_EMERG": "SI", "URG_EMER_D": "Lunes a Domingo- 08:00 a 16:00 (21 dias)", "INTERNACION": "NO", "INTERNAC_D": null, "N_CAMAS": "1", "N_CUNAS": "0", "AMBUL_TP_1": "0", "AMBUL_TP_2": "0", "AMBUL_TP_3": "0", "AMBUL_TP_4": "0", "ECOGRAF_D": null, "ECOGRAF_H": null, "LAB_CLI_D": null, "LAB_CLI_H": null, "FARMAC_D": null, "FARMAC_H": null, "TELEMED_D": null, "TELEMED_H": null, "ODON_AMB_D": "Lunes a Viernes", "ODON_AMB_H": "08:00-12:00 y 14:00-18:00", "LAB_BAS_D": null, "LAB_BAS_H": null, "RAYOS_X_D": null, "RAYOS_X_H": null, "FISIOTRP_D": null, "FISIOTRP_H": null, "ECO_CARD_D": null, "ECO_CARD_H": null, "PEDIATRI_D": null, "PEDIATRI_H": null, "MED_INT_D": null, "MED_INT_H": null, "GINE_OBS_D": null, "GINE_OBS_H": null, "GINE_QUI_D": null, "GINE_QUI_H": null, "CIRG_GRL_D": null, "CIRG_GRL_H": null, "TRAUMATO_D": null, "TRAUMATO_H": null, "TRAU_QUI_D": null, "TRAU_QUI_H": null, "OFTALMO_D": null, "OFTALMO_H": null, "OTORRINO_D": null, "OTORRINO_H": null, "UROLOGIA_D": null, "UROLOGIA_H": null, "UROL_QUI_D": null, "UROL_QUI_H": null, "CARDIO_D": null, "CARDIO_H": null }, "geometry": null },
{ "type": "Feature", "properties": { "ID": "100", "DEPTO": "Cochabamba", "COD_DEPTO": 30000, "NOM_EESS": "PS. Puyuhuasi", "COD_EESS": 300546, "DIRECCION": "phuyuhuasi", "CONTACTO": "cel.63680539", "HORARIO_ATN": "8 horas de lunes a domingo por 21 dias", "CONS_ENFER": null, "CONS_EXTER": null, "URG_EMERG": "SI", "URG_EMER_D": "Lunes a Domingo- 08:00 a 16:00 (21 dias)", "INTERNACION": "NO", "INTERNAC_D": null, "N_CAMAS": "2", "N_CUNAS": "0", "AMBUL_TP_1": "2", "AMBUL_TP_2": "0", "AMBUL_TP_3": "0", "AMBUL_TP_4": "0", "ECOGRAF_D": null, "ECOGRAF_H": null, "LAB_CLI_D": null, "LAB_CLI_H": null, "FARMAC_D": null, "FARMAC_H": null, "TELEMED_D": null, "TELEMED_H": null, "ODON_AMB_D": "Lunes a Viernes", "ODON_AMB_H": "08:00-12:00 y 14:00-18:00", "LAB_BAS_D": null, "LAB_BAS_H": null, "RAYOS_X_D": null, "RAYOS_X_H": null, "FISIOTRP_D": null, "FISIOTRP_H": null, "ECO_CARD_D": null, "ECO_CARD_H": null, "PEDIATRI_D": null, "PEDIATRI_H": null, "MED_INT_D": null, "MED_INT_H": null, "GINE_OBS_D": null, "GINE_OBS_H": null, "GINE_QUI_D": null, "GINE_QUI_H": null, "CIRG_GRL_D": null, "CIRG_GRL_H": null, "TRAUMATO_D": null, "TRAUMATO_H": null, "TRAU_QUI_D": null, "TRAU_QUI_H": null, "OFTALMO_D": null, "OFTALMO_H": null, "OTORRINO_D": null, "OTORRINO_H": null, "UROLOGIA_D": null, "UROLOGIA_H": null, "UROL_QUI_D": null, "UROL_QUI_H": null, "CARDIO_D": null, "CARDIO_H": null }, "geometry": null },
{ "type": "Feature", "properties": { "ID": "101", "DEPTO": "Cochabamba", "COD_DEPTO": 30000, "NOM_EESS": "PS. Mhiska Mayo", "COD_EESS": 300548, "DIRECCION": "miska mayu", "CONTACTO": null, "HORARIO_ATN": "08:00 a 14:00pm", "CONS_ENFER": null, "CONS_EXTER": "horas 8:00 a 14:00, lunes a viernes", "URG_EMERG": "no", "URG_EMER_D": "no", "INTERNACION": "no", "INTERNAC_D": null, "N_CAMAS": "1", "N_CUNAS": "0", "AMBUL_TP_1": "0", "AMBUL_TP_2": "0", "AMBUL_TP_3": "0", "AMBUL_TP_4": "0", "ECOGRAF_D": null, "ECOGRAF_H": null, "LAB_CLI_D": null, "LAB_CLI_H": null, "FARMAC_D": null, "FARMAC_H": null, "TELEMED_D": null, "TELEMED_H": null, "ODON_AMB_D": "lunes a viernes", "ODON_AMB_H": "8:00 a 16:00pm", "LAB_BAS_D": null, "LAB_BAS_H": null, "RAYOS_X_D": null, "RAYOS_X_H": null, "FISIOTRP_D": null, "FISIOTRP_H": null, "ECO_CARD_D": null, "ECO_CARD_H": null, "PEDIATRI_D": null, "PEDIATRI_H": null, "MED_INT_D": null, "MED_INT_H": null, "GINE_OBS_D": null, "GINE_OBS_H": null, "GINE_QUI_D": null, "GINE_QUI_H": null, "CIRG_GRL_D": null, "CIRG_GRL_H": null, "TRAUMATO_D": null, "TRAUMATO_H": null, "TRAU_QUI_D": null, "TRAU_QUI_H": null, "OFTALMO_D": null, "OFTALMO_H": null, "OTORRINO_D": null, "OTORRINO_H": null, "UROLOGIA_D": null, "UROLOGIA_H": null, "UROL_QUI_D": null, "UROL_QUI_H": null, "CARDIO_D": null, "CARDIO_H": null }, "geometry": null },
{ "type": "Feature", "properties": { "ID": "102", "DEPTO": "Cochabamba", "COD_DEPTO": 30000, "NOM_EESS": "PS. Huayca Cota", "COD_EESS": 300567, "DIRECCION": null, "CONTACTO": null, "HORARIO_ATN": "6 horas / 5 dias", "CONS_ENFER": "promocion- prevencion", "CONS_EXTER": null, "URG_EMERG": "no", "URG_EMER_D": "no", "INTERNACION": "no", "INTERNAC_D": null, "N_CAMAS": "1", "N_CUNAS": "0", "AMBUL_TP_1": "0", "AMBUL_TP_2": "0", "AMBUL_TP_3": "0", "AMBUL_TP_4": "0", "ECOGRAF_D": null, "ECOGRAF_H": null, "LAB_CLI_D": null, "LAB_CLI_H": null, "FARMAC_D": null, "FARMAC_H": null, "TELEMED_D": null, "TELEMED_H": null, "ODON_AMB_D": null, "ODON_AMB_H": null, "LAB_BAS_D": null, "LAB_BAS_H": null, "RAYOS_X_D": null, "RAYOS_X_H": null, "FISIOTRP_D": null, "FISIOTRP_H": null, "ECO_CARD_D": null, "ECO_CARD_H": null, "PEDIATRI_D": null, "PEDIATRI_H": null, "MED_INT_D": null, "MED_INT_H": null, "GINE_OBS_D": null, "GINE_OBS_H": null, "GINE_QUI_D": null, "GINE_QUI_H": null, "CIRG_GRL_D": null, "CIRG_GRL_H": null, "TRAUMATO_D": null, "TRAUMATO_H": null, "TRAU_QUI_D": null, "TRAU_QUI_H": null, "OFTALMO_D": null, "OFTALMO_H": null, "OTORRINO_D": null, "OTORRINO_H": null, "UROLOGIA_D": null, "UROLOGIA_H": null, "UROL_QUI_D": null, "UROL_QUI_H": null, "CARDIO_D": null, "CARDIO_H": null }, "geometry": null },
{ "type": "Feature", "properties": { "ID": "103", "DEPTO": "Cochabamba", "COD_DEPTO": 30000, "NOM_EESS": "CSA. Ayoma", "COD_EESS": 300569, "DIRECCION": "plazuela ayoma - acera norte", "CONTACTO": "71482014", "HORARIO_ATN": "8 horas / 5 dias a la semana", "CONS_ENFER": null, "CONS_EXTER": "08:00 a 16:00, lunes a viernes", "URG_EMERG": "SI", "URG_EMER_D": "Lunes a Viernes - 08:00 a 16:00", "INTERNACION": "SI", "INTERNAC_D": "Transitoria", "N_CAMAS": "0", "N_CUNAS": "2", "AMBUL_TP_1": "0", "AMBUL_TP_2": "1", "AMBUL_TP_3": "0", "AMBUL_TP_4": "0", "ECOGRAF_D": null, "ECOGRAF_H": "0", "LAB_CLI_D": null, "LAB_CLI_H": null, "FARMAC_D": null, "FARMAC_H": null, "TELEMED_D": null, "TELEMED_H": null, "ODON_AMB_D": null, "ODON_AMB_H": null, "LAB_BAS_D": null, "LAB_BAS_H": null, "RAYOS_X_D": null, "RAYOS_X_H": null, "FISIOTRP_D": null, "FISIOTRP_H": null, "ECO_CARD_D": null, "ECO_CARD_H": null, "PEDIATRI_D": null, "PEDIATRI_H": null, "MED_INT_D": null, "MED_INT_H": null, "GINE_OBS_D": null, "GINE_OBS_H": null, "GINE_QUI_D": null, "GINE_QUI_H": null, "CIRG_GRL_D": null, "CIRG_GRL_H": null, "TRAUMATO_D": null, "TRAUMATO_H": null, "TRAU_QUI_D": null, "TRAU_QUI_H": null, "OFTALMO_D": null, "OFTALMO_H": null, "OTORRINO_D": null, "OTORRINO_H": null, "UROLOGIA_D": null, "UROLOGIA_H": null, "UROL_QUI_D": null, "UROL_QUI_H": null, "CARDIO_D": null, "CARDIO_H": null }, "geometry": null },
{ "type": "Feature", "properties": { "ID": "104", "DEPTO": "Cochabamba", "COD_DEPTO": 30000, "NOM_EESS": "CScI. Vilaque", "COD_EESS": 300586, "DIRECCION": "comunidad vilaque - al lado de la escuela y frente al rio.", "CONTACTO": "76404022", "HORARIO_ATN": "8 horas / lunes a domingo por 20 dias", "CONS_ENFER": "promoción y prevención, de 08:00 a 12:00 y 14:00 a 18:00, 20 dias al mes", "CONS_EXTER": null, "URG_EMERG": "SI", "URG_EMER_D": "Lunes a Domingo - 08:00 a 18:00 (20 dias)", "INTERNACION": "NO", "INTERNAC_D": null, "N_CAMAS": "0", "N_CUNAS": "1", "AMBUL_TP_1": "0", "AMBUL_TP_2": "0", "AMBUL_TP_3": "0", "AMBUL_TP_4": "0", "ECOGRAF_D": null, "ECOGRAF_H": "0", "LAB_CLI_D": null, "LAB_CLI_H": null, "FARMAC_D": null, "FARMAC_H": null, "TELEMED_D": null, "TELEMED_H": null, "ODON_AMB_D": null, "ODON_AMB_H": null, "LAB_BAS_D": null, "LAB_BAS_H": null, "RAYOS_X_D": null, "RAYOS_X_H": null, "FISIOTRP_D": null, "FISIOTRP_H": null, "ECO_CARD_D": null, "ECO_CARD_H": null, "PEDIATRI_D": null, "PEDIATRI_H": null, "MED_INT_D": null, "MED_INT_H": null, "GINE_OBS_D": null, "GINE_OBS_H": null, "GINE_QUI_D": null, "GINE_QUI_H": null, "CIRG_GRL_D": null, "CIRG_GRL_H": null, "TRAUMATO_D": null, "TRAUMATO_H": null, "TRAU_QUI_D": null, "TRAU_QUI_H": null, "OFTALMO_D": null, "OFTALMO_H": null, "OTORRINO_D": null, "OTORRINO_H": null, "UROLOGIA_D": null, "UROLOGIA_H": null, "UROL_QUI_D": null, "UROL_QUI_H": null, "CARDIO_D": null, "CARDIO_H": null }, "geometry": null },
{ "type": "Feature", "properties": { "ID": "105", "DEPTO": "Cochabamba", "COD_DEPTO": 30000, "NOM_EESS": "PS. Thago Laguna", "COD_EESS": 300587, "DIRECCION": "comunidad thago laguna - al lado de la escuela.", "CONTACTO": "73751743", "HORARIO_ATN": "8 horas / lunes a domingo por 20 dias", "CONS_ENFER": "promoción y prevención, de 08:00 a 12:00 y 14:00 a 18:00, 20 dias al mes", "CONS_EXTER": null, "URG_EMERG": "SI", "URG_EMER_D": "Lunes a Domingo - 08:00 a 18:00 (20 dias)", "INTERNACION": "NO", "INTERNAC_D": null, "N_CAMAS": "0", "N_CUNAS": "0", "AMBUL_TP_1": "0", "AMBUL_TP_2": "0", "AMBUL_TP_3": "0", "AMBUL_TP_4": "0", "ECOGRAF_D": null, "ECOGRAF_H": "0", "LAB_CLI_D": null, "LAB_CLI_H": null, "FARMAC_D": null, "FARMAC_H": null, "TELEMED_D": null, "TELEMED_H": null, "ODON_AMB_D": null, "ODON_AMB_H": null, "LAB_BAS_D": null, "LAB_BAS_H": null, "RAYOS_X_D": null, "RAYOS_X_H": null, "FISIOTRP_D": null, "FISIOTRP_H": null, "ECO_CARD_D": null, "ECO_CARD_H": null, "PEDIATRI_D": null, "PEDIATRI_H": null, "MED_INT_D": null, "MED_INT_H": null, "GINE_OBS_D": null, "GINE_OBS_H": null, "GINE_QUI_D": null, "GINE_QUI_H": null, "CIRG_GRL_D": null, "CIRG_GRL_H": null, "TRAUMATO_D": null, "TRAUMATO_H": null, "TRAU_QUI_D": null, "TRAU_QUI_H": null, "OFTALMO_D": null, "OFTALMO_H": null, "OTORRINO_D": null, "OTORRINO_H": null, "UROLOGIA_D": null, "UROLOGIA_H": null, "UROL_QUI_D": null, "UROL_QUI_H": null, "CARDIO_D": null, "CARDIO_H": null }, "geometry": null },
{ "type": "Feature", "properties": { "ID": "106", "DEPTO": "Cochabamba", "COD_DEPTO": 30000, "NOM_EESS": "PS. Jatum Pampa", "COD_EESS": 300588, "DIRECCION": "jatumpampa", "CONTACTO": "cel.68599444", "HORARIO_ATN": "8 horas de lunes a domingo por 21 dias", "CONS_ENFER": null, "CONS_EXTER": null, "URG_EMERG": "SI", "URG_EMER_D": "Lunes a Domingo- 08:00 a 16:00 (21 dias)", "INTERNACION": "NO", "INTERNAC_D": null, "N_CAMAS": "0", "N_CUNAS": "0", "AMBUL_TP_1": "0", "AMBUL_TP_2": "0", "AMBUL_TP_3": "0", "AMBUL_TP_4": "0", "ECOGRAF_D": null, "ECOGRAF_H": null, "LAB_CLI_D": null, "LAB_CLI_H": null, "FARMAC_D": null, "FARMAC_H": null, "TELEMED_D": null, "TELEMED_H": null, "ODON_AMB_D": null, "ODON_AMB_H": null, "LAB_BAS_D": null, "LAB_BAS_H": null, "RAYOS_X_D": null, "RAYOS_X_H": null, "FISIOTRP_D": null, "FISIOTRP_H": null, "ECO_CARD_D": null, "ECO_CARD_H": null, "PEDIATRI_D": null, "PEDIATRI_H": null, "MED_INT_D": null, "MED_INT_H": null, "GINE_OBS_D": null, "GINE_OBS_H": null, "GINE_QUI_D": null, "GINE_QUI_H": null, "CIRG_GRL_D": null, "CIRG_GRL_H": null, "TRAUMATO_D": null, "TRAUMATO_H": null, "TRAU_QUI_D": null, "TRAU_QUI_H": null, "OFTALMO_D": null, "OFTALMO_H": null, "OTORRINO_D": null, "OTORRINO_H": null, "UROLOGIA_D": null, "UROLOGIA_H": null, "UROL_QUI_D": null, "UROL_QUI_H": null, "CARDIO_D": null, "CARDIO_H": null }, "geometry": null },
{ "type": "Feature", "properties": { "ID": "107", "DEPTO": "Cochabamba", "COD_DEPTO": 30000, "NOM_EESS": "CScI. 11 de Marzo", "COD_EESS": 300591, "DIRECCION": "av. de la integracion y cruce pajpani", "CONTACTO": null, "HORARIO_ATN": "24 horas/7 dias", "CONS_ENFER": null, "CONS_EXTER": "8:00 a 16:00, lunes a viernes", "URG_EMERG": "Si", "URG_EMER_D": "24 horas 7 dias", "INTERNACION": "Si", "INTERNAC_D": "transitoria 24 horas 7 dias", "N_CAMAS": "2", "N_CUNAS": "0", "AMBUL_TP_1": "0", "AMBUL_TP_2": "0", "AMBUL_TP_3": "0", "AMBUL_TP_4": "0", "ECOGRAF_D": null, "ECOGRAF_H": null, "LAB_CLI_D": null, "LAB_CLI_H": null, "FARMAC_D": null, "FARMAC_H": null, "TELEMED_D": null, "TELEMED_H": null, "ODON_AMB_D": null, "ODON_AMB_H": null, "LAB_BAS_D": null, "LAB_BAS_H": null, "RAYOS_X_D": null, "RAYOS_X_H": null, "FISIOTRP_D": null, "FISIOTRP_H": null, "ECO_CARD_D": null, "ECO_CARD_H": null, "PEDIATRI_D": null, "PEDIATRI_H": null, "MED_INT_D": null, "MED_INT_H": null, "GINE_OBS_D": null, "GINE_OBS_H": null, "GINE_QUI_D": null, "GINE_QUI_H": null, "CIRG_GRL_D": null, "CIRG_GRL_H": null, "TRAUMATO_D": null, "TRAUMATO_H": null, "TRAU_QUI_D": null, "TRAU_QUI_H": null, "OFTALMO_D": null, "OFTALMO_H": null, "OTORRINO_D": null, "OTORRINO_H": null, "UROLOGIA_D": null, "UROLOGIA_H": null, "UROL_QUI_D": null, "UROL_QUI_H": null, "CARDIO_D": null, "CARDIO_H": null }, "geometry": null },
{ "type": "Feature", "properties": { "ID": "108", "DEPTO": "Cochabamba", "COD_DEPTO": 30000, "NOM_EESS": "PS. Pataicuna", "COD_EESS": 300595, "DIRECCION": "a 150 km camino hacia yungas de vandiola", "CONTACTO": "72234557", "HORARIO_ATN": null, "CONS_ENFER": "prevención/promoción: 08:00 a 14:00", "CONS_EXTER": null, "URG_EMERG": "SI", "URG_EMER_D": "Lunes a Viernes - 08:00 a 16:00", "INTERNACION": "NO", "INTERNAC_D": null, "N_CAMAS": "0", "N_CUNAS": "2", "AMBUL_TP_1": "0", "AMBUL_TP_2": "0", "AMBUL_TP_3": "0", "AMBUL_TP_4": "0", "ECOGRAF_D": null, "ECOGRAF_H": "0", "LAB_CLI_D": null, "LAB_CLI_H": null, "FARMAC_D": null, "FARMAC_H": null, "TELEMED_D": null, "TELEMED_H": null, "ODON_AMB_D": null, "ODON_AMB_H": null, "LAB_BAS_D": null, "LAB_BAS_H": null, "RAYOS_X_D": null, "RAYOS_X_H": null, "FISIOTRP_D": null, "FISIOTRP_H": null, "ECO_CARD_D": null, "ECO_CARD_H": null, "PEDIATRI_D": null, "PEDIATRI_H": null, "MED_INT_D": null, "MED_INT_H": null, "GINE_OBS_D": null, "GINE_OBS_H": null, "GINE_QUI_D": null, "GINE_QUI_H": null, "CIRG_GRL_D": null, "CIRG_GRL_H": null, "TRAUMATO_D": null, "TRAUMATO_H": null, "TRAU_QUI_D": null, "TRAU_QUI_H": null, "OFTALMO_D": null, "OFTALMO_H": null, "OTORRINO_D": null, "OTORRINO_H": null, "UROLOGIA_D": null, "UROLOGIA_H": null, "UROL_QUI_D": null, "UROL_QUI_H": null, "CARDIO_D": null, "CARDIO_H": null }, "geometry": null },
{ "type": "Feature", "properties": { "ID": "109", "DEPTO": "Cochabamba", "COD_DEPTO": 30000, "NOM_EESS": "PS. Rodeo Bajo", "COD_EESS": 300610, "DIRECCION": "rodeo bajo", "CONTACTO": null, "HORARIO_ATN": "08:00 a 14:00pm", "CONS_ENFER": null, "CONS_EXTER": "horas 8:00 a 14:00, lunes a viernes", "URG_EMERG": "no", "URG_EMER_D": "no", "INTERNACION": "no", "INTERNAC_D": null, "N_CAMAS": "1", "N_CUNAS": "0", "AMBUL_TP_1": "0", "AMBUL_TP_2": "0", "AMBUL_TP_3": "0", "AMBUL_TP_4": "0", "ECOGRAF_D": null, "ECOGRAF_H": null, "LAB_CLI_D": null, "LAB_CLI_H": null, "FARMAC_D": null, "FARMAC_H": null, "TELEMED_D": null, "TELEMED_H": null, "ODON_AMB_D": "lunes a viernes", "ODON_AMB_H": "8:00 a 16:00pm", "LAB_BAS_D": null, "LAB_BAS_H": null, "RAYOS_X_D": null, "RAYOS_X_H": null, "FISIOTRP_D": null, "FISIOTRP_H": null, "ECO_CARD_D": null, "ECO_CARD_H": null, "PEDIATRI_D": null, "PEDIATRI_H": null, "MED_INT_D": null, "MED_INT_H": null, "GINE_OBS_D": null, "GINE_OBS_H": null, "GINE_QUI_D": null, "GINE_QUI_H": null, "CIRG_GRL_D": null, "CIRG_GRL_H": null, "TRAUMATO_D": null, "TRAUMATO_H": null, "TRAU_QUI_D": null, "TRAU_QUI_H": null, "OFTALMO_D": null, "OFTALMO_H": null, "OTORRINO_D": null, "OTORRINO_H": null, "UROLOGIA_D": null, "UROLOGIA_H": null, "UROL_QUI_D": null, "UROL_QUI_H": null, "CARDIO_D": null, "CARDIO_H": null }, "geometry": null },
{ "type": "Feature", "properties": { "ID": "110", "DEPTO": "Cochabamba", "COD_DEPTO": 30000, "NOM_EESS": "PS. Padre Suyo", "COD_EESS": 300618, "DIRECCION": "comunidad valle hermoso", "CONTACTO": "68465736", "HORARIO_ATN": "6 horas/5 dias", "CONS_ENFER": null, "CONS_EXTER": "lunes y viernes 08:00 a 14:00", "URG_EMERG": "SI", "URG_EMER_D": "Lunes a Viernes - 08:00 a 14:00", "INTERNACION": "NO", "INTERNAC_D": null, "N_CAMAS": "0", "N_CUNAS": "0", "AMBUL_TP_1": "0", "AMBUL_TP_2": "1", "AMBUL_TP_3": "0", "AMBUL_TP_4": "0", "ECOGRAF_D": null, "ECOGRAF_H": "0", "LAB_CLI_D": null, "LAB_CLI_H": null, "FARMAC_D": null, "FARMAC_H": null, "TELEMED_D": null, "TELEMED_H": null, "ODON_AMB_D": null, "ODON_AMB_H": null, "LAB_BAS_D": null, "LAB_BAS_H": null, "RAYOS_X_D": null, "RAYOS_X_H": null, "FISIOTRP_D": null, "FISIOTRP_H": null, "ECO_CARD_D": null, "ECO_CARD_H": null, "PEDIATRI_D": null, "PEDIATRI_H": null, "MED_INT_D": null, "MED_INT_H": null, "GINE_OBS_D": null, "GINE_OBS_H": null, "GINE_QUI_D": null, "GINE_QUI_H": null, "CIRG_GRL_D": null, "CIRG_GRL_H": null, "TRAUMATO_D": null, "TRAUMATO_H": null, "TRAU_QUI_D": null, "TRAU_QUI_H": null, "OFTALMO_D": null, "OFTALMO_H": null, "OTORRINO_D": null, "OTORRINO_H": null, "UROLOGIA_D": null, "UROLOGIA_H": null, "UROL_QUI_D": null, "UROL_QUI_H": null, "CARDIO_D": null, "CARDIO_H": null }, "geometry": null },
{ "type": "Feature", "properties": { "ID": "111", "DEPTO": "Cochabamba", "COD_DEPTO": 30000, "NOM_EESS": "CSA. Puka Pampa", "COD_EESS": 300619, "DIRECCION": "comunidad: pukapampa", "CONTACTO": "telef: 72204842", "HORARIO_ATN": "lunes a viernes de 08:00-16:00", "CONS_ENFER": "promocion y prevencion, lunes a viernes 08:00 a 14:00 ", "CONS_EXTER": "lunes a viernes 08:00 a 16:00", "URG_EMERG": "NO", "URG_EMER_D": null, "INTERNACION": "NO", "INTERNAC_D": null, "N_CAMAS": "0", "N_CUNAS": "0", "AMBUL_TP_1": "0", "AMBUL_TP_2": "0", "AMBUL_TP_3": "0", "AMBUL_TP_4": "0", "ECOGRAF_D": null, "ECOGRAF_H": null, "LAB_CLI_D": null, "LAB_CLI_H": null, "FARMAC_D": null, "FARMAC_H": null, "TELEMED_D": null, "TELEMED_H": null, "ODON_AMB_D": null, "ODON_AMB_H": null, "LAB_BAS_D": null, "LAB_BAS_H": null, "RAYOS_X_D": null, "RAYOS_X_H": null, "FISIOTRP_D": null, "FISIOTRP_H": null, "ECO_CARD_D": null, "ECO_CARD_H": null, "PEDIATRI_D": null, "PEDIATRI_H": null, "MED_INT_D": null, "MED_INT_H": null, "GINE_OBS_D": null, "GINE_OBS_H": null, "GINE_QUI_D": null, "GINE_QUI_H": null, "CIRG_GRL_D": null, "CIRG_GRL_H": null, "TRAUMATO_D": null, "TRAUMATO_H": null, "TRAU_QUI_D": null, "TRAU_QUI_H": null, "OFTALMO_D": null, "OFTALMO_H": null, "OTORRINO_D": null, "OTORRINO_H": null, "UROLOGIA_D": null, "UROLOGIA_H": null, "UROL_QUI_D": null, "UROL_QUI_H": null, "CARDIO_D": null, "CARDIO_H": null }, "geometry": null },
{ "type": "Feature", "properties": { "ID": "112", "DEPTO": "Cochabamba", "COD_DEPTO": 30000, "NOM_EESS": "PS. Challaque", "COD_EESS": 300621, "DIRECCION": "villa san isidro a lado de la escuela", "CONTACTO": "cel. 73941933", "HORARIO_ATN": "8 horas / 5 dias a la semana", "CONS_ENFER": null, "CONS_EXTER": "08:00 a 16:00, dias: lunes a viernes", "URG_EMERG": "NO", "URG_EMER_D": null, "INTERNACION": "NO", "INTERNAC_D": null, "N_CAMAS": "0", "N_CUNAS": "0", "AMBUL_TP_1": "0", "AMBUL_TP_2": "0", "AMBUL_TP_3": "0", "AMBUL_TP_4": "0", "ECOGRAF_D": null, "ECOGRAF_H": null, "LAB_CLI_D": null, "LAB_CLI_H": null, "FARMAC_D": null, "FARMAC_H": null, "TELEMED_D": null, "TELEMED_H": null, "ODON_AMB_D": null, "ODON_AMB_H": null, "LAB_BAS_D": null, "LAB_BAS_H": null, "RAYOS_X_D": null, "RAYOS_X_H": null, "FISIOTRP_D": null, "FISIOTRP_H": null, "ECO_CARD_D": null, "ECO_CARD_H": null, "PEDIATRI_D": null, "PEDIATRI_H": null, "MED_INT_D": null, "MED_INT_H": null, "GINE_OBS_D": null, "GINE_OBS_H": null, "GINE_QUI_D": null, "GINE_QUI_H": null, "CIRG_GRL_D": null, "CIRG_GRL_H": null, "TRAUMATO_D": null, "TRAUMATO_H": null, "TRAU_QUI_D": null, "TRAU_QUI_H": null, "OFTALMO_D": null, "OFTALMO_H": null, "OTORRINO_D": null, "OTORRINO_H": null, "UROLOGIA_D": null, "UROLOGIA_H": null, "UROL_QUI_D": null, "UROL_QUI_H": null, "CARDIO_D": null, "CARDIO_H": null }, "geometry": null },
{ "type": "Feature", "properties": { "ID": "113", "DEPTO": "Cochabamba", "COD_DEPTO": 30000, "NOM_EESS": "PS. Aranjuez", "COD_EESS": 300622, "DIRECCION": "a 6 km de arbieto al lado este", "CONTACTO": "Resp. de c.s. 73785742", "HORARIO_ATN": "8 horas/5 dias de la semana", "CONS_ENFER": null, "CONS_EXTER": "08:00 a 16:00, dias:lunes a viernes", "URG_EMERG": "SI", "URG_EMER_D": "Lunes a Viernes- 08:00 a 16:00", "INTERNACION": "NO", "INTERNAC_D": null, "N_CAMAS": "0", "N_CUNAS": "0", "AMBUL_TP_1": "0", "AMBUL_TP_2": "0", "AMBUL_TP_3": "0", "AMBUL_TP_4": "0", "ECOGRAF_D": null, "ECOGRAF_H": null, "LAB_CLI_D": null, "LAB_CLI_H": null, "FARMAC_D": null, "FARMAC_H": null, "TELEMED_D": null, "TELEMED_H": null, "ODON_AMB_D": null, "ODON_AMB_H": null, "LAB_BAS_D": null, "LAB_BAS_H": null, "RAYOS_X_D": null, "RAYOS_X_H": null, "FISIOTRP_D": null, "FISIOTRP_H": null, "ECO_CARD_D": null, "ECO_CARD_H": null, "PEDIATRI_D": null, "PEDIATRI_H": null, "MED_INT_D": null, "MED_INT_H": null, "GINE_OBS_D": null, "GINE_OBS_H": null, "GINE_QUI_D": null, "GINE_QUI_H": null, "CIRG_GRL_D": null, "CIRG_GRL_H": null, "TRAUMATO_D": null, "TRAUMATO_H": null, "TRAU_QUI_D": null, "TRAU_QUI_H": null, "OFTALMO_D": null, "OFTALMO_H": null, "OTORRINO_D": null, "OTORRINO_H": null, "UROLOGIA_D": null, "UROLOGIA_H": null, "UROL_QUI_D": null, "UROL_QUI_H": null, "CARDIO_D": null, "CARDIO_H": null }, "geometry": null },
{ "type": "Feature", "properties": { "ID": "114", "DEPTO": "Cochabamba", "COD_DEPTO": 30000, "NOM_EESS": "PS. Mamanaca", "COD_EESS": 300624, "DIRECCION": "dirección: carretera de tarata a cbba a 6 km", "CONTACTO": "Resp. de c.s. 71745811", "HORARIO_ATN": "8 horas/5 dias de la semana", "CONS_ENFER": null, "CONS_EXTER": "08:00 a 16:00, dias:lunes a viernes", "URG_EMERG": "SI", "URG_EMER_D": "Lunes a Viernes- 08:00 a 16:00", "INTERNACION": "NO", "INTERNAC_D": null, "N_CAMAS": "0", "N_CUNAS": "0", "AMBUL_TP_1": "0", "AMBUL_TP_2": "0", "AMBUL_TP_3": "0", "AMBUL_TP_4": "0", "ECOGRAF_D": null, "ECOGRAF_H": null, "LAB_CLI_D": null, "LAB_CLI_H": null, "FARMAC_D": null, "FARMAC_H": null, "TELEMED_D": null, "TELEMED_H": null, "ODON_AMB_D": null, "ODON_AMB_H": null, "LAB_BAS_D": null, "LAB_BAS_H": null, "RAYOS_X_D": null, "RAYOS_X_H": null, "FISIOTRP_D": null, "FISIOTRP_H": null, "ECO_CARD_D": null, "ECO_CARD_H": null, "PEDIATRI_D": null, "PEDIATRI_H": null, "MED_INT_D": null, "MED_INT_H": null, "GINE_OBS_D": null, "GINE_OBS_H": null, "GINE_QUI_D": null, "GINE_QUI_H": null, "CIRG_GRL_D": null, "CIRG_GRL_H": null, "TRAUMATO_D": null, "TRAUMATO_H": null, "TRAU_QUI_D": null, "TRAU_QUI_H": null, "OFTALMO_D": null, "OFTALMO_H": null, "OTORRINO_D": null, "OTORRINO_H": null, "UROLOGIA_D": null, "UROLOGIA_H": null, "UROL_QUI_D": null, "UROL_QUI_H": null, "CARDIO_D": null, "CARDIO_H": null }, "geometry": null },
{ "type": "Feature", "properties": { "ID": "115", "DEPTO": "Cochabamba", "COD_DEPTO": 30000, "NOM_EESS": "CSA. 20 de Octubre", "COD_EESS": 300625, "DIRECCION": "dirección: carretera a la ciudad de cbba a 25 km", "CONTACTO": "Resp. de c.s. 68506720", "HORARIO_ATN": "8 horas/5 dias de la semana", "CONS_ENFER": null, "CONS_EXTER": "08:00 a 16:00, dias:lunes a viernes", "URG_EMERG": "SI", "URG_EMER_D": "Lunes a Viernes- 08:00 a 16:00", "INTERNACION": "NO", "INTERNAC_D": null, "N_CAMAS": "0", "N_CUNAS": "0", "AMBUL_TP_1": "0", "AMBUL_TP_2": "0", "AMBUL_TP_3": "0", "AMBUL_TP_4": "0", "ECOGRAF_D": null, "ECOGRAF_H": null, "LAB_CLI_D": null, "LAB_CLI_H": null, "FARMAC_D": null, "FARMAC_H": null, "TELEMED_D": null, "TELEMED_H": null, "ODON_AMB_D": null, "ODON_AMB_H": null, "LAB_BAS_D": null, "LAB_BAS_H": null, "RAYOS_X_D": null, "RAYOS_X_H": null, "FISIOTRP_D": null, "FISIOTRP_H": null, "ECO_CARD_D": null, "ECO_CARD_H": null, "PEDIATRI_D": null, "PEDIATRI_H": null, "MED_INT_D": null, "MED_INT_H": null, "GINE_OBS_D": null, "GINE_OBS_H": null, "GINE_QUI_D": null, "GINE_QUI_H": null, "CIRG_GRL_D": null, "CIRG_GRL_H": null, "TRAUMATO_D": null, "TRAUMATO_H": null, "TRAU_QUI_D": null, "TRAU_QUI_H": null, "OFTALMO_D": null, "OFTALMO_H": null, "OTORRINO_D": null, "OTORRINO_H": null, "UROLOGIA_D": null, "UROLOGIA_H": null, "UROL_QUI_D": null, "UROL_QUI_H": null, "CARDIO_D": null, "CARDIO_H": null }, "geometry": null },
{ "type": "Feature", "properties": { "ID": "116", "DEPTO": "Cochabamba", "COD_DEPTO": 30000, "NOM_EESS": "CSA. Llave Mayu", "COD_EESS": 300626, "DIRECCION": "dirección: carretera a la ciudad de cbba a 25 km", "CONTACTO": "Resp. de c.s. 72293259", "HORARIO_ATN": "8 horas/5 dias de la semana", "CONS_ENFER": null, "CONS_EXTER": "08:00 a 16:00, dias:lunes a viernes", "URG_EMERG": "SI", "URG_EMER_D": "Lunes a Viernes- 08:00 a 16:00", "INTERNACION": "NO", "INTERNAC_D": null, "N_CAMAS": "0", "N_CUNAS": "0", "AMBUL_TP_1": "0", "AMBUL_TP_2": "0", "AMBUL_TP_3": "0", "AMBUL_TP_4": "0", "ECOGRAF_D": null, "ECOGRAF_H": null, "LAB_CLI_D": null, "LAB_CLI_H": null, "FARMAC_D": null, "FARMAC_H": null, "TELEMED_D": null, "TELEMED_H": null, "ODON_AMB_D": null, "ODON_AMB_H": null, "LAB_BAS_D": null, "LAB_BAS_H": null, "RAYOS_X_D": null, "RAYOS_X_H": null, "FISIOTRP_D": null, "FISIOTRP_H": null, "ECO_CARD_D": null, "ECO_CARD_H": null, "PEDIATRI_D": null, "PEDIATRI_H": null, "MED_INT_D": null, "MED_INT_H": null, "GINE_OBS_D": null, "GINE_OBS_H": null, "GINE_QUI_D": null, "GINE_QUI_H": null, "CIRG_GRL_D": null, "CIRG_GRL_H": null, "TRAUMATO_D": null, "TRAUMATO_H": null, "TRAU_QUI_D": null, "TRAU_QUI_H": null, "OFTALMO_D": null, "OFTALMO_H": null, "OTORRINO_D": null, "OTORRINO_H": null, "UROLOGIA_D": null, "UROLOGIA_H": null, "UROL_QUI_D": null, "UROL_QUI_H": null, "CARDIO_D": null, "CARDIO_H": null }, "geometry": null },
{ "type": "Feature", "properties": { "ID": "117", "DEPTO": "Cochabamba", "COD_DEPTO": 30000, "NOM_EESS": "PS. Boqueron Kasa", "COD_EESS": 300635, "DIRECCION": "boqueron kasa", "CONTACTO": null, "HORARIO_ATN": "08:00 a 16:00", "CONS_ENFER": null, "CONS_EXTER": "horas 8:00 a 14:00, lunes a viernes", "URG_EMERG": "no", "URG_EMER_D": "no", "INTERNACION": "no", "INTERNAC_D": null, "N_CAMAS": "1", "N_CUNAS": "0", "AMBUL_TP_1": "0", "AMBUL_TP_2": "0", "AMBUL_TP_3": "0", "AMBUL_TP_4": "0", "ECOGRAF_D": null, "ECOGRAF_H": null, "LAB_CLI_D": null, "LAB_CLI_H": null, "FARMAC_D": null, "FARMAC_H": null, "TELEMED_D": null, "TELEMED_H": null, "ODON_AMB_D": null, "ODON_AMB_H": null, "LAB_BAS_D": null, "LAB_BAS_H": null, "RAYOS_X_D": null, "RAYOS_X_H": null, "FISIOTRP_D": null, "FISIOTRP_H": null, "ECO_CARD_D": null, "ECO_CARD_H": null, "PEDIATRI_D": null, "PEDIATRI_H": null, "MED_INT_D": null, "MED_INT_H": null, "GINE_OBS_D": null, "GINE_OBS_H": null, "GINE_QUI_D": null, "GINE_QUI_H": null, "CIRG_GRL_D": null, "CIRG_GRL_H": null, "TRAUMATO_D": null, "TRAUMATO_H": null, "TRAU_QUI_D": null, "TRAU_QUI_H": null, "OFTALMO_D": null, "OFTALMO_H": null, "OTORRINO_D": null, "OTORRINO_H": null, "UROLOGIA_D": null, "UROLOGIA_H": null, "UROL_QUI_D": null, "UROL_QUI_H": null, "CARDIO_D": null, "CARDIO_H": null }, "geometry": null },
{ "type": "Feature", "properties": { "ID": "118", "DEPTO": "Cochabamba", "COD_DEPTO": 30000, "NOM_EESS": "PS. Serrano", "COD_EESS": 300636, "DIRECCION": "comunidad general serrano", "CONTACTO": null, "HORARIO_ATN": "8 horas / 5 dias", "CONS_ENFER": "promocion prevencion 6 horas/5 dias a la semana", "CONS_EXTER": "no", "URG_EMERG": "Si", "URG_EMER_D": "6 horas / 5 dias a la semana", "INTERNACION": "no", "INTERNAC_D": null, "N_CAMAS": "0", "N_CUNAS": "0", "AMBUL_TP_1": "0", "AMBUL_TP_2": "0", "AMBUL_TP_3": "0", "AMBUL_TP_4": "0", "ECOGRAF_D": null, "ECOGRAF_H": null, "LAB_CLI_D": null, "LAB_CLI_H": null, "FARMAC_D": null, "FARMAC_H": null, "TELEMED_D": null, "TELEMED_H": null, "ODON_AMB_D": null, "ODON_AMB_H": null, "LAB_BAS_D": null, "LAB_BAS_H": null, "RAYOS_X_D": null, "RAYOS_X_H": null, "FISIOTRP_D": null, "FISIOTRP_H": null, "ECO_CARD_D": null, "ECO_CARD_H": null, "PEDIATRI_D": null, "PEDIATRI_H": null, "MED_INT_D": null, "MED_INT_H": null, "GINE_OBS_D": null, "GINE_OBS_H": null, "GINE_QUI_D": null, "GINE_QUI_H": null, "CIRG_GRL_D": null, "CIRG_GRL_H": null, "TRAUMATO_D": null, "TRAUMATO_H": null, "TRAU_QUI_D": null, "TRAU_QUI_H": null, "OFTALMO_D": null, "OFTALMO_H": null, "OTORRINO_D": null, "OTORRINO_H": null, "UROLOGIA_D": null, "UROLOGIA_H": null, "UROL_QUI_D": null, "UROL_QUI_H": null, "CARDIO_D": null, "CARDIO_H": null }, "geometry": null },
{ "type": "Feature", "properties": { "ID": "119", "DEPTO": "Cochabamba", "COD_DEPTO": 30000, "NOM_EESS": "PS. San Benito", "COD_EESS": 300650, "DIRECCION": "kilometro 41 carretra antigua cbba santa cruz entrada a laimiña", "CONTACTO": "contcato: 4579180", "HORARIO_ATN": "24 horas /7 dias", "CONS_ENFER": null, "CONS_EXTER": "5 dias/8 hrs", "URG_EMERG": "Si", "URG_EMER_D": "(24 horas/7dias)", "INTERNACION": "si", "INTERNAC_D": null, "N_CAMAS": "12", "N_CUNAS": "0", "AMBUL_TP_1": "0", "AMBUL_TP_2": "0", "AMBUL_TP_3": "0", "AMBUL_TP_4": "0", "ECOGRAF_D": null, "ECOGRAF_H": null, "LAB_CLI_D": null, "LAB_CLI_H": null, "FARMAC_D": "lunes a viernes", "FARMAC_H": "8:00 a 16:00", "TELEMED_D": null, "TELEMED_H": null, "ODON_AMB_D": "lunes a viernes", "ODON_AMB_H": "8:00 a 16:00", "LAB_BAS_D": "lunes a viernes", "LAB_BAS_H": "8:00 a 16:00", "RAYOS_X_D": null, "RAYOS_X_H": null, "FISIOTRP_D": null, "FISIOTRP_H": null, "ECO_CARD_D": null, "ECO_CARD_H": null, "PEDIATRI_D": null, "PEDIATRI_H": null, "MED_INT_D": null, "MED_INT_H": null, "GINE_OBS_D": null, "GINE_OBS_H": null, "GINE_QUI_D": null, "GINE_QUI_H": null, "CIRG_GRL_D": null, "CIRG_GRL_H": null, "TRAUMATO_D": null, "TRAUMATO_H": null, "TRAU_QUI_D": null, "TRAU_QUI_H": null, "OFTALMO_D": null, "OFTALMO_H": null, "OTORRINO_D": null, "OTORRINO_H": null, "UROLOGIA_D": null, "UROLOGIA_H": null, "UROL_QUI_D": null, "UROL_QUI_H": null, "CARDIO_D": null, "CARDIO_H": null }, "geometry": null },
{ "type": "Feature", "properties": { "ID": "120", "DEPTO": "Cochabamba", "COD_DEPTO": 30000, "NOM_EESS": "CScI. Charakhosi", "COD_EESS": 300678, "DIRECCION": "charagosi", "CONTACTO": null, "HORARIO_ATN": "8 horas / 5 dias", "CONS_ENFER": "promocion- prevencion", "CONS_EXTER": null, "URG_EMERG": "no", "URG_EMER_D": "no", "INTERNACION": "no", "INTERNAC_D": null, "N_CAMAS": "1", "N_CUNAS": "0", "AMBUL_TP_1": "0", "AMBUL_TP_2": "0", "AMBUL_TP_3": "0", "AMBUL_TP_4": "0", "ECOGRAF_D": null, "ECOGRAF_H": null, "LAB_CLI_D": null, "LAB_CLI_H": null, "FARMAC_D": null, "FARMAC_H": null, "TELEMED_D": null, "TELEMED_H": null, "ODON_AMB_D": null, "ODON_AMB_H": null, "LAB_BAS_D": null, "LAB_BAS_H": null, "RAYOS_X_D": null, "RAYOS_X_H": null, "FISIOTRP_D": null, "FISIOTRP_H": null, "ECO_CARD_D": null, "ECO_CARD_H": null, "PEDIATRI_D": null, "PEDIATRI_H": null, "MED_INT_D": null, "MED_INT_H": null, "GINE_OBS_D": null, "GINE_OBS_H": null, "GINE_QUI_D": null, "GINE_QUI_H": null, "CIRG_GRL_D": null, "CIRG_GRL_H": null, "TRAUMATO_D": null, "TRAUMATO_H": null, "TRAU_QUI_D": null, "TRAU_QUI_H": null, "OFTALMO_D": null, "OFTALMO_H": null, "OTORRINO_D": null, "OTORRINO_H": null, "UROLOGIA_D": null, "UROLOGIA_H": null, "UROL_QUI_D": null, "UROL_QUI_H": null, "CARDIO_D": null, "CARDIO_H": null }, "geometry": null },
{ "type": "Feature", "properties": { "ID": "121", "DEPTO": "Cochabamba", "COD_DEPTO": 30000, "NOM_EESS": "CSA. Cliza", "COD_EESS": 300758, "DIRECCION": "zona norte a lado del arco de cliza calle baptista 0069", "CONTACTO": "79717313", "HORARIO_ATN": "8 horas / 5 dias a la semana", "CONS_ENFER": null, "CONS_EXTER": "08:00 a 12:00 a 14:00 a 16:00 dias: lunes a viernes", "URG_EMERG": "NO", "URG_EMER_D": null, "INTERNACION": null, "INTERNAC_D": null, "N_CAMAS": "0", "N_CUNAS": "0", "AMBUL_TP_1": "0", "AMBUL_TP_2": "0", "AMBUL_TP_3": "1", "AMBUL_TP_4": "0", "ECOGRAF_D": "0", "ECOGRAF_H": "0", "LAB_CLI_D": null, "LAB_CLI_H": null, "FARMAC_D": "Lunes a Viernes", "FARMAC_H": "08:00 a 16:00 pm", "TELEMED_D": null, "TELEMED_H": null, "ODON_AMB_D": "Lunes a viernes", "ODON_AMB_H": "08:00 a 14:00 hrs", "LAB_BAS_D": null, "LAB_BAS_H": null, "RAYOS_X_D": null, "RAYOS_X_H": null, "FISIOTRP_D": null, "FISIOTRP_H": null, "ECO_CARD_D": null, "ECO_CARD_H": null, "PEDIATRI_D": null, "PEDIATRI_H": null, "MED_INT_D": null, "MED_INT_H": null, "GINE_OBS_D": null, "GINE_OBS_H": null, "GINE_QUI_D": null, "GINE_QUI_H": null, "CIRG_GRL_D": null, "CIRG_GRL_H": null, "TRAUMATO_D": null, "TRAUMATO_H": null, "TRAU_QUI_D": null, "TRAU_QUI_H": null, "OFTALMO_D": null, "OFTALMO_H": null, "OTORRINO_D": null, "OTORRINO_H": null, "UROLOGIA_D": null, "UROLOGIA_H": null, "UROL_QUI_D": null, "UROL_QUI_H": null, "CARDIO_D": null, "CARDIO_H": null }, "geometry": null }
]
}
